frame_id,timestamp_s,decode_ms,preprocess_ms,inference_ms,postprocess_ms,ai_total_ms,pipeline_total_ms,ai_fps,pipeline_fps,display_fps,video_source_fps,method
1,0.439,0.00,5.11,433.28,0.23,438.61,438.62,2.3,2.3,0.0,25.0,gstreamer_multi
2,0.448,0.00,2.68,6.03,0.20,8.91,8.91,112.2,112.2,119.2,25.0,gstreamer_multi
3,0.457,0.00,3.16,5.54,0.18,8.89,8.89,112.5,112.5,69.2,25.0,gstreamer_multi
4,0.465,0.00,2.53,5.40,0.18,8.11,8.11,123.3,123.3,85.0,25.0,gstreamer_multi
5,0.474,0.00,2.41,6.03,0.17,8.61,8.61,116.2,116.2,96.4,25.0,gstreamer_multi
6,0.482,0.00,2.47,6.03,0.16,8.66,8.66,115.5,115.5,103.2,25.0,gstreamer_multi
7,0.493,0.00,3.07,7.80,0.19,11.05,11.06,90.5,90.4,108.8,25.0,gstreamer_multi
8,0.502,0.00,2.78,5.67,0.40,8.86,8.86,112.9,112.9,103.7,25.0,gstreamer_multi
9,0.532,0.00,2.35,4.91,0.17,7.43,7.43,134.6,134.5,86.0,25.0,gstreamer_multi
10,0.574,0.00,2.54,5.28,0.19,8.01,8.02,124.9,124.7,64.5,25.0,gstreamer_multi
11,0.610,0.00,2.75,5.18,0.18,8.11,8.11,123.3,123.3,56.5,25.0,gstreamer_multi
12,0.658,0.00,2.43,5.48,0.18,8.09,8.09,123.6,123.5,49.0,25.0,gstreamer_multi
13,0.691,0.00,2.48,5.33,0.18,7.98,7.99,125.3,125.2,46.6,25.0,gstreamer_multi
14,0.738,0.00,2.42,5.13,0.18,7.73,7.73,129.3,129.3,42.7,25.0,gstreamer_multi
15,0.769,0.00,2.65,5.47,0.18,8.30,8.30,120.5,120.5,41.8,25.0,gstreamer_multi
16,0.817,0.00,2.56,4.92,0.16,7.64,7.64,131.0,130.9,39.2,25.0,gstreamer_multi
17,0.849,0.00,2.45,5.15,0.17,7.77,7.78,128.7,128.6,38.5,25.0,gstreamer_multi
18,0.897,0.00,2.71,5.33,0.14,8.18,8.18,122.3,122.2,36.7,25.0,gstreamer_multi
19,0.929,0.00,2.52,5.16,0.18,7.85,7.86,127.3,127.3,36.4,25.0,gstreamer_multi
20,0.977,0.00,2.81,5.16,0.13,8.10,8.11,123.4,123.4,35.0,25.0,gstreamer_multi
21,1.023,0.00,2.49,5.76,0.14,8.39,8.39,119.2,119.2,34.1,25.0,gstreamer_multi
22,1.053,0.00,2.52,5.40,0.18,8.11,8.11,123.4,123.3,33.9,25.0,gstreamer_multi
23,1.100,0.00,2.42,5.11,0.15,7.68,7.68,130.3,130.2,33.1,25.0,gstreamer_multi
24,1.132,0.00,2.54,5.08,0.16,7.78,7.78,128.6,128.5,33.2,25.0,gstreamer_multi
25,1.172,0.00,2.62,5.61,0.14,8.37,8.37,119.5,119.4,32.6,25.0,gstreamer_multi
26,1.217,0.00,2.49,4.95,0.16,7.60,7.60,131.6,131.6,32.0,25.0,gstreamer_multi
27,1.253,0.00,2.54,5.02,0.14,7.70,7.70,130.0,129.9,32.0,25.0,gstreamer_multi
28,1.294,0.00,3.11,5.21,0.15,8.47,8.48,118.0,118.0,31.6,25.0,gstreamer_multi
29,1.333,0.00,2.48,5.32,0.16,7.96,7.96,125.7,125.6,31.3,25.0,gstreamer_multi
30,1.371,0.00,2.46,5.30,0.16,7.92,7.93,126.2,126.2,30.8,25.0,gstreamer_multi
31,1.422,0.00,2.76,5.54,0.17,8.46,8.47,118.2,118.1,29.6,25.0,gstreamer_multi
32,1.453,0.00,2.35,5.09,0.16,7.59,7.59,131.7,131.7,29.2,25.0,gstreamer_multi
33,1.494,0.00,2.48,4.99,0.17,7.63,7.64,131.0,130.9,28.5,25.0,gstreamer_multi
34,1.537,0.00,2.52,5.53,0.14,8.19,8.19,122.1,122.0,27.3,25.0,gstreamer_multi
35,1.585,0.00,2.93,5.45,0.16,8.54,8.54,117.1,117.1,26.4,25.0,gstreamer_multi
36,1.608,0.00,2.38,4.89,0.15,7.42,7.43,134.7,134.7,26.1,25.0,gstreamer_multi
37,1.649,0.00,2.38,5.13,0.14,7.64,7.65,130.8,130.8,25.4,25.0,gstreamer_multi
38,1.690,0.00,2.82,5.48,0.13,8.43,8.43,118.6,118.6,24.9,25.0,gstreamer_multi
39,1.728,0.00,2.47,4.96,0.14,7.57,7.57,132.1,132.1,25.2,25.0,gstreamer_multi
40,1.769,0.00,2.38,5.09,0.16,7.64,7.64,130.9,130.9,25.2,25.0,gstreamer_multi
41,1.820,0.00,2.56,5.33,0.14,8.03,8.03,124.6,124.5,25.0,25.0,gstreamer_multi
42,1.849,0.00,2.46,4.95,0.15,7.56,7.56,132.3,132.2,25.0,25.0,gstreamer_multi
43,1.893,0.00,2.89,5.49,0.17,8.55,8.55,117.0,116.9,25.2,25.0,gstreamer_multi
44,1.934,0.00,2.52,4.98,0.14,7.65,7.65,130.8,130.8,25.0,25.0,gstreamer_multi
45,1.974,0.00,2.89,5.37,0.15,8.41,8.41,118.9,118.9,25.2,25.0,gstreamer_multi
46,2.015,0.00,2.46,5.18,0.14,7.78,7.78,128.5,128.5,25.0,25.0,gstreamer_multi
47,2.055,0.00,2.57,5.69,0.15,8.42,8.42,118.8,118.8,25.0,25.0,gstreamer_multi
48,2.094,0.00,2.49,5.17,0.13,7.80,7.80,128.2,128.2,25.0,25.0,gstreamer_multi
49,2.135,0.00,3.06,5.11,0.15,8.32,8.33,120.1,120.1,25.1,25.0,gstreamer_multi
50,2.176,0.00,2.71,5.26,0.16,8.12,8.12,123.1,123.1,25.2,25.0,gstreamer_multi
51,2.212,0.00,2.54,5.13,0.17,7.84,7.84,127.6,127.6,25.0,25.0,gstreamer_multi
52,2.259,0.00,2.85,5.48,0.14,8.47,8.48,118.0,118.0,25.1,25.0,gstreamer_multi
53,2.291,0.00,2.50,5.10,0.16,7.77,7.77,128.8,128.7,25.0,25.0,gstreamer_multi
54,2.330,0.00,2.44,4.97,0.16,7.56,7.56,132.2,132.2,25.1,25.0,gstreamer_multi
55,2.373,0.00,2.64,5.75,0.33,8.72,8.73,114.6,114.6,25.0,25.0,gstreamer_multi
56,2.414,0.00,2.56,5.04,0.14,7.75,7.75,129.1,129.1,25.0,25.0,gstreamer_multi
57,2.453,0.00,2.63,5.01,0.16,7.80,7.80,128.2,128.1,25.0,25.0,gstreamer_multi
58,2.493,0.00,2.66,5.11,0.13,7.90,7.91,126.5,126.5,25.0,25.0,gstreamer_multi
59,2.532,0.00,2.41,5.16,0.16,7.73,7.74,129.3,129.3,25.2,25.0,gstreamer_multi
60,2.573,0.00,2.42,5.05,0.16,7.63,7.64,131.0,130.8,25.3,25.0,gstreamer_multi
61,2.610,0.00,2.51,5.33,0.14,7.99,7.99,125.2,125.2,25.2,25.0,gstreamer_multi
62,2.652,0.00,2.46,4.95,0.15,7.55,7.55,132.4,132.4,24.9,25.0,gstreamer_multi
63,2.691,0.00,2.53,5.14,0.16,7.83,7.83,127.7,127.7,25.3,25.0,gstreamer_multi
64,2.730,0.00,2.49,5.16,0.14,7.79,7.79,128.4,128.3,25.4,25.0,gstreamer_multi
65,2.770,0.00,2.49,5.11,0.15,7.76,7.76,128.9,128.9,24.9,25.0,gstreamer_multi
66,2.812,0.00,2.80,5.32,0.14,8.26,8.26,121.1,121.0,24.9,25.0,gstreamer_multi
67,2.853,0.00,2.50,5.27,0.14,7.92,7.92,126.3,126.3,25.1,25.0,gstreamer_multi
68,2.893,0.00,2.57,5.25,0.18,8.00,8.00,125.0,125.0,24.7,25.0,gstreamer_multi
69,2.932,0.00,2.50,4.86,0.15,7.51,7.51,133.1,133.1,24.9,25.0,gstreamer_multi
70,2.973,0.00,2.65,6.10,0.13,8.88,8.88,112.6,112.6,25.0,25.0,gstreamer_multi
71,3.010,0.00,2.63,5.46,0.14,8.23,8.24,121.5,121.4,25.1,25.0,gstreamer_multi
72,3.058,0.00,2.87,5.16,0.16,8.18,8.18,122.2,122.2,24.8,25.0,gstreamer_multi
73,3.091,0.00,2.61,5.20,0.16,7.97,7.97,125.5,125.4,25.1,25.0,gstreamer_multi
74,3.130,0.00,2.44,4.93,0.14,7.51,7.52,133.1,133.0,25.1,25.0,gstreamer_multi
75,3.170,0.00,2.43,5.33,0.16,7.92,7.92,126.3,126.2,25.1,25.0,gstreamer_multi
76,3.209,0.00,2.53,5.15,0.14,7.82,7.82,127.9,127.9,25.3,25.0,gstreamer_multi
77,3.256,0.00,3.25,5.59,0.16,9.01,9.01,111.0,111.0,24.9,25.0,gstreamer_multi
78,3.296,0.00,2.65,5.40,0.31,8.36,8.37,119.6,119.5,24.8,25.0,gstreamer_multi
79,3.343,0.00,2.50,5.22,0.14,7.87,7.87,127.1,127.1,24.7,25.0,gstreamer_multi
80,3.373,0.00,2.40,5.16,0.15,7.71,7.71,129.7,129.7,25.0,25.0,gstreamer_multi
81,3.410,0.00,2.61,6.40,0.19,9.19,9.20,108.8,108.7,25.2,25.0,gstreamer_multi
82,3.455,0.00,2.67,5.88,0.17,8.72,8.73,114.7,114.6,24.8,25.0,gstreamer_multi
83,3.500,0.00,2.70,5.08,0.16,7.93,7.94,126.1,126.0,24.7,25.0,gstreamer_multi
84,3.532,0.00,2.61,5.17,0.17,7.94,7.95,125.9,125.9,25.2,25.0,gstreamer_multi
85,3.571,0.00,2.49,5.31,0.19,7.99,8.00,125.1,125.1,24.9,25.0,gstreamer_multi
86,3.618,0.00,2.50,5.29,0.20,8.00,8.00,125.0,125.0,24.6,25.0,gstreamer_multi
87,3.657,0.00,2.86,5.43,0.13,8.42,8.42,118.7,118.7,24.7,25.0,gstreamer_multi
88,3.693,0.00,2.73,5.12,0.13,7.98,7.98,125.3,125.3,24.9,25.0,gstreamer_multi
89,3.734,0.00,2.57,5.10,0.16,7.83,7.84,127.7,127.6,25.0,25.0,gstreamer_multi
90,3.774,0.00,2.57,5.28,0.15,8.00,8.00,125.0,125.0,24.9,25.0,gstreamer_multi
91,3.811,0.00,2.59,5.32,0.15,8.07,8.07,123.9,123.9,24.8,25.0,gstreamer_multi
92,3.852,0.00,2.51,5.29,0.16,7.96,7.96,125.7,125.6,24.9,25.0,gstreamer_multi
93,3.891,0.00,2.53,5.32,0.17,8.02,8.02,124.7,124.7,24.8,25.0,gstreamer_multi
94,3.931,0.00,2.68,5.29,0.14,8.11,8.11,123.3,123.3,24.8,25.0,gstreamer_multi
95,3.970,0.00,2.63,5.20,0.16,8.00,8.00,125.1,125.0,25.0,25.0,gstreamer_multi
96,4.011,0.00,3.10,5.02,0.15,8.27,8.27,121.0,120.9,25.0,25.0,gstreamer_multi
97,4.051,0.00,2.73,5.09,0.19,8.02,8.02,124.7,124.7,25.0,25.0,gstreamer_multi
98,4.092,0.00,2.48,5.78,0.14,8.40,8.40,119.1,119.0,24.8,25.0,gstreamer_multi
99,4.132,0.00,2.56,5.28,0.16,8.00,8.01,124.9,124.9,25.2,25.0,gstreamer_multi
100,4.174,0.00,2.80,5.32,0.16,8.28,8.28,120.8,120.8,24.7,25.0,gstreamer_multi
101,4.210,0.00,2.54,5.25,0.16,7.95,7.96,125.7,125.6,25.2,25.0,gstreamer_multi
102,4.260,0.00,3.00,5.28,0.15,8.43,8.44,118.6,118.5,24.8,25.0,gstreamer_multi
103,4.291,0.00,2.62,5.26,0.19,8.07,8.08,123.9,123.8,25.0,25.0,gstreamer_multi
104,4.342,0.00,2.51,5.32,0.16,7.99,8.00,125.1,125.0,24.7,25.0,gstreamer_multi
105,4.374,0.00,2.54,5.23,0.14,7.91,7.91,126.4,126.4,24.9,25.0,gstreamer_multi
106,4.415,0.00,2.56,5.06,0.14,7.75,7.75,129.1,129.0,25.1,25.0,gstreamer_multi
108,4.497,0.00,2.47,5.14,0.14,7.76,7.76,128.9,128.9,23.4,25.0,gstreamer_multi
109,4.538,0.00,2.54,5.39,0.15,8.08,8.08,123.8,123.7,24.1,25.0,gstreamer_multi
110,4.580,0.00,4.44,8.14,0.20,12.78,12.79,78.2,78.2,24.0,25.0,gstreamer_multi
111,4.627,0.00,3.46,5.84,0.14,9.45,9.45,105.9,105.8,23.9,25.0,gstreamer_multi
112,4.655,0.00,2.44,6.18,0.15,8.77,8.78,114.0,113.9,24.1,25.0,gstreamer_multi
113,4.708,0.00,4.51,6.23,0.17,10.91,10.91,91.7,91.6,24.0,25.0,gstreamer_multi
114,4.730,0.00,2.38,5.17,0.15,7.71,7.71,129.7,129.7,24.3,25.0,gstreamer_multi
115,4.775,0.00,3.66,6.37,0.15,10.18,10.18,98.3,98.2,24.0,25.0,gstreamer_multi
116,4.830,0.00,6.76,5.91,0.15,12.82,12.83,78.0,78.0,24.1,25.0,gstreamer_multi
117,4.853,0.00,2.68,5.79,0.14,8.61,8.61,116.2,116.2,24.4,25.0,gstreamer_multi
118,4.891,0.00,2.52,5.47,0.17,8.16,8.16,122.6,122.6,24.2,25.0,gstreamer_multi
119,4.936,0.00,2.40,5.34,0.14,7.88,7.88,126.9,126.8,24.0,25.0,gstreamer_multi
120,4.972,0.00,2.54,6.00,0.14,8.68,8.68,115.2,115.2,24.1,25.0,gstreamer_multi
121,5.012,0.00,2.57,6.38,0.16,9.11,9.11,109.8,109.8,24.3,25.0,gstreamer_multi
122,5.055,0.00,2.49,5.63,0.16,8.28,8.28,120.8,120.8,24.1,25.0,gstreamer_multi
123,5.089,0.00,2.33,5.48,0.14,7.96,7.96,125.7,125.6,24.3,25.0,gstreamer_multi
124,5.129,0.00,2.38,4.93,0.15,7.47,7.47,134.0,133.9,24.1,25.0,gstreamer_multi
125,5.179,0.00,2.54,5.07,0.16,7.78,7.78,128.5,128.5,23.8,25.0,gstreamer_multi
126,5.222,0.00,2.83,5.52,0.14,8.49,8.49,117.8,117.7,23.8,25.0,gstreamer_multi
127,5.255,0.00,2.74,5.45,0.16,8.36,8.36,119.7,119.6,24.2,25.0,gstreamer_multi
128,5.308,0.00,4.52,5.55,0.13,10.20,10.20,98.1,98.0,23.9,25.0,gstreamer_multi
129,5.334,0.00,3.32,5.49,0.14,8.95,8.95,111.7,111.7,23.9,25.0,gstreamer_multi
130,5.375,0.00,3.40,5.16,0.13,8.69,8.70,115.0,115.0,24.2,25.0,gstreamer_multi
131,5.410,0.00,2.59,4.95,0.13,7.68,7.68,130.3,130.2,24.2,25.0,gstreamer_multi
132,5.464,0.00,3.74,7.03,0.15,10.93,10.93,91.5,91.5,24.0,25.0,gstreamer_multi
133,5.491,0.00,2.56,5.27,0.16,7.98,7.99,125.2,125.2,24.1,25.0,gstreamer_multi
134,5.539,0.00,2.62,6.27,0.17,9.06,9.07,110.3,110.3,24.1,25.0,gstreamer_multi
135,5.573,0.00,2.64,6.18,0.19,9.02,9.02,110.9,110.9,24.1,25.0,gstreamer_multi
136,5.619,0.00,2.51,5.16,0.13,7.80,7.81,128.1,128.1,24.0,25.0,gstreamer_multi
137,5.650,0.00,2.37,5.08,0.16,7.61,7.61,131.4,131.4,26.1,25.0,gstreamer_multi
138,5.693,0.00,2.32,5.10,0.16,7.59,7.59,131.8,131.7,25.3,25.0,gstreamer_multi
139,5.732,0.00,2.54,4.95,0.18,7.67,7.67,130.4,130.4,25.1,25.0,gstreamer_multi
140,5.772,0.00,3.64,5.59,0.14,9.37,9.37,106.8,106.7,25.3,25.0,gstreamer_multi
141,5.816,0.00,2.58,6.61,0.19,9.38,9.38,106.6,106.6,24.9,25.0,gstreamer_multi
142,5.853,0.00,3.40,5.84,0.18,9.43,9.43,106.1,106.1,25.2,25.0,gstreamer_multi
143,5.905,0.00,3.23,5.76,0.16,9.15,9.15,109.3,109.3,24.6,25.0,gstreamer_multi
144,5.930,0.00,2.37,4.87,0.14,7.38,7.38,135.5,135.4,25.3,25.0,gstreamer_multi
145,5.973,0.00,2.74,5.26,0.15,8.16,8.16,122.6,122.5,25.5,25.0,gstreamer_multi
146,6.014,0.00,2.67,4.95,0.15,7.78,7.79,128.5,128.4,25.0,25.0,gstreamer_multi
147,6.059,0.00,4.87,6.21,0.13,11.21,11.22,89.2,89.2,24.8,25.0,gstreamer_multi
148,6.099,0.00,5.07,5.54,0.14,10.74,10.74,93.1,93.1,25.0,25.0,gstreamer_multi
149,6.137,0.00,3.88,5.28,0.13,9.29,9.29,107.6,107.6,24.8,25.0,gstreamer_multi
150,6.174,0.00,3.68,7.26,0.15,11.09,11.09,90.2,90.2,25.0,25.0,gstreamer_multi
151,6.224,0.00,2.75,6.05,0.14,8.94,8.94,111.9,111.8,24.6,25.0,gstreamer_multi
152,6.251,0.00,2.40,5.18,0.16,7.74,7.74,129.2,129.2,24.8,25.0,gstreamer_multi
153,6.307,0.00,3.68,8.01,0.20,11.88,11.88,84.2,84.1,24.9,25.0,gstreamer_multi
154,6.340,0.00,3.52,7.96,0.20,11.68,11.68,85.6,85.6,25.0,25.0,gstreamer_multi
155,6.381,0.00,4.50,5.99,0.13,10.62,10.63,94.1,94.1,25.0,25.0,gstreamer_multi
156,6.419,0.00,2.78,5.33,0.16,8.26,8.27,121.0,121.0,25.0,25.0,gstreamer_multi
157,6.451,0.00,3.62,5.36,0.16,9.14,9.14,109.4,109.4,25.3,25.0,gstreamer_multi
158,6.496,0.00,2.91,5.25,0.15,8.32,8.32,120.2,120.2,25.1,25.0,gstreamer_multi
159,6.531,0.00,2.67,4.88,0.17,7.72,7.72,129.5,129.5,25.3,25.0,gstreamer_multi
160,6.573,0.00,2.49,6.53,0.14,9.15,9.16,109.2,109.2,24.8,25.0,gstreamer_multi
161,6.614,0.00,2.49,4.89,0.16,7.54,7.55,132.6,132.5,25.4,25.0,gstreamer_multi
162,6.665,0.00,3.75,7.88,0.18,11.81,11.81,84.7,84.6,24.8,25.0,gstreamer_multi
163,6.699,0.00,3.15,5.60,0.15,8.90,8.91,112.3,112.3,25.0,25.0,gstreamer_multi
164,6.729,0.00,2.54,5.17,0.30,8.01,8.02,124.8,124.7,25.0,25.0,gstreamer_multi
165,6.779,0.00,2.68,5.17,0.17,8.03,8.03,124.6,124.5,25.1,25.0,gstreamer_multi
166,6.810,0.00,2.89,5.31,0.15,8.34,8.35,119.9,119.8,25.2,25.0,gstreamer_multi
167,6.852,0.00,3.36,5.44,0.13,8.93,8.94,112.0,111.9,25.0,25.0,gstreamer_multi
168,6.895,0.00,4.49,5.41,0.13,10.03,10.03,99.7,99.7,24.9,25.0,gstreamer_multi
169,6.938,0.00,5.32,5.69,0.16,11.16,11.17,89.6,89.5,24.8,25.0,gstreamer_multi
170,6.975,0.00,3.51,5.37,0.14,9.02,9.03,110.8,110.8,25.1,25.0,gstreamer_multi
171,7.010,0.00,2.58,5.10,0.16,7.84,7.84,127.5,127.5,25.3,25.0,gstreamer_multi
172,7.064,0.00,4.17,5.58,0.14,9.89,9.89,101.1,101.1,25.0,25.0,gstreamer_multi
173,7.090,0.00,2.71,5.19,0.14,8.04,8.04,124.4,124.4,25.0,25.0,gstreamer_multi
174,7.136,0.00,5.88,5.81,0.13,11.81,11.82,84.7,84.6,24.8,25.0,gstreamer_multi
175,7.176,0.00,5.36,5.29,0.17,10.82,10.82,92.5,92.4,24.8,25.0,gstreamer_multi
176,7.215,0.00,3.11,5.70,0.15,8.96,8.97,111.6,111.5,25.0,25.0,gstreamer_multi
177,7.257,0.00,4.60,5.36,0.16,10.11,10.12,98.9,98.8,25.0,25.0,gstreamer_multi
178,7.299,0.00,4.00,7.27,0.18,11.44,11.44,87.4,87.4,25.0,25.0,gstreamer_multi
179,7.335,0.00,2.55,5.36,0.13,8.05,8.05,124.2,124.2,25.1,25.0,gstreamer_multi
180,7.380,0.00,4.31,5.43,0.14,9.88,9.88,101.2,101.2,25.4,25.0,gstreamer_multi
181,7.411,0.00,2.66,5.38,0.13,8.16,8.16,122.6,122.5,25.1,25.0,gstreamer_multi
182,7.462,0.00,4.04,5.55,0.15,9.75,9.75,102.6,102.5,24.9,25.0,gstreamer_multi
183,7.492,0.00,2.57,5.12,0.15,7.84,7.85,127.5,127.5,25.3,25.0,gstreamer_multi
184,7.545,0.00,3.84,10.39,0.23,14.45,14.46,69.2,69.1,24.7,25.0,gstreamer_multi
185,7.576,0.00,4.45,8.00,0.19,12.64,12.65,79.1,79.1,25.1,25.0,gstreamer_multi
186,7.625,0.00,6.22,6.70,0.15,13.07,13.07,76.5,76.5,24.7,25.0,gstreamer_multi
187,7.657,0.00,4.56,5.46,0.15,10.16,10.17,98.4,98.4,24.9,25.0,gstreamer_multi
188,7.694,0.00,2.48,5.38,0.18,8.04,8.04,124.5,124.4,24.9,25.0,gstreamer_multi
189,7.735,0.00,2.39,4.81,0.16,7.37,7.37,135.8,135.7,25.1,25.0,gstreamer_multi
190,7.772,0.00,3.36,5.58,0.16,9.10,9.10,109.9,109.9,25.0,25.0,gstreamer_multi
191,7.810,0.00,3.46,5.41,0.15,9.02,9.02,110.9,110.9,25.2,25.0,gstreamer_multi
192,7.855,0.00,3.08,5.35,0.38,8.80,8.81,113.6,113.6,25.3,25.0,gstreamer_multi
193,7.896,0.00,3.55,5.40,0.13,9.08,9.08,110.1,110.1,24.9,25.0,gstreamer_multi
194,7.942,0.00,3.85,5.46,0.14,9.45,9.45,105.8,105.8,24.9,25.0,gstreamer_multi
195,7.972,0.00,2.69,5.01,0.17,7.87,7.87,127.1,127.1,24.9,25.0,gstreamer_multi
196,8.011,0.00,3.63,5.82,0.14,9.59,9.59,104.3,104.2,25.1,25.0,gstreamer_multi
197,8.053,0.00,2.39,5.32,0.15,7.86,7.86,127.2,127.2,24.9,25.0,gstreamer_multi
198,8.111,0.00,5.04,7.79,0.13,12.95,12.96,77.2,77.2,24.6,25.0,gstreamer_multi
199,8.132,0.00,3.51,5.88,0.19,9.58,9.58,104.4,104.4,25.0,25.0,gstreamer_multi
200,8.174,0.00,2.78,4.80,0.16,7.74,7.74,129.2,129.2,24.9,25.0,gstreamer_multi
201,8.210,0.00,2.60,4.77,0.15,7.52,7.52,133.0,132.9,25.4,25.0,gstreamer_multi
202,8.262,0.00,4.01,5.38,0.13,9.52,9.53,105.0,105.0,24.5,25.0,gstreamer_multi
203,8.294,0.00,3.18,5.30,0.13,8.61,8.61,116.2,116.1,24.9,25.0,gstreamer_multi
204,8.335,0.00,2.56,5.49,0.14,8.19,8.19,122.2,122.1,25.2,25.0,gstreamer_multi
205,8.379,0.00,3.31,6.10,0.12,9.53,9.53,105.0,104.9,24.9,25.0,gstreamer_multi
206,8.417,0.00,2.39,5.03,0.16,7.59,7.59,131.8,131.8,25.1,25.0,gstreamer_multi
207,8.463,0.00,4.60,7.51,0.18,12.29,12.30,81.3,81.3,24.8,25.0,gstreamer_multi
208,8.495,0.00,3.79,5.62,0.15,9.56,9.57,104.6,104.5,24.8,25.0,gstreamer_multi
209,8.536,0.00,3.26,5.55,0.14,8.94,8.95,111.8,111.8,25.0,25.0,gstreamer_multi
210,8.581,0.00,3.87,8.46,0.14,12.47,12.47,80.2,80.2,24.8,25.0,gstreamer_multi
211,8.610,0.00,2.62,4.91,0.15,7.68,7.69,130.1,130.1,25.4,25.0,gstreamer_multi
212,8.656,0.00,3.39,6.88,0.23,10.50,10.50,95.3,95.2,24.9,25.0,gstreamer_multi
213,8.695,0.00,3.75,5.44,0.15,9.34,9.34,107.1,107.0,25.4,25.0,gstreamer_multi
214,8.735,0.00,4.21,5.13,0.15,9.49,9.49,105.4,105.3,24.9,25.0,gstreamer_multi
215,8.777,0.00,4.08,5.20,0.16,9.44,9.45,105.9,105.9,25.2,25.0,gstreamer_multi
216,8.820,0.00,5.31,5.30,0.16,10.76,10.77,92.9,92.9,25.0,25.0,gstreamer_multi
217,8.855,0.00,3.05,5.50,0.13,8.68,8.68,115.2,115.2,24.8,25.0,gstreamer_multi
218,8.902,0.00,3.81,7.33,0.18,11.32,11.33,88.3,88.3,24.7,25.0,gstreamer_multi
219,8.941,0.00,4.86,5.97,0.13,10.96,10.97,91.2,91.2,24.7,25.0,gstreamer_multi
220,8.980,0.00,3.42,5.21,0.13,8.76,8.76,114.2,114.1,24.7,25.0,gstreamer_multi
221,9.011,0.00,2.63,5.14,0.16,7.92,7.93,126.2,126.2,25.1,25.0,gstreamer_multi
222,9.054,0.00,3.29,5.69,0.31,9.30,9.30,107.6,107.5,25.1,25.0,gstreamer_multi
223,9.094,0.00,3.68,5.55,0.30,9.52,9.53,105.0,105.0,25.1,25.0,gstreamer_multi
224,9.135,0.00,3.62,5.70,0.27,9.59,9.60,104.2,104.2,24.8,25.0,gstreamer_multi
225,9.170,0.00,3.33,5.57,0.28,9.18,9.18,108.9,108.9,24.9,25.0,gstreamer_multi
226,9.221,0.00,3.82,5.67,0.29,9.78,9.78,102.3,102.2,25.0,25.0,gstreamer_multi
227,9.263,0.00,4.24,7.28,0.34,11.87,11.87,84.3,84.2,25.3,25.0,gstreamer_multi
228,9.300,0.00,3.00,5.51,0.27,8.79,8.79,113.8,113.7,24.9,25.0,gstreamer_multi
229,9.330,0.00,2.51,6.50,0.23,9.24,9.24,108.3,108.2,24.9,25.0,gstreamer_multi
230,9.384,0.00,5.45,6.08,0.27,11.80,11.81,84.7,84.7,24.6,25.0,gstreamer_multi
231,9.415,0.00,2.50,5.23,0.26,7.99,7.99,125.1,125.1,25.4,25.0,gstreamer_multi
232,9.460,0.00,4.45,5.79,0.26,10.49,10.49,95.3,95.3,25.1,25.0,gstreamer_multi
233,9.492,0.00,2.59,4.99,0.28,7.86,7.86,127.2,127.2,25.0,25.0,gstreamer_multi
234,9.540,0.00,4.08,7.76,0.32,12.16,12.17,82.2,82.2,25.1,25.0,gstreamer_multi
235,9.576,0.00,3.15,5.29,0.49,8.93,8.94,112.0,111.9,24.8,25.0,gstreamer_multi
236,9.619,0.00,3.95,5.55,0.27,9.77,9.77,102.3,102.3,25.1,25.0,gstreamer_multi
237,9.661,0.00,4.16,5.49,0.27,9.92,9.92,100.8,100.8,24.8,25.0,gstreamer_multi
238,9.704,0.00,4.21,5.88,0.42,10.50,10.51,95.2,95.2,24.8,25.0,gstreamer_multi
239,9.735,0.00,2.84,5.28,0.26,8.38,8.38,119.3,119.3,25.3,25.0,gstreamer_multi
240,9.776,0.00,2.45,5.31,0.24,8.01,8.01,124.9,124.9,24.9,25.0,gstreamer_multi
241,9.810,0.00,2.46,5.09,0.26,7.81,7.82,128.0,127.8,25.1,25.0,gstreamer_multi
242,9.852,0.00,2.45,4.96,0.27,7.68,7.68,130.3,130.2,25.1,25.0,gstreamer_multi
243,9.895,0.00,3.47,5.74,0.27,9.48,9.48,105.5,105.4,25.0,25.0,gstreamer_multi
244,9.938,0.00,3.62,7.87,0.34,11.83,11.84,84.5,84.5,25.0,25.0,gstreamer_multi
245,9.979,0.00,3.96,6.79,0.26,11.01,11.01,90.9,90.8,25.0,25.0,gstreamer_multi
246,10.021,0.00,4.33,6.92,0.33,11.57,11.58,86.4,86.4,25.0,25.0,gstreamer_multi
247,10.062,0.00,4.39,7.85,0.35,12.58,12.59,79.5,79.5,25.0,25.0,gstreamer_multi
248,10.098,0.00,4.09,5.29,0.26,9.63,9.64,103.8,103.7,25.0,25.0,gstreamer_multi
249,10.136,0.00,2.58,4.91,0.27,7.76,7.76,128.9,128.9,25.3,25.0,gstreamer_multi
250,10.179,0.00,2.77,5.35,0.44,8.56,8.57,116.8,116.7,24.6,25.0,gstreamer_multi
251,10.210,0.00,2.59,5.38,0.30,8.27,8.28,120.9,120.8,25.1,25.0,gstreamer_multi
252,10.260,0.00,3.38,5.35,0.26,8.99,9.00,111.2,111.1,25.0,25.0,gstreamer_multi
253,10.302,0.00,4.92,7.52,0.35,12.79,12.80,78.2,78.1,24.9,25.0,gstreamer_multi
254,10.338,0.00,2.79,5.14,0.25,8.19,8.19,122.2,122.1,25.0,25.0,gstreamer_multi
255,10.383,0.00,4.99,5.60,0.24,10.83,10.84,92.3,92.2,24.9,25.0,gstreamer_multi
256,10.410,0.00,2.61,5.00,0.27,7.88,7.89,126.8,126.8,25.4,25.0,gstreamer_multi
257,10.454,0.00,3.56,5.78,0.27,9.61,9.62,104.0,104.0,25.1,25.0,gstreamer_multi
258,10.494,0.00,3.77,5.76,0.28,9.81,9.81,101.9,101.9,24.9,25.0,gstreamer_multi
259,10.538,0.00,4.10,8.12,0.35,12.58,12.58,79.5,79.5,25.1,25.0,gstreamer_multi
260,10.581,0.00,4.38,7.94,0.34,12.67,12.67,79.0,78.9,24.8,25.0,gstreamer_multi
261,10.622,0.00,2.89,6.08,0.27,9.24,9.24,108.2,108.2,24.8,25.0,gstreamer_multi
262,10.658,0.00,3.08,5.16,0.24,8.49,8.49,117.8,117.8,24.8,25.0,gstreamer_multi
263,10.706,0.00,5.44,11.00,0.25,16.70,16.70,59.9,59.9,25.0,25.0,gstreamer_multi
264,10.741,0.00,2.57,8.84,0.34,11.75,11.76,85.1,85.1,25.1,25.0,gstreamer_multi
265,10.774,0.00,3.37,9.13,0.26,12.77,12.77,78.3,78.3,25.2,25.0,gstreamer_multi
266,10.817,0.00,3.90,11.03,0.26,15.19,15.20,65.8,65.8,25.3,25.0,gstreamer_multi
267,10.855,0.00,3.33,9.00,0.26,12.59,12.60,79.4,79.4,25.3,25.0,gstreamer_multi
268,10.898,0.00,4.15,9.46,0.34,13.94,13.95,71.7,71.7,24.8,25.0,gstreamer_multi
269,10.939,0.00,3.18,8.84,0.30,12.32,12.32,81.2,81.2,24.9,25.0,gstreamer_multi
270,10.980,0.00,4.74,8.90,0.25,13.89,13.89,72.0,72.0,24.7,25.0,gstreamer_multi
271,11.024,0.00,2.42,8.60,0.28,11.30,11.30,88.5,88.5,24.8,25.0,gstreamer_multi
272,11.055,0.00,2.49,8.53,0.27,11.29,11.29,88.6,88.6,25.0,25.0,gstreamer_multi
273,11.103,0.00,4.15,9.38,0.27,13.79,13.80,72.5,72.5,24.9,25.0,gstreamer_multi
274,11.143,0.00,3.93,8.85,0.26,13.05,13.05,76.7,76.6,25.0,25.0,gstreamer_multi
275,11.183,0.00,3.81,9.10,0.34,13.25,13.25,75.5,75.5,24.9,25.0,gstreamer_multi
276,11.212,0.00,2.42,8.50,0.26,11.18,11.18,89.5,89.5,25.1,25.0,gstreamer_multi
277,11.255,0.00,3.44,9.33,0.27,13.05,13.06,76.6,76.6,25.1,25.0,gstreamer_multi
278,11.297,0.00,2.59,8.99,0.26,11.84,11.84,84.5,84.5,24.9,25.0,gstreamer_multi
279,11.339,0.00,3.94,9.69,0.27,13.90,13.90,72.0,71.9,25.1,25.0,gstreamer_multi
280,11.379,0.00,2.85,9.28,0.26,12.39,12.39,80.7,80.7,24.7,25.0,gstreamer_multi
281,11.414,0.00,2.54,9.45,0.36,12.36,12.36,80.9,80.9,25.2,25.0,gstreamer_multi
282,11.464,0.00,3.20,9.52,0.27,13.00,13.00,76.9,76.9,24.9,25.0,gstreamer_multi
283,11.497,0.00,2.58,9.66,0.26,12.50,12.50,80.0,80.0,24.9,25.0,gstreamer_multi
284,11.541,0.00,4.62,10.51,0.27,15.40,15.40,64.9,64.9,25.1,25.0,gstreamer_multi
285,11.580,0.00,2.85,9.62,0.34,12.81,12.81,78.1,78.1,24.7,25.0,gstreamer_multi
286,11.624,0.00,4.40,10.01,0.28,14.69,14.70,68.1,68.0,24.9,25.0,gstreamer_multi
287,11.663,0.00,3.49,10.12,0.25,13.87,13.87,72.1,72.1,24.9,25.0,gstreamer_multi
288,11.705,0.00,2.82,10.66,0.27,13.75,13.75,72.7,72.7,24.9,25.0,gstreamer_multi
289,11.733,0.00,2.53,9.34,0.27,12.14,12.14,82.4,82.4,25.1,25.0,gstreamer_multi
290,11.790,0.00,3.56,14.09,0.27,17.92,17.92,55.8,55.8,24.9,25.0,gstreamer_multi
291,11.815,0.00,2.53,9.52,0.27,12.32,12.32,81.2,81.1,25.2,25.0,gstreamer_multi
292,11.859,0.00,2.64,10.34,0.15,13.13,13.13,76.2,76.1,25.1,25.0,gstreamer_multi
293,11.904,0.00,2.33,9.44,0.16,11.93,11.93,83.8,83.8,24.7,25.0,gstreamer_multi
294,11.940,0.00,2.45,9.16,0.26,11.87,11.87,84.2,84.2,24.8,25.0,gstreamer_multi
295,11.982,0.00,2.96,10.91,0.15,14.02,14.02,71.3,71.3,24.9,25.0,gstreamer_multi
296,12.022,0.00,2.72,10.14,0.15,13.00,13.01,76.9,76.9,24.9,25.0,gstreamer_multi
297,12.065,0.00,3.69,9.93,0.25,13.86,13.87,72.1,72.1,24.9,25.0,gstreamer_multi
298,12.105,0.00,2.87,11.46,0.23,14.57,14.57,68.7,68.6,24.9,25.0,gstreamer_multi
299,12.132,0.00,2.55,9.18,0.16,11.88,11.88,84.2,84.2,25.1,25.0,gstreamer_multi
300,12.175,0.00,2.73,9.72,0.14,12.59,12.60,79.4,79.4,25.1,25.0,gstreamer_multi
301,12.214,0.00,2.64,9.58,0.24,12.46,12.46,80.3,80.2,25.0,25.0,gstreamer_multi
302,12.256,0.00,2.49,9.46,0.16,12.11,12.11,82.6,82.6,25.2,25.0,gstreamer_multi
303,12.295,0.00,2.53,9.49,0.14,12.16,12.16,82.3,82.2,25.1,25.0,gstreamer_multi
304,12.345,0.00,3.26,11.59,0.27,15.11,15.12,66.2,66.2,24.9,25.0,gstreamer_multi
305,12.376,0.00,2.46,9.22,0.15,11.83,11.84,84.5,84.5,24.9,25.0,gstreamer_multi
306,12.418,0.00,2.97,9.38,0.25,12.60,12.60,79.4,79.3,25.0,25.0,gstreamer_multi
307,12.457,0.00,2.59,9.46,0.15,12.20,12.20,82.0,81.9,25.0,25.0,gstreamer_multi
308,12.497,0.00,2.64,9.42,0.25,12.31,12.31,81.2,81.2,25.0,25.0,gstreamer_multi
309,12.541,0.00,3.46,9.77,0.37,13.60,13.61,73.5,73.5,25.0,25.0,gstreamer_multi
310,12.582,0.00,2.98,11.25,0.25,14.48,14.49,69.0,69.0,24.8,25.0,gstreamer_multi
311,12.626,0.00,2.77,9.71,0.28,12.76,12.76,78.4,78.4,24.9,25.0,gstreamer_multi
312,12.664,0.00,2.84,9.58,0.28,12.71,12.71,78.7,78.7,25.0,25.0,gstreamer_multi
313,12.704,0.00,2.83,10.86,0.28,13.96,13.97,71.6,71.6,24.9,25.0,gstreamer_multi
314,12.743,0.00,3.13,9.68,0.24,13.05,13.06,76.6,76.6,25.0,25.0,gstreamer_multi
315,12.784,0.00,2.49,11.41,0.25,14.16,14.16,70.6,70.6,24.9,25.0,gstreamer_multi
316,12.816,0.00,2.51,11.63,0.32,14.47,14.47,69.1,69.1,25.2,25.0,gstreamer_multi
317,12.856,0.00,2.52,10.86,0.24,13.62,13.62,73.4,73.4,25.3,25.0,gstreamer_multi
318,12.900,0.00,2.42,9.58,0.27,12.27,12.27,81.5,81.5,24.8,25.0,gstreamer_multi
319,12.944,0.00,3.79,9.75,0.34,13.88,13.89,72.0,72.0,25.1,25.0,gstreamer_multi
320,12.975,0.00,2.51,10.70,0.25,13.46,13.46,74.3,74.3,24.9,25.0,gstreamer_multi
321,13.019,0.00,2.68,11.97,0.26,14.91,14.92,67.1,67.0,24.9,25.0,gstreamer_multi
322,13.067,0.00,3.90,12.17,0.25,16.33,16.33,61.3,61.2,25.1,25.0,gstreamer_multi
323,13.100,0.00,2.67,14.22,0.27,17.16,17.16,58.3,58.3,25.1,25.0,gstreamer_multi
324,13.143,0.00,3.38,14.35,0.28,18.01,18.01,55.5,55.5,25.1,25.0,gstreamer_multi
325,13.184,0.00,2.70,14.55,0.24,17.50,17.50,57.2,57.1,25.1,25.0,gstreamer_multi
326,13.224,0.00,2.50,13.91,0.27,16.69,16.69,59.9,59.9,25.1,25.0,gstreamer_multi
327,13.264,0.00,2.39,14.64,0.36,17.38,17.38,57.5,57.5,25.1,25.0,gstreamer_multi
328,13.302,0.00,2.54,12.72,0.28,15.54,15.54,64.3,64.3,24.9,25.0,gstreamer_multi
329,13.339,0.00,2.40,9.48,0.23,12.12,12.12,82.5,82.5,24.9,25.0,gstreamer_multi
330,13.380,0.00,3.01,9.43,0.26,12.69,12.70,78.8,78.8,25.1,25.0,gstreamer_multi
331,13.414,0.00,2.64,9.52,0.26,12.42,12.42,80.5,80.5,24.8,25.0,gstreamer_multi
332,13.455,0.00,2.53,9.38,0.25,12.17,12.17,82.2,82.2,25.1,25.0,gstreamer_multi
333,13.506,0.00,3.58,13.74,0.14,17.46,17.47,57.3,57.3,25.1,25.0,gstreamer_multi
334,13.544,0.00,3.47,11.22,0.37,15.05,15.06,66.4,66.4,24.9,25.0,gstreamer_multi
335,13.585,0.00,2.64,12.68,0.28,15.59,15.60,64.1,64.1,24.9,25.0,gstreamer_multi
336,13.626,0.00,2.52,12.10,0.29,14.91,14.91,67.1,67.1,24.9,25.0,gstreamer_multi
337,13.654,0.00,2.46,10.37,0.30,13.13,13.13,76.2,76.1,25.1,25.0,gstreamer_multi
338,13.699,0.00,2.56,14.28,0.28,17.12,17.12,58.4,58.4,25.1,25.0,gstreamer_multi
339,13.741,0.00,2.44,14.42,0.25,17.11,17.11,58.4,58.4,25.1,25.0,gstreamer_multi
340,13.782,0.00,2.50,14.86,0.24,17.60,17.61,56.8,56.8,25.3,25.0,gstreamer_multi
341,13.818,0.00,2.51,14.57,0.25,17.33,17.33,57.7,57.7,25.0,25.0,gstreamer_multi
342,13.869,0.00,3.31,15.39,0.32,19.02,19.02,52.6,52.6,24.9,25.0,gstreamer_multi
343,13.895,0.00,2.43,9.46,0.33,12.21,12.22,81.9,81.8,25.2,25.0,gstreamer_multi
344,13.944,0.00,2.63,12.33,0.28,15.23,15.24,65.6,65.6,24.9,25.0,gstreamer_multi
345,13.977,0.00,2.55,9.93,0.39,12.87,12.88,77.7,77.7,24.9,25.0,gstreamer_multi
346,14.018,0.00,2.53,10.57,0.26,13.36,13.36,74.9,74.8,24.8,25.0,gstreamer_multi
347,14.062,0.00,3.50,11.32,0.24,15.06,15.06,66.4,66.4,25.1,25.0,gstreamer_multi
348,14.105,0.00,3.04,13.67,0.30,17.01,17.01,58.8,58.8,25.1,25.0,gstreamer_multi
349,14.141,0.00,2.46,9.41,0.28,12.14,12.14,82.4,82.4,24.8,25.0,gstreamer_multi
350,14.187,0.00,2.52,13.48,0.29,16.29,16.30,61.4,61.3,24.9,25.0,gstreamer_multi
351,14.215,0.00,2.51,9.71,0.33,12.55,12.55,79.7,79.7,25.4,25.0,gstreamer_multi
352,14.257,0.00,2.43,9.56,0.29,12.28,12.28,81.5,81.4,25.1,25.0,gstreamer_multi
353,14.310,0.00,4.60,14.75,0.28,19.63,19.64,50.9,50.9,24.7,25.0,gstreamer_multi
354,14.346,0.00,2.51,14.45,0.27,17.24,17.24,58.0,58.0,24.9,25.0,gstreamer_multi
355,14.387,0.00,3.07,14.46,0.30,17.83,17.83,56.1,56.1,24.9,25.0,gstreamer_multi
356,14.419,0.00,2.43,15.38,0.33,18.14,18.14,55.1,55.1,25.1,25.0,gstreamer_multi
357,14.463,0.00,2.40,14.53,0.38,17.31,17.32,57.8,57.8,24.9,25.0,gstreamer_multi
358,14.493,0.00,2.43,8.82,0.28,11.53,11.54,86.7,86.7,25.1,25.0,gstreamer_multi
359,14.536,0.00,3.04,9.57,0.29,12.90,12.90,77.5,77.5,25.0,25.0,gstreamer_multi
360,14.579,0.00,3.32,11.23,0.31,14.87,14.87,67.3,67.2,25.1,25.0,gstreamer_multi
361,14.623,0.00,2.59,9.56,0.36,12.52,12.52,79.9,79.8,24.7,25.0,gstreamer_multi
362,14.662,0.00,2.48,9.48,0.27,12.23,12.24,81.7,81.7,25.1,25.0,gstreamer_multi
363,14.705,0.00,2.49,14.54,0.32,17.35,17.35,57.6,57.6,25.0,25.0,gstreamer_multi
364,14.746,0.00,2.83,14.53,0.32,17.68,17.68,56.6,56.5,25.0,25.0,gstreamer_multi
365,14.786,0.00,2.46,14.45,0.28,17.19,17.19,58.2,58.2,25.1,25.0,gstreamer_multi
366,14.827,0.00,2.42,14.48,0.30,17.20,17.20,58.1,58.1,24.8,25.0,gstreamer_multi
367,14.863,0.00,2.50,14.25,0.27,17.02,17.02,58.8,58.7,24.7,25.0,gstreamer_multi
368,14.908,0.00,3.52,9.86,0.17,13.54,13.54,73.9,73.8,24.6,25.0,gstreamer_multi
369,14.937,0.00,2.52,9.13,0.15,11.81,11.81,84.7,84.7,25.1,25.0,gstreamer_multi
370,14.989,0.00,4.21,10.27,0.16,14.64,14.65,68.3,68.3,24.7,25.0,gstreamer_multi
371,15.015,0.00,4.35,10.06,0.14,14.55,14.55,68.7,68.7,25.3,25.0,gstreamer_multi
372,15.064,0.00,2.70,9.31,0.16,12.17,12.17,82.2,82.2,24.9,25.0,gstreamer_multi
373,15.099,0.00,2.58,14.44,0.14,17.17,17.17,58.2,58.2,25.0,25.0,gstreamer_multi
374,15.152,0.00,2.66,18.02,0.16,20.84,20.84,48.0,48.0,24.6,25.0,gstreamer_multi
375,15.182,0.00,4.28,14.93,0.15,19.36,19.37,51.6,51.6,24.8,25.0,gstreamer_multi
376,15.229,0.00,3.04,15.09,0.15,18.28,18.28,54.7,54.7,24.7,25.0,gstreamer_multi
377,15.259,0.00,2.44,14.30,0.13,16.88,16.88,59.3,59.2,24.8,25.0,gstreamer_multi
378,15.303,0.00,2.75,9.05,0.14,11.93,11.93,83.8,83.8,25.1,25.0,gstreamer_multi
379,15.335,0.00,2.40,9.51,0.15,12.07,12.07,82.9,82.9,25.3,25.0,gstreamer_multi
380,15.387,0.00,4.52,9.81,0.14,14.47,14.48,69.1,69.1,24.4,25.0,gstreamer_multi
381,15.417,0.00,3.49,10.31,0.16,13.96,13.96,71.6,71.6,25.0,25.0,gstreamer_multi
382,15.461,0.00,2.56,9.19,0.16,11.91,11.92,83.9,83.9,25.3,25.0,gstreamer_multi
383,15.500,0.00,2.54,14.43,0.18,17.15,17.15,58.3,58.3,24.9,25.0,gstreamer_multi
384,15.551,0.00,2.74,17.43,0.18,20.35,20.35,49.1,49.1,24.7,25.0,gstreamer_multi
385,15.583,0.00,2.47,14.45,0.34,17.26,17.26,58.0,57.9,24.7,25.0,gstreamer_multi
386,15.631,0.00,3.62,14.65,0.19,18.45,18.46,54.2,54.2,24.7,25.0,gstreamer_multi
387,15.663,0.00,3.27,16.20,0.15,19.62,19.62,51.0,51.0,24.7,25.0,gstreamer_multi
388,15.705,0.00,2.87,10.56,0.16,13.59,13.59,73.6,73.6,24.9,25.0,gstreamer_multi
389,15.737,0.00,2.62,10.80,0.14,13.56,13.56,73.7,73.7,25.1,25.0,gstreamer_multi
390,15.787,0.00,4.14,11.14,0.16,15.43,15.44,64.8,64.8,24.8,25.0,gstreamer_multi
391,15.818,0.00,3.59,11.08,0.18,14.85,14.85,67.3,67.3,24.8,25.0,gstreamer_multi
392,15.865,0.00,3.68,10.90,0.20,14.78,14.78,67.7,67.6,24.8,25.0,gstreamer_multi
393,15.910,0.00,3.48,17.05,0.19,20.72,20.73,48.3,48.2,24.7,25.0,gstreamer_multi
394,15.951,0.00,2.47,17.98,0.16,20.60,20.60,48.5,48.5,24.7,25.0,gstreamer_multi
395,15.978,0.00,2.67,14.24,0.16,17.07,17.07,58.6,58.6,25.2,25.0,gstreamer_multi
396,16.018,0.00,2.44,14.40,0.14,16.98,16.98,58.9,58.9,25.4,25.0,gstreamer_multi
397,16.063,0.00,2.50,14.48,0.13,17.12,17.12,58.4,58.4,25.3,25.0,gstreamer_multi
398,16.097,0.00,2.41,13.44,0.14,15.99,15.99,62.5,62.5,25.0,25.0,gstreamer_multi
399,16.135,0.00,2.56,9.57,0.17,12.30,12.30,81.3,81.3,25.4,25.0,gstreamer_multi
400,16.178,0.00,3.20,9.94,0.13,13.27,13.27,75.4,75.4,24.9,25.0,gstreamer_multi
401,16.214,0.00,2.55,9.64,0.19,12.37,12.37,80.8,80.8,25.0,25.0,gstreamer_multi
402,16.261,0.00,2.64,9.66,0.16,12.45,12.46,80.3,80.3,25.1,25.0,gstreamer_multi
403,16.293,0.00,2.40,9.43,0.18,12.01,12.01,83.3,83.3,25.5,25.0,gstreamer_multi
404,16.336,0.00,2.77,10.05,0.16,12.99,12.99,77.0,77.0,25.2,25.0,gstreamer_multi
405,16.384,0.00,3.55,9.96,0.19,13.70,13.70,73.0,73.0,25.0,25.0,gstreamer_multi
406,16.433,0.00,3.91,10.45,0.20,14.56,14.56,68.7,68.7,24.7,25.0,gstreamer_multi
407,16.461,0.00,2.81,9.67,0.16,12.64,12.65,79.1,79.1,25.0,25.0,gstreamer_multi
408,16.513,0.00,2.46,14.44,0.16,17.05,17.06,58.6,58.6,24.4,25.0,gstreamer_multi
409,16.548,0.00,2.70,16.83,0.14,19.67,19.67,50.8,50.8,25.1,25.0,gstreamer_multi
410,16.594,0.00,3.56,14.76,0.14,18.46,18.46,54.2,54.2,24.6,25.0,gstreamer_multi
411,16.634,0.00,4.00,14.64,0.15,18.79,18.80,53.2,53.2,24.5,25.0,gstreamer_multi
412,16.665,0.00,2.95,15.39,0.34,18.69,18.69,53.5,53.5,24.8,25.0,gstreamer_multi
413,16.694,0.00,2.65,9.64,0.16,12.45,12.45,80.3,80.3,25.6,25.0,gstreamer_multi
414,16.750,0.00,3.70,9.72,0.15,13.57,13.58,73.7,73.6,24.8,25.0,gstreamer_multi
415,16.777,0.00,2.46,9.21,0.16,11.83,11.83,84.5,84.5,25.5,25.0,gstreamer_multi
416,16.830,0.00,3.93,10.96,0.14,15.03,15.03,66.6,66.5,24.8,25.0,gstreamer_multi
417,16.857,0.00,2.81,9.12,0.15,12.07,12.07,82.8,82.8,25.1,25.0,gstreamer_multi
418,16.919,0.00,6.17,18.75,0.18,25.10,25.11,39.8,39.8,24.5,25.0,gstreamer_multi
419,16.942,0.00,4.21,14.69,0.18,19.09,19.09,52.4,52.4,25.2,25.0,gstreamer_multi
420,16.994,0.00,2.67,20.02,0.16,22.85,22.85,43.8,43.8,24.8,25.0,gstreamer_multi
421,17.020,0.00,2.53,14.64,0.14,17.32,17.32,57.7,57.7,25.1,25.0,gstreamer_multi
422,17.067,0.00,2.48,14.98,0.19,17.66,17.66,56.6,56.6,25.0,25.0,gstreamer_multi
423,17.094,0.00,2.49,10.67,0.16,13.32,13.33,75.1,75.0,25.5,25.0,gstreamer_multi
424,17.150,0.00,4.63,13.28,0.16,18.07,18.07,55.4,55.3,24.5,25.0,gstreamer_multi
425,17.176,0.00,3.27,9.83,0.14,13.24,13.24,75.5,75.5,25.1,25.0,gstreamer_multi
426,17.229,0.00,4.65,12.71,0.14,17.51,17.51,57.1,57.1,24.8,25.0,gstreamer_multi
427,17.256,0.00,2.47,10.99,0.41,13.87,13.88,72.1,72.1,24.8,25.0,gstreamer_multi
428,17.308,0.00,3.87,14.79,0.14,18.80,18.81,53.2,53.2,24.6,25.0,gstreamer_multi
429,17.340,0.00,3.30,14.96,0.18,18.44,18.44,54.2,54.2,24.8,25.0,gstreamer_multi
430,17.386,0.00,2.75,14.65,0.18,17.57,17.58,56.9,56.9,24.7,25.0,gstreamer_multi
431,17.418,0.00,2.72,14.70,0.21,17.64,17.64,56.7,56.7,25.0,25.0,gstreamer_multi
432,17.468,0.00,2.79,14.80,0.16,17.75,17.75,56.3,56.3,24.7,25.0,gstreamer_multi
433,17.497,0.00,2.54,10.56,0.16,13.26,13.26,75.4,75.4,25.1,25.0,gstreamer_multi
434,17.546,0.00,3.64,9.17,0.40,13.21,13.21,75.7,75.7,24.9,25.0,gstreamer_multi
435,17.576,0.00,2.61,9.28,0.21,12.10,12.11,82.6,82.6,25.7,25.0,gstreamer_multi
436,17.625,0.00,3.37,9.96,0.15,13.48,13.48,74.2,74.2,24.8,25.0,gstreamer_multi
437,17.661,0.00,2.51,9.24,0.14,11.88,11.88,84.2,84.1,25.5,25.0,gstreamer_multi
438,17.710,0.00,2.39,11.16,0.15,13.70,13.70,73.0,73.0,25.2,25.0,gstreamer_multi
439,17.742,0.00,2.49,12.53,0.14,15.16,15.16,66.0,66.0,25.0,25.0,gstreamer_multi
440,17.787,0.00,2.40,9.25,0.16,11.82,11.82,84.6,84.6,25.3,25.0,gstreamer_multi
441,17.822,0.00,2.71,12.63,0.17,15.51,15.51,64.5,64.5,25.2,25.0,gstreamer_multi
442,17.862,0.00,3.58,9.83,0.20,13.61,13.61,73.5,73.5,24.9,25.0,gstreamer_multi
443,17.907,0.00,3.65,18.60,0.20,22.45,22.45,44.5,44.5,25.2,25.0,gstreamer_multi
444,17.954,0.00,4.70,15.40,0.16,20.25,20.25,49.4,49.4,24.5,25.0,gstreamer_multi
445,17.987,0.00,4.28,16.62,0.14,21.04,21.04,47.5,47.5,25.2,25.0,gstreamer_multi
446,18.031,0.00,2.63,14.38,0.18,17.19,17.19,58.2,58.2,24.5,25.0,gstreamer_multi
447,18.063,0.00,3.14,14.18,0.13,17.45,17.45,57.3,57.3,25.1,25.0,gstreamer_multi
448,18.106,0.00,2.61,9.22,0.16,11.98,11.99,83.4,83.4,25.1,25.0,gstreamer_multi
449,18.139,0.00,2.56,10.72,0.16,13.44,13.44,74.4,74.4,25.5,25.0,gstreamer_multi
450,18.193,0.00,5.48,10.60,0.15,16.23,16.24,61.6,61.6,24.9,25.0,gstreamer_multi
451,18.227,0.00,2.96,9.38,0.15,12.48,12.49,80.1,80.1,25.2,25.0,gstreamer_multi
452,18.260,0.00,3.15,11.19,0.15,14.48,14.49,69.0,69.0,24.8,25.0,gstreamer_multi
453,18.300,0.00,2.58,14.35,0.15,17.08,17.08,58.6,58.5,25.2,25.0,gstreamer_multi
454,18.350,0.00,2.57,14.54,0.15,17.27,17.27,57.9,57.9,24.5,25.0,gstreamer_multi
455,18.381,0.00,2.57,14.09,0.14,16.80,16.80,59.5,59.5,25.1,25.0,gstreamer_multi
456,18.430,0.00,2.77,15.14,0.20,18.10,18.11,55.2,55.2,24.8,25.0,gstreamer_multi
457,18.462,0.00,3.29,14.46,0.14,17.89,17.89,55.9,55.9,25.1,25.0,gstreamer_multi
458,18.504,0.00,2.50,10.34,0.15,12.99,12.99,77.0,77.0,25.1,25.0,gstreamer_multi
459,18.536,0.00,2.57,10.32,0.14,13.03,13.03,76.7,76.7,25.5,25.0,gstreamer_multi
460,18.583,0.00,2.69,9.57,0.19,12.45,12.45,80.3,80.3,25.2,25.0,gstreamer_multi
461,18.616,0.00,3.35,10.50,0.29,14.13,14.14,70.8,70.7,25.2,25.0,gstreamer_multi
462,18.661,0.00,2.88,9.89,0.16,12.92,12.93,77.4,77.4,24.9,25.0,gstreamer_multi
463,18.715,0.00,3.00,16.74,0.18,19.93,19.93,50.2,50.2,24.8,25.0,gstreamer_multi
464,18.748,0.00,2.45,14.47,0.16,17.08,17.08,58.5,58.5,24.5,25.0,gstreamer_multi
465,18.781,0.00,3.18,14.49,0.18,17.84,17.85,56.0,56.0,25.0,25.0,gstreamer_multi
466,18.833,0.00,3.84,17.23,0.20,21.28,21.28,47.0,47.0,24.6,25.0,gstreamer_multi
467,18.859,0.00,2.35,14.42,0.19,16.95,16.96,59.0,59.0,25.0,25.0,gstreamer_multi
468,18.902,0.00,2.57,9.61,0.14,12.33,12.33,81.1,81.1,25.3,25.0,gstreamer_multi
469,18.933,0.00,2.45,9.36,0.14,11.94,11.95,83.7,83.7,25.3,25.0,gstreamer_multi
470,18.987,0.00,4.67,10.53,0.18,15.39,15.39,65.0,65.0,24.8,25.0,gstreamer_multi
471,19.015,0.00,2.62,9.47,0.15,12.23,12.23,81.8,81.8,25.1,25.0,gstreamer_multi
472,19.064,0.00,3.62,9.59,0.14,13.35,13.35,74.9,74.9,24.9,25.0,gstreamer_multi
473,19.101,0.00,2.58,14.40,0.15,17.13,17.13,58.4,58.4,25.3,25.0,gstreamer_multi
474,19.149,0.00,2.59,15.19,0.20,17.98,17.98,55.6,55.6,24.9,25.0,gstreamer_multi
475,19.181,0.00,3.89,14.94,0.17,19.00,19.00,52.6,52.6,25.3,25.0,gstreamer_multi
476,19.230,0.00,2.78,16.71,0.18,19.68,19.69,50.8,50.8,25.1,25.0,gstreamer_multi
477,19.267,0.00,2.49,14.43,0.15,17.08,17.08,58.6,58.5,24.7,25.0,gstreamer_multi
478,19.295,0.00,4.27,9.56,0.16,13.99,14.00,71.5,71.4,25.1,25.0,gstreamer_multi
479,19.344,0.00,2.55,12.50,0.16,15.21,15.21,65.8,65.8,25.0,25.0,gstreamer_multi
480,19.390,0.00,3.46,10.36,0.20,14.02,14.02,71.3,71.3,25.0,25.0,gstreamer_multi
481,19.423,0.00,2.61,12.78,0.16,15.55,15.55,64.3,64.3,24.9,25.0,gstreamer_multi
482,19.456,0.00,2.45,9.33,0.18,11.97,11.97,83.6,83.5,25.2,25.0,gstreamer_multi
483,19.502,0.00,3.44,14.75,0.19,18.38,18.38,54.4,54.4,25.4,25.0,gstreamer_multi
484,19.542,0.00,2.44,14.29,0.16,16.90,16.90,59.2,59.2,25.2,25.0,gstreamer_multi
485,19.582,0.00,2.57,14.47,0.15,17.19,17.19,58.2,58.2,25.4,25.0,gstreamer_multi
486,19.628,0.00,2.43,14.53,0.14,17.10,17.10,58.5,58.5,24.8,25.0,gstreamer_multi
487,19.659,0.00,2.88,14.19,0.15,17.22,17.22,58.1,58.1,24.9,25.0,gstreamer_multi
488,19.693,0.00,2.38,9.50,0.14,12.02,12.02,83.2,83.2,24.9,25.0,gstreamer_multi
489,19.734,0.00,2.50,10.14,0.14,12.79,12.79,78.2,78.2,25.0,25.0,gstreamer_multi
490,19.786,0.00,4.33,10.83,0.14,15.30,15.31,65.3,65.3,24.9,25.0,gstreamer_multi
491,19.827,0.00,2.61,9.51,0.14,12.26,12.26,81.6,81.6,24.8,25.0,gstreamer_multi
492,19.857,0.00,3.22,10.86,0.14,14.22,14.22,70.3,70.3,25.4,25.0,gstreamer_multi
493,19.907,0.00,2.77,14.34,0.15,17.26,17.27,57.9,57.9,25.2,25.0,gstreamer_multi
494,19.942,0.00,2.56,14.36,0.15,17.07,17.07,58.6,58.6,25.2,25.0,gstreamer_multi
495,19.981,0.00,2.48,14.11,0.13,16.73,16.73,59.8,59.8,25.4,25.0,gstreamer_multi
496,20.023,0.00,3.31,14.40,0.13,17.85,17.85,56.0,56.0,25.2,25.0,gstreamer_multi
497,20.063,0.00,2.51,14.43,0.14,17.08,17.09,58.5,58.5,25.0,25.0,gstreamer_multi
498,20.099,0.00,2.66,9.41,0.13,12.21,12.21,81.9,81.9,24.8,25.0,gstreamer_multi
499,20.144,0.00,4.17,11.14,0.16,15.48,15.48,64.6,64.6,25.3,25.0,gstreamer_multi
500,20.179,0.00,2.46,9.90,0.15,12.51,12.51,80.0,79.9,24.8,25.0,gstreamer_multi
501,20.213,0.00,2.36,9.29,0.15,11.80,11.80,84.7,84.7,25.3,25.0,gstreamer_multi
502,20.254,0.00,2.41,9.32,0.15,11.89,11.89,84.1,84.1,25.4,25.0,gstreamer_multi
503,20.306,0.00,2.64,11.90,0.15,14.69,14.69,68.1,68.1,25.2,25.0,gstreamer_multi
504,20.340,0.00,2.52,14.48,0.14,17.13,17.13,58.4,58.4,25.0,25.0,gstreamer_multi
505,20.387,0.00,2.49,14.46,0.13,17.08,17.09,58.5,58.5,24.8,25.0,gstreamer_multi
506,20.434,0.00,3.09,14.32,0.16,17.58,17.58,56.9,56.9,24.9,25.0,gstreamer_multi
507,20.465,0.00,2.79,14.61,0.22,17.61,17.61,56.8,56.8,24.5,25.0,gstreamer_multi
508,20.509,0.00,2.51,10.19,0.16,12.86,12.86,77.8,77.8,25.2,25.0,gstreamer_multi
509,20.541,0.00,2.52,10.36,0.17,13.05,13.05,76.7,76.6,25.2,25.0,gstreamer_multi
510,20.591,0.00,2.57,11.51,0.26,14.33,14.34,69.8,69.7,24.7,25.0,gstreamer_multi
511,20.619,0.00,2.51,9.41,0.15,12.07,12.07,82.9,82.8,24.9,25.0,gstreamer_multi
512,20.656,0.00,2.42,9.33,0.14,11.89,11.89,84.1,84.1,25.1,25.0,gstreamer_multi
513,20.700,0.00,2.38,14.11,0.15,16.65,16.65,60.1,60.1,24.8,25.0,gstreamer_multi
514,20.750,0.00,3.43,14.62,0.15,18.19,18.20,55.0,55.0,24.6,25.0,gstreamer_multi
515,20.780,0.00,2.58,14.07,0.13,16.79,16.79,59.6,59.5,25.3,25.0,gstreamer_multi
516,20.820,0.00,2.45,14.17,0.16,16.78,16.78,59.6,59.6,25.0,25.0,gstreamer_multi
517,20.866,0.00,2.58,14.73,0.16,17.47,17.47,57.3,57.2,24.6,25.0,gstreamer_multi
518,20.907,0.00,2.43,9.47,0.16,12.07,12.07,82.9,82.9,24.9,25.0,gstreamer_multi
519,20.938,0.00,2.49,9.15,0.16,11.79,11.79,84.8,84.8,25.2,25.0,gstreamer_multi
520,20.990,0.00,3.59,11.29,0.14,15.02,15.02,66.6,66.6,24.8,25.0,gstreamer_multi
521,21.018,0.00,3.19,9.73,0.30,13.23,13.23,75.6,75.6,25.2,25.0,gstreamer_multi
522,21.062,0.00,2.59,9.65,0.28,12.52,12.52,79.9,79.9,25.2,25.0,gstreamer_multi
523,21.098,0.00,2.32,14.37,0.30,16.99,16.99,58.9,58.9,25.1,25.0,gstreamer_multi
524,21.154,0.00,5.82,14.83,0.26,20.91,20.92,47.8,47.8,24.6,25.0,gstreamer_multi
525,21.180,0.00,2.45,14.53,0.27,17.24,17.25,58.0,58.0,24.8,25.0,gstreamer_multi
526,21.227,0.00,2.49,14.84,0.29,17.62,17.62,56.8,56.8,24.7,25.0,gstreamer_multi
527,21.274,0.00,2.78,14.71,0.28,17.78,17.78,56.2,56.2,24.6,25.0,gstreamer_multi
528,21.300,0.00,2.35,9.40,0.28,12.03,12.03,83.1,83.1,25.1,25.0,gstreamer_multi
529,21.345,0.00,2.54,9.44,0.31,12.28,12.29,81.4,81.4,25.0,25.0,gstreamer_multi
530,21.378,0.00,2.71,9.54,0.27,12.53,12.53,79.8,79.8,25.0,25.0,gstreamer_multi
531,21.424,0.00,3.19,9.49,0.29,12.97,12.97,77.1,77.1,24.8,25.0,gstreamer_multi
532,21.454,0.00,2.38,9.26,0.28,11.92,11.92,83.9,83.9,25.3,25.0,gstreamer_multi
533,21.494,0.00,2.57,9.19,0.29,12.06,12.06,82.9,82.9,25.3,25.0,gstreamer_multi
534,21.536,0.00,3.72,9.99,0.36,14.06,14.07,71.1,71.1,25.4,25.0,gstreamer_multi
535,21.577,0.00,3.41,9.60,0.43,13.44,13.44,74.4,74.4,25.6,25.0,gstreamer_multi
536,21.618,0.00,4.33,9.44,0.30,14.08,14.08,71.0,71.0,25.4,25.0,gstreamer_multi
537,21.655,0.00,2.86,9.50,0.37,12.73,12.74,78.5,78.5,25.2,25.0,gstreamer_multi
538,21.699,0.00,2.43,14.26,0.27,16.96,16.96,59.0,58.9,25.0,25.0,gstreamer_multi
539,21.741,0.00,2.57,14.53,0.30,17.41,17.41,57.4,57.4,25.5,25.0,gstreamer_multi
540,21.781,0.00,2.45,14.51,0.36,17.31,17.32,57.8,57.8,25.1,25.0,gstreamer_multi
541,21.827,0.00,2.59,14.13,0.30,17.02,17.03,58.7,58.7,24.7,25.0,gstreamer_multi
542,21.865,0.00,2.49,14.47,0.25,17.21,17.21,58.1,58.1,25.0,25.0,gstreamer_multi
543,21.903,0.00,2.41,9.31,0.29,12.01,12.01,83.3,83.2,25.4,25.0,gstreamer_multi
544,21.936,0.00,2.67,9.49,0.27,12.43,12.43,80.4,80.4,25.1,25.0,gstreamer_multi
545,21.976,0.00,2.47,9.39,0.40,12.26,12.26,81.6,81.6,25.2,25.0,gstreamer_multi
546,22.022,0.00,2.96,13.89,0.40,17.25,17.25,58.0,58.0,25.3,25.0,gstreamer_multi
547,22.061,0.00,3.26,12.01,0.30,15.58,15.58,64.2,64.2,25.1,25.0,gstreamer_multi
548,22.106,0.00,2.53,16.55,0.42,19.50,19.50,51.3,51.3,24.7,25.0,gstreamer_multi
549,22.146,0.00,2.46,16.73,0.39,19.59,19.59,51.0,51.0,25.2,25.0,gstreamer_multi
550,22.184,0.00,2.50,14.24,0.32,17.06,17.09,58.6,58.5,25.0,25.0,gstreamer_multi
551,22.231,0.00,2.71,14.69,0.30,17.70,17.71,56.5,56.5,24.6,25.0,gstreamer_multi
552,22.259,0.00,2.65,14.62,0.28,17.54,17.55,57.0,57.0,24.7,25.0,gstreamer_multi
553,22.302,0.00,2.32,12.14,0.26,14.72,14.72,67.9,67.9,25.3,25.0,gstreamer_multi
554,22.338,0.00,2.33,9.32,0.24,11.88,11.88,84.2,84.2,25.1,25.0,gstreamer_multi
555,22.384,0.00,3.03,12.64,0.26,15.93,15.93,62.8,62.8,25.2,25.0,gstreamer_multi
556,22.424,0.00,2.79,10.78,0.25,13.81,13.82,72.4,72.4,25.4,25.0,gstreamer_multi
557,22.463,0.00,2.74,10.74,0.25,13.72,13.73,72.9,72.8,24.8,25.0,gstreamer_multi
558,22.508,0.00,2.37,15.65,0.24,18.25,18.26,54.8,54.8,25.0,25.0,gstreamer_multi
559,22.538,0.00,2.46,14.26,0.27,16.99,16.99,58.9,58.9,25.1,25.0,gstreamer_multi
560,22.579,0.00,2.53,14.38,0.36,17.27,17.27,57.9,57.9,25.1,25.0,gstreamer_multi
561,22.625,0.00,2.52,14.86,0.30,17.68,17.69,56.5,56.5,24.7,25.0,gstreamer_multi
562,22.664,0.00,2.56,14.37,0.26,17.20,17.20,58.2,58.1,24.8,25.0,gstreamer_multi
563,22.693,0.00,2.57,9.21,0.26,12.04,12.04,83.0,83.0,25.0,25.0,gstreamer_multi
564,22.738,0.00,4.67,9.58,0.51,14.76,14.76,67.8,67.7,25.0,25.0,gstreamer_multi
565,22.776,0.00,2.42,9.43,0.28,12.12,12.13,82.5,82.5,25.0,25.0,gstreamer_multi
566,22.815,0.00,2.47,9.31,0.27,12.04,12.05,83.0,83.0,25.0,25.0,gstreamer_multi
567,22.858,0.00,3.80,9.99,0.28,14.07,14.07,71.1,71.1,25.0,25.0,gstreamer_multi
568,22.899,0.00,2.58,12.88,0.30,15.77,15.77,63.4,63.4,25.0,25.0,gstreamer_multi
569,22.939,0.00,2.65,14.51,0.25,17.41,17.41,57.4,57.4,24.8,25.0,gstreamer_multi
570,22.979,0.00,2.52,14.25,0.26,17.02,17.03,58.7,58.7,25.2,25.0,gstreamer_multi
571,23.025,0.00,2.55,14.60,0.28,17.44,17.44,57.4,57.3,24.9,25.0,gstreamer_multi
572,23.071,0.00,2.68,14.38,0.28,17.33,17.34,57.7,57.7,24.7,25.0,gstreamer_multi
573,23.105,0.00,2.50,12.87,0.27,15.64,15.64,64.0,63.9,24.8,25.0,gstreamer_multi
574,23.148,0.00,2.62,13.80,0.25,16.66,16.67,60.0,60.0,24.9,25.0,gstreamer_multi
575,23.174,0.00,2.39,9.51,0.26,12.17,12.17,82.2,82.2,25.0,25.0,gstreamer_multi
576,23.215,0.00,3.03,9.64,0.27,12.94,12.94,77.3,77.3,25.1,25.0,gstreamer_multi
577,23.256,0.00,3.15,9.68,0.32,13.15,13.15,76.1,76.1,25.3,25.0,gstreamer_multi
578,23.300,0.00,2.56,13.60,0.27,16.43,16.43,60.9,60.9,25.3,25.0,gstreamer_multi
579,23.350,0.00,3.93,10.88,0.27,15.09,15.09,66.3,66.3,24.6,25.0,gstreamer_multi
580,23.380,0.00,2.62,9.43,0.28,12.33,12.33,81.1,81.1,25.4,25.0,gstreamer_multi
581,23.427,0.00,2.64,9.39,0.37,12.40,12.40,80.7,80.7,24.9,25.0,gstreamer_multi
582,23.463,0.00,2.71,10.56,0.31,13.58,13.58,73.7,73.6,25.0,25.0,gstreamer_multi
583,23.499,0.00,2.40,15.08,0.30,17.79,17.79,56.2,56.2,24.9,25.0,gstreamer_multi
584,23.546,0.00,2.39,14.07,0.31,16.77,16.77,59.6,59.6,24.9,25.0,gstreamer_multi
585,23.593,0.00,2.72,14.10,0.31,17.13,17.13,58.4,58.4,24.6,25.0,gstreamer_multi
586,23.625,0.00,2.41,15.05,0.27,17.73,17.73,56.4,56.4,24.8,25.0,gstreamer_multi
587,23.676,0.00,3.84,15.25,0.25,19.34,19.35,51.7,51.7,24.6,25.0,gstreamer_multi
588,23.699,0.00,2.35,9.11,0.27,11.73,11.73,85.2,85.2,25.0,25.0,gstreamer_multi
589,23.746,0.00,2.80,9.28,0.26,12.34,12.34,81.0,81.0,24.9,25.0,gstreamer_multi
590,23.777,0.00,2.54,9.05,0.13,11.72,11.73,85.3,85.3,25.2,25.0,gstreamer_multi
591,23.815,0.00,2.71,10.28,0.16,13.15,13.15,76.1,76.1,25.3,25.0,gstreamer_multi
592,23.865,0.00,3.69,10.07,0.26,14.02,14.03,71.3,71.3,24.6,25.0,gstreamer_multi
593,23.894,0.00,2.74,9.59,0.25,12.58,12.58,79.5,79.5,25.1,25.0,gstreamer_multi
594,23.945,0.00,3.19,9.96,0.29,13.44,13.44,74.4,74.4,24.6,25.0,gstreamer_multi
595,23.976,0.00,3.28,9.26,0.25,12.79,12.80,78.2,78.1,25.0,25.0,gstreamer_multi
596,24.027,0.00,2.58,11.29,0.28,14.15,14.15,70.7,70.6,24.8,25.0,gstreamer_multi
597,24.059,0.00,2.43,9.86,0.15,12.44,12.44,80.4,80.4,25.0,25.0,gstreamer_multi
598,24.119,0.00,3.49,19.95,0.14,23.57,23.58,42.4,42.4,24.7,25.0,gstreamer_multi
599,24.146,0.00,2.54,16.41,0.15,19.10,19.11,52.3,52.3,24.7,25.0,gstreamer_multi
600,24.190,0.00,2.39,14.36,0.19,16.94,16.95,59.0,59.0,24.8,25.0,gstreamer_multi
601,24.223,0.00,2.73,14.33,0.17,17.23,17.24,58.0,58.0,25.3,25.0,gstreamer_multi
602,24.266,0.00,2.68,14.40,0.14,17.21,17.22,58.1,58.1,24.8,25.0,gstreamer_multi
603,24.295,0.00,2.75,10.99,0.17,13.91,13.91,71.9,71.9,25.3,25.0,gstreamer_multi
604,24.343,0.00,2.91,9.45,0.17,12.54,12.54,79.8,79.7,24.9,25.0,gstreamer_multi
605,24.378,0.00,2.63,10.15,0.16,12.94,12.94,77.3,77.3,24.9,25.0,gstreamer_multi
606,24.418,0.00,2.38,9.23,0.13,11.74,11.74,85.2,85.1,24.9,25.0,gstreamer_multi
607,24.459,0.00,2.98,9.42,0.16,12.57,12.58,79.5,79.5,24.9,25.0,gstreamer_multi
608,24.505,0.00,2.58,14.20,0.16,16.94,16.95,59.0,59.0,25.3,25.0,gstreamer_multi
609,24.542,0.00,2.50,14.41,0.18,17.09,17.09,58.5,58.5,25.0,25.0,gstreamer_multi
610,24.582,0.00,2.56,14.40,0.18,17.15,17.15,58.3,58.3,25.3,25.0,gstreamer_multi
611,24.626,0.00,2.50,14.33,0.14,16.97,16.97,58.9,58.9,24.9,25.0,gstreamer_multi
612,24.666,0.00,2.77,14.47,0.16,17.40,17.40,57.5,57.5,24.9,25.0,gstreamer_multi
613,24.707,0.00,2.43,9.56,0.18,12.17,12.18,82.2,82.1,25.0,25.0,gstreamer_multi
614,24.736,0.00,4.19,9.74,0.19,14.13,14.14,70.8,70.7,25.6,25.0,gstreamer_multi
615,24.774,0.00,3.20,9.27,0.14,12.61,12.62,79.3,79.3,25.4,25.0,gstreamer_multi
616,24.819,0.00,5.23,10.06,0.14,15.43,15.44,64.8,64.8,25.5,25.0,gstreamer_multi
617,24.861,0.00,3.19,10.98,0.14,14.32,14.32,69.8,69.8,24.9,25.0,gstreamer_multi
618,24.904,0.00,2.41,14.42,0.14,16.97,16.97,58.9,58.9,25.1,25.0,gstreamer_multi
619,24.944,0.00,2.80,14.43,0.15,17.38,17.38,57.5,57.5,24.9,25.0,gstreamer_multi
620,24.985,0.00,2.50,15.00,0.18,17.69,17.69,56.5,56.5,24.8,25.0,gstreamer_multi
621,25.032,0.00,2.80,14.85,0.17,17.82,17.82,56.1,56.1,25.2,25.0,gstreamer_multi
622,25.061,0.00,2.52,14.50,0.17,17.19,17.19,58.2,58.2,24.8,25.0,gstreamer_multi
623,25.095,0.00,2.58,11.26,0.14,13.97,13.97,71.6,71.6,25.5,25.0,gstreamer_multi
624,25.140,0.00,4.40,9.82,0.18,14.40,14.40,69.5,69.4,24.9,25.0,gstreamer_multi
625,25.178,0.00,2.96,9.21,0.15,12.33,12.33,81.1,81.1,25.1,25.0,gstreamer_multi
626,25.219,0.00,2.41,9.51,0.13,12.06,12.06,83.0,82.9,24.9,25.0,gstreamer_multi
627,25.260,0.00,3.07,9.80,0.19,13.07,13.07,76.5,76.5,25.4,25.0,gstreamer_multi
628,25.309,0.00,2.65,18.24,0.19,21.09,21.09,47.4,47.4,25.0,25.0,gstreamer_multi
629,25.350,0.00,2.67,19.02,0.16,21.85,21.85,45.8,45.8,25.0,25.0,gstreamer_multi
630,25.382,0.00,2.47,14.52,0.15,17.14,17.14,58.3,58.3,24.8,25.0,gstreamer_multi
631,25.434,0.00,2.62,14.50,0.16,17.28,17.28,57.9,57.9,24.9,25.0,gstreamer_multi
632,25.465,0.00,3.31,14.88,0.18,18.37,18.37,54.4,54.4,24.6,25.0,gstreamer_multi
633,25.498,0.00,3.41,11.54,0.17,15.11,15.12,66.2,66.2,24.8,25.0,gstreamer_multi
634,25.546,0.00,2.87,12.39,0.15,15.41,15.41,64.9,64.9,24.7,25.0,gstreamer_multi
635,25.572,0.00,2.72,9.16,0.16,12.04,12.05,83.0,83.0,25.2,25.0,gstreamer_multi
636,25.628,0.00,3.34,10.11,0.18,13.62,13.63,73.4,73.4,24.9,25.0,gstreamer_multi
637,25.661,0.00,3.27,10.93,0.19,14.39,14.40,69.5,69.5,25.2,25.0,gstreamer_multi
638,25.700,0.00,2.65,14.54,0.14,17.33,17.33,57.7,57.7,25.0,25.0,gstreamer_multi
639,25.741,0.00,3.28,14.51,0.14,17.93,17.93,55.8,55.8,24.9,25.0,gstreamer_multi
640,25.791,0.00,4.17,14.68,0.14,18.99,18.99,52.7,52.6,24.9,25.0,gstreamer_multi
641,25.818,0.00,2.72,14.56,0.16,17.44,17.45,57.3,57.3,25.3,25.0,gstreamer_multi
642,25.858,0.00,2.41,14.73,0.17,17.31,17.32,57.8,57.7,25.3,25.0,gstreamer_multi
643,25.900,0.00,2.47,14.81,0.14,17.42,17.42,57.4,57.4,24.7,25.0,gstreamer_multi
644,25.952,0.00,2.95,13.50,0.14,16.59,16.59,60.3,60.3,24.5,25.0,gstreamer_multi
645,25.980,0.00,2.51,10.73,0.17,13.40,13.41,74.6,74.6,25.0,25.0,gstreamer_multi
646,26.030,0.00,3.79,9.89,0.18,13.86,13.86,72.2,72.1,24.6,25.0,gstreamer_multi
647,26.059,0.00,2.69,9.99,0.14,12.82,12.82,78.0,78.0,25.1,25.0,gstreamer_multi
648,26.107,0.00,2.64,11.00,0.15,13.79,13.80,72.5,72.5,24.9,25.0,gstreamer_multi
649,26.145,0.00,2.64,11.37,0.15,14.16,14.17,70.6,70.6,24.7,25.0,gstreamer_multi
650,26.174,0.00,2.47,9.45,0.15,12.07,12.07,82.9,82.8,25.3,25.0,gstreamer_multi
651,26.226,0.00,2.84,9.25,0.16,12.25,12.25,81.6,81.6,24.9,25.0,gstreamer_multi
652,26.258,0.00,2.57,10.88,0.15,13.60,13.60,73.5,73.5,25.0,25.0,gstreamer_multi
653,26.299,0.00,2.38,14.91,0.18,17.48,17.48,57.2,57.2,24.8,25.0,gstreamer_multi
654,26.350,0.00,2.47,17.89,0.15,20.51,20.52,48.7,48.7,24.7,25.0,gstreamer_multi
655,26.394,0.00,2.50,14.00,0.14,16.64,16.64,60.1,60.1,24.6,25.0,gstreamer_multi
656,26.425,0.00,2.62,14.52,0.13,17.26,17.26,57.9,57.9,24.7,25.0,gstreamer_multi
657,26.472,0.00,2.67,14.29,0.18,17.13,17.13,58.4,58.4,24.8,25.0,gstreamer_multi
658,26.500,0.00,2.51,10.73,0.15,13.39,13.39,74.7,74.7,25.5,25.0,gstreamer_multi
659,26.552,0.00,4.96,9.95,0.16,15.06,15.06,66.4,66.4,24.8,25.0,gstreamer_multi
660,26.583,0.00,3.09,13.06,0.15,16.30,16.30,61.3,61.3,25.2,25.0,gstreamer_multi
661,26.614,0.00,2.84,9.42,0.16,12.42,12.42,80.5,80.5,25.5,25.0,gstreamer_multi
662,26.661,0.00,2.71,9.23,0.16,12.10,12.11,82.6,82.6,25.2,25.0,gstreamer_multi
663,26.711,0.00,5.19,9.26,0.16,14.61,14.62,68.4,68.4,24.8,25.0,gstreamer_multi
664,26.742,0.00,3.99,9.79,0.16,13.95,13.95,71.7,71.7,24.8,25.0,gstreamer_multi
665,26.791,0.00,4.27,9.54,0.13,13.94,13.94,71.8,71.7,24.6,25.0,gstreamer_multi
666,26.822,0.00,4.26,9.47,0.37,14.11,14.11,70.9,70.9,25.1,25.0,gstreamer_multi
667,26.874,0.00,3.89,13.26,0.14,17.29,17.30,57.8,57.8,24.5,25.0,gstreamer_multi
668,26.904,0.00,2.76,14.93,0.14,17.82,17.83,56.1,56.1,24.8,25.0,gstreamer_multi
669,26.951,0.00,2.47,14.30,0.14,16.91,16.91,59.1,59.1,24.9,25.0,gstreamer_multi
670,26.982,0.00,2.44,14.12,0.16,16.72,16.72,59.8,59.8,24.7,25.0,gstreamer_multi
671,27.034,0.00,2.55,14.69,0.14,17.38,17.38,57.6,57.5,24.5,25.0,gstreamer_multi
672,27.066,0.00,3.24,14.56,0.14,17.94,17.94,55.7,55.7,24.9,25.0,gstreamer_multi
673,27.089,0.00,2.64,5.18,0.13,7.94,7.95,125.9,125.8,25.6,25.0,gstreamer_multi
674,27.143,0.00,5.30,6.32,0.13,11.75,11.75,85.1,85.1,25.0,25.0,gstreamer_multi
675,27.189,0.00,3.24,8.83,0.17,12.24,12.25,81.7,81.7,25.3,25.0,gstreamer_multi
676,27.225,0.00,3.09,5.66,0.15,8.91,8.92,112.2,112.2,24.8,25.0,gstreamer_multi
677,27.259,0.00,3.16,7.36,0.19,10.70,10.71,93.4,93.4,25.2,25.0,gstreamer_multi
678,27.316,0.00,5.47,14.78,0.17,20.41,20.42,49.0,49.0,24.9,25.0,gstreamer_multi
679,27.345,0.00,2.39,16.86,0.18,19.43,19.44,51.5,51.4,24.6,25.0,gstreamer_multi
680,27.391,0.00,3.14,15.08,0.18,18.40,18.40,54.4,54.3,24.7,25.0,gstreamer_multi
681,27.421,0.00,3.64,14.95,0.15,18.73,18.74,53.4,53.4,24.8,25.0,gstreamer_multi
682,27.463,0.00,2.81,14.58,0.19,17.57,17.57,56.9,56.9,24.9,25.0,gstreamer_multi
683,27.490,0.00,2.58,5.48,0.16,8.21,8.22,121.8,121.7,25.5,25.0,gstreamer_multi
684,27.542,0.00,2.93,8.84,0.16,11.93,11.93,83.9,83.8,25.5,25.0,gstreamer_multi
685,27.568,0.00,2.38,5.27,0.16,7.81,7.81,128.1,128.0,25.5,25.0,gstreamer_multi
686,27.623,0.00,3.98,9.26,0.17,13.40,13.41,74.6,74.6,25.2,25.0,gstreamer_multi
687,27.666,0.00,4.03,5.45,0.14,9.61,9.62,104.0,104.0,24.8,25.0,gstreamer_multi
688,27.695,0.00,2.51,5.43,0.14,8.08,8.08,123.8,123.8,25.5,25.0,gstreamer_multi
689,27.743,0.00,3.18,8.59,0.16,11.94,11.94,83.8,83.8,25.3,25.0,gstreamer_multi
690,27.772,0.00,2.45,7.65,0.15,10.25,10.26,97.5,97.5,25.0,25.0,gstreamer_multi
691,27.821,0.00,3.76,6.10,0.15,10.01,10.01,99.9,99.9,24.8,25.0,gstreamer_multi
692,27.858,0.00,3.24,6.28,0.14,9.67,9.67,103.4,103.4,25.5,25.0,gstreamer_multi
693,27.893,0.00,2.93,8.46,0.16,11.54,11.54,86.6,86.6,25.2,25.0,gstreamer_multi
694,27.941,0.00,4.50,5.48,0.16,10.13,10.14,98.7,98.6,25.5,25.0,gstreamer_multi
695,27.977,0.00,2.93,8.74,0.16,11.83,11.83,84.6,84.5,25.1,25.0,gstreamer_multi
696,28.021,0.00,2.91,5.25,0.13,8.29,8.29,120.7,120.6,25.4,25.0,gstreamer_multi
697,28.054,0.00,3.83,5.85,0.16,9.84,9.84,101.6,101.6,25.4,25.0,gstreamer_multi
698,28.099,0.00,3.27,5.52,0.16,8.95,8.95,111.7,111.7,25.4,25.0,gstreamer_multi
699,28.130,0.00,2.65,5.71,0.15,8.52,8.52,117.4,117.4,25.4,25.0,gstreamer_multi
700,28.180,0.00,4.04,5.61,0.13,9.77,9.78,102.3,102.2,25.5,25.0,gstreamer_multi
701,28.211,0.00,2.67,7.97,0.15,10.79,10.80,92.7,92.6,25.5,25.0,gstreamer_multi
702,28.263,0.00,5.74,8.63,0.19,14.56,14.57,68.7,68.7,24.6,25.0,gstreamer_multi
703,28.291,0.00,2.95,5.20,0.16,8.31,8.31,120.4,120.4,25.1,25.0,gstreamer_multi
704,28.340,0.00,2.47,5.60,0.16,8.22,8.22,121.6,121.6,25.1,25.0,gstreamer_multi
705,28.371,0.00,2.41,5.48,0.16,8.04,8.04,124.3,124.3,25.3,25.0,gstreamer_multi
706,28.424,0.00,3.45,9.74,0.19,13.37,13.38,74.8,74.8,24.9,25.0,gstreamer_multi
707,28.465,0.00,5.51,8.06,0.15,13.72,13.73,72.9,72.8,25.3,25.0,gstreamer_multi
708,28.492,0.00,2.56,8.33,0.31,11.20,11.21,89.3,89.2,25.3,25.0,gstreamer_multi
709,28.533,0.00,2.78,8.82,0.16,11.75,11.75,85.1,85.1,25.5,25.0,gstreamer_multi
710,28.571,0.00,2.61,5.61,0.16,8.38,8.38,119.4,119.4,25.4,25.0,gstreamer_multi
711,28.624,0.00,3.08,10.50,0.19,13.77,13.77,72.6,72.6,24.9,25.0,gstreamer_multi
712,28.652,0.00,2.42,7.63,0.18,10.23,10.24,97.7,97.7,25.0,25.0,gstreamer_multi
713,28.691,0.00,3.56,5.14,0.13,8.83,8.84,113.2,113.2,25.1,25.0,gstreamer_multi
714,28.739,0.00,5.90,6.35,0.13,12.38,12.38,80.8,80.7,24.8,25.0,gstreamer_multi
715,28.770,0.00,2.65,5.44,0.16,8.25,8.25,121.2,121.1,25.5,25.0,gstreamer_multi
716,28.819,0.00,2.70,7.93,0.15,10.78,10.78,92.8,92.8,25.1,25.0,gstreamer_multi
717,28.859,0.00,2.87,7.20,0.14,10.20,10.20,98.0,98.0,24.9,25.0,gstreamer_multi
718,28.902,0.00,4.37,5.84,0.17,10.38,10.38,96.4,96.3,24.9,25.0,gstreamer_multi
719,28.945,0.00,4.58,7.71,0.18,12.47,12.47,80.2,80.2,24.7,25.0,gstreamer_multi
720,28.972,0.00,3.06,5.67,0.14,8.87,8.88,112.7,112.7,25.2,25.0,gstreamer_multi
721,29.023,0.00,4.02,8.28,0.14,12.44,12.45,80.4,80.3,25.0,25.0,gstreamer_multi
722,29.058,0.00,3.16,6.01,0.15,9.32,9.33,107.3,107.2,24.9,25.0,gstreamer_multi
723,29.093,0.00,2.89,5.24,0.14,8.27,8.28,120.9,120.8,25.2,25.0,gstreamer_multi
724,29.142,0.00,5.64,7.48,0.15,13.27,13.28,75.3,75.3,24.9,25.0,gstreamer_multi
725,29.177,0.00,2.55,7.14,0.14,9.83,9.83,101.8,101.7,25.0,25.0,gstreamer_multi
726,29.219,0.00,3.30,8.47,0.13,11.90,11.90,84.0,84.0,24.8,25.0,gstreamer_multi
727,29.257,0.00,3.68,5.79,0.14,9.61,9.61,104.1,104.1,25.0,25.0,gstreamer_multi
728,29.306,0.00,3.32,10.01,0.20,13.53,13.54,73.9,73.9,24.7,25.0,gstreamer_multi
729,29.341,0.00,2.55,9.51,0.16,12.21,12.21,81.9,81.9,24.9,25.0,gstreamer_multi
730,29.383,0.00,2.82,9.70,0.13,12.65,12.65,79.1,79.0,24.7,25.0,gstreamer_multi
731,29.420,0.00,2.58,9.89,0.15,12.62,12.62,79.3,79.2,25.2,25.0,gstreamer_multi
732,29.461,0.00,3.04,10.57,0.17,13.78,13.78,72.6,72.5,24.7,25.0,gstreamer_multi
733,29.496,0.00,2.41,8.90,0.13,11.45,11.45,87.3,87.3,25.0,25.0,gstreamer_multi
734,29.539,0.00,2.84,9.66,0.15,12.66,12.66,79.0,79.0,24.8,25.0,gstreamer_multi
735,29.580,0.00,3.25,9.63,0.16,13.05,13.05,76.7,76.6,25.1,25.0,gstreamer_multi
736,29.621,0.00,3.30,9.75,0.18,13.23,13.23,75.6,75.6,25.1,25.0,gstreamer_multi
737,29.654,0.00,2.57,9.24,0.16,11.97,11.97,83.5,83.5,24.9,25.0,gstreamer_multi
738,29.697,0.00,2.87,9.00,0.19,12.05,12.06,83.0,82.9,24.9,25.0,gstreamer_multi
739,29.742,0.00,3.73,9.29,0.16,13.18,13.19,75.9,75.8,24.7,25.0,gstreamer_multi
740,29.780,0.00,2.75,9.53,0.33,12.61,12.61,79.3,79.3,25.3,25.0,gstreamer_multi
741,29.823,0.00,2.95,9.60,0.17,12.73,12.73,78.6,78.6,24.7,25.0,gstreamer_multi
742,29.860,0.00,2.80,9.73,0.14,12.67,12.68,78.9,78.9,24.9,25.0,gstreamer_multi
743,29.905,0.00,3.89,10.16,0.14,14.19,14.19,70.5,70.5,24.9,25.0,gstreamer_multi
744,29.934,0.00,2.50,10.47,0.27,13.24,13.24,75.5,75.5,24.9,25.0,gstreamer_multi
745,29.974,0.00,2.54,9.22,0.26,12.03,12.03,83.2,83.1,25.1,25.0,gstreamer_multi
746,30.017,0.00,3.19,9.70,0.14,13.03,13.03,76.7,76.7,25.2,25.0,gstreamer_multi
747,30.054,0.00,2.60,9.35,0.25,12.21,12.21,81.9,81.9,25.2,25.0,gstreamer_multi
748,30.098,0.00,3.48,10.52,0.27,14.27,14.27,70.1,70.1,25.2,25.0,gstreamer_multi
749,30.138,0.00,3.22,9.58,0.22,13.03,13.03,76.8,76.8,24.9,25.0,gstreamer_multi
750,30.181,0.00,2.57,9.90,0.26,12.74,12.74,78.5,78.5,25.0,25.0,gstreamer_multi
751,30.222,0.00,3.05,9.38,0.28,12.71,12.71,78.7,78.7,24.9,25.0,gstreamer_multi
752,30.272,0.00,3.45,9.41,0.27,13.12,13.12,76.2,76.2,24.5,25.0,gstreamer_multi
753,30.303,0.00,2.39,10.56,0.27,13.22,13.22,75.7,75.7,24.9,25.0,gstreamer_multi
754,30.342,0.00,2.61,13.92,0.26,16.79,16.79,59.6,59.6,25.0,25.0,gstreamer_multi
755,30.373,0.00,2.36,9.15,0.27,11.77,11.77,85.0,84.9,25.2,25.0,gstreamer_multi
756,30.424,0.00,4.13,9.90,0.35,14.39,14.39,69.5,69.5,25.0,25.0,gstreamer_multi
757,30.462,0.00,2.84,9.22,0.28,12.33,12.33,81.1,81.1,25.0,25.0,gstreamer_multi
758,30.507,0.00,3.97,10.28,0.35,14.60,14.60,68.5,68.5,24.9,25.0,gstreamer_multi
759,30.535,0.00,2.54,9.79,0.37,12.69,12.70,78.8,78.8,25.2,25.0,gstreamer_multi
760,30.576,0.00,3.25,10.17,0.36,13.78,13.78,72.6,72.6,25.2,25.0,gstreamer_multi
761,30.621,0.00,2.38,9.47,0.26,12.12,12.12,82.5,82.5,25.2,25.0,gstreamer_multi
762,30.673,0.00,4.25,9.98,0.18,14.42,14.42,69.4,69.3,24.7,25.0,gstreamer_multi
763,30.704,0.00,2.61,10.01,0.16,12.78,12.78,78.3,78.3,24.9,25.0,gstreamer_multi
764,30.736,0.00,2.57,9.12,0.13,11.82,11.83,84.6,84.6,25.1,25.0,gstreamer_multi
765,30.780,0.00,3.56,9.61,0.13,13.31,13.31,75.1,75.1,25.0,25.0,gstreamer_multi
766,30.822,0.00,3.81,10.44,0.25,14.50,14.50,69.0,69.0,24.9,25.0,gstreamer_multi
767,30.859,0.00,2.49,9.08,0.18,11.76,11.76,85.0,85.0,24.9,25.0,gstreamer_multi
768,30.901,0.00,2.83,9.70,0.15,12.68,12.68,78.9,78.9,24.9,25.0,gstreamer_multi
769,30.934,0.00,2.38,9.62,0.19,12.19,12.19,82.1,82.0,25.1,25.0,gstreamer_multi
770,30.978,0.00,3.50,10.42,0.14,14.05,14.06,71.2,71.1,25.2,25.0,gstreamer_multi
771,31.023,0.00,3.12,9.92,0.14,13.18,13.18,75.9,75.9,25.0,25.0,gstreamer_multi
772,31.056,0.00,3.23,10.77,0.15,14.16,14.16,70.6,70.6,25.3,25.0,gstreamer_multi
773,31.102,0.00,4.11,9.81,0.15,14.06,14.07,71.1,71.1,24.9,25.0,gstreamer_multi
774,31.141,0.00,3.47,10.10,0.14,13.72,13.72,72.9,72.9,24.9,25.0,gstreamer_multi
775,31.179,0.00,2.64,9.45,0.13,12.22,12.22,81.8,81.8,24.9,25.0,gstreamer_multi
776,31.220,0.00,2.75,9.38,0.16,12.28,12.29,81.4,81.4,24.9,25.0,gstreamer_multi
777,31.261,0.00,2.66,10.74,0.16,13.55,13.56,73.8,73.8,24.9,25.0,gstreamer_multi
778,31.303,0.00,4.07,10.53,0.14,14.73,14.74,67.9,67.9,25.0,25.0,gstreamer_multi
779,31.341,0.00,2.50,9.60,0.18,12.28,12.28,81.5,81.4,25.0,25.0,gstreamer_multi
780,31.383,0.00,2.88,9.68,0.16,12.71,12.71,78.7,78.7,24.9,25.0,gstreamer_multi
781,31.422,0.00,2.58,9.31,0.17,12.06,12.06,82.9,82.9,25.3,25.0,gstreamer_multi
782,31.460,0.00,2.80,9.39,0.14,12.33,12.33,81.1,81.1,25.2,25.0,gstreamer_multi
783,31.500,0.00,3.36,9.76,0.13,13.25,13.25,75.5,75.5,25.0,25.0,gstreamer_multi
784,31.540,0.00,2.99,9.18,0.13,12.31,12.31,81.2,81.2,24.8,25.0,gstreamer_multi
785,31.580,0.00,2.63,10.05,0.14,12.81,12.82,78.0,78.0,25.0,25.0,gstreamer_multi
786,31.621,0.00,3.05,9.52,0.13,12.70,12.70,78.7,78.7,25.0,25.0,gstreamer_multi
787,31.663,0.00,3.33,10.16,0.16,13.65,13.65,73.3,73.2,25.0,25.0,gstreamer_multi
788,31.708,0.00,2.87,14.33,0.14,17.34,17.34,57.7,57.7,24.8,25.0,gstreamer_multi
789,31.741,0.00,2.35,14.32,0.14,16.81,16.81,59.5,59.5,24.9,25.0,gstreamer_multi
790,31.784,0.00,2.68,14.31,0.16,17.15,17.15,58.3,58.3,25.0,25.0,gstreamer_multi
791,31.830,0.00,2.67,15.00,0.16,17.84,17.84,56.1,56.1,25.0,25.0,gstreamer_multi
792,31.859,0.00,2.47,14.31,0.14,16.92,16.92,59.1,59.1,25.1,25.0,gstreamer_multi
793,31.898,0.00,2.53,14.68,0.15,17.36,17.36,57.6,57.6,25.0,25.0,gstreamer_multi
794,31.936,0.00,2.47,9.28,0.17,11.92,11.92,83.9,83.9,25.2,25.0,gstreamer_multi
795,31.980,0.00,2.73,9.68,0.18,12.60,12.60,79.4,79.4,25.0,25.0,gstreamer_multi
796,32.023,0.00,4.77,9.80,0.14,14.71,14.71,68.0,68.0,25.1,25.0,gstreamer_multi
797,32.062,0.00,3.15,11.32,0.16,14.63,14.64,68.3,68.3,25.1,25.0,gstreamer_multi
798,32.102,0.00,3.10,9.89,0.13,13.12,13.12,76.2,76.2,24.8,25.0,gstreamer_multi
799,32.132,0.00,2.59,9.44,0.16,12.19,12.19,82.0,82.0,25.1,25.0,gstreamer_multi
800,32.173,0.00,3.18,9.52,0.15,12.85,12.85,77.8,77.8,25.1,25.0,gstreamer_multi
801,32.223,0.00,3.58,9.55,0.17,13.30,13.30,75.2,75.2,24.7,25.0,gstreamer_multi
802,32.260,0.00,2.48,11.03,0.19,13.70,13.70,73.0,73.0,24.9,25.0,gstreamer_multi
803,32.308,0.00,3.10,14.71,0.17,17.98,17.98,55.6,55.6,24.9,25.0,gstreamer_multi
804,32.347,0.00,2.86,14.41,0.14,17.40,17.41,57.5,57.4,24.9,25.0,gstreamer_multi
805,32.378,0.00,2.62,14.28,0.16,17.05,17.05,58.6,58.6,25.1,25.0,gstreamer_multi
806,32.419,0.00,2.79,14.18,0.14,17.11,17.11,58.4,58.4,25.1,25.0,gstreamer_multi
807,32.463,0.00,2.35,14.22,0.15,16.72,16.72,59.8,59.8,24.9,25.0,gstreamer_multi
808,32.498,0.00,3.43,9.69,0.15,13.27,13.27,75.3,75.3,25.1,25.0,gstreamer_multi
809,32.541,0.00,3.54,10.51,0.18,14.24,14.24,70.2,70.2,25.1,25.0,gstreamer_multi
810,32.579,0.00,2.59,9.72,0.19,12.51,12.51,79.9,79.9,25.0,25.0,gstreamer_multi
811,32.624,0.00,2.76,11.16,0.16,14.08,14.08,71.0,71.0,24.6,25.0,gstreamer_multi
812,32.671,0.00,2.54,11.20,0.13,13.87,13.88,72.1,72.1,24.7,25.0,gstreamer_multi
813,32.707,0.00,2.48,14.18,0.19,16.85,16.85,59.3,59.3,24.9,25.0,gstreamer_multi
814,32.737,0.00,2.39,14.32,0.13,16.84,16.84,59.4,59.4,25.1,25.0,gstreamer_multi
815,32.779,0.00,2.84,14.44,0.14,17.41,17.41,57.4,57.4,25.1,25.0,gstreamer_multi
816,32.826,0.00,3.85,15.73,0.13,19.71,19.72,50.7,50.7,24.9,25.0,gstreamer_multi
817,32.862,0.00,2.51,14.11,0.14,16.76,16.76,59.7,59.7,25.0,25.0,gstreamer_multi
818,32.904,0.00,2.49,14.31,0.13,16.92,16.93,59.1,59.1,24.7,25.0,gstreamer_multi
819,32.946,0.00,2.35,9.48,0.18,12.01,12.01,83.3,83.3,24.9,25.0,gstreamer_multi
820,32.982,0.00,2.66,14.11,0.15,16.91,16.92,59.1,59.1,25.1,25.0,gstreamer_multi
821,33.029,0.00,2.55,10.10,0.13,12.78,12.78,78.3,78.3,24.9,25.0,gstreamer_multi
822,33.059,0.00,2.51,9.32,0.14,11.96,11.96,83.6,83.6,25.0,25.0,gstreamer_multi
823,33.093,0.00,2.60,9.32,0.15,12.08,12.08,82.8,82.8,25.0,25.0,gstreamer_multi
824,33.144,0.00,3.75,10.47,0.14,14.36,14.36,69.6,69.6,24.7,25.0,gstreamer_multi
825,33.190,0.00,3.04,10.65,0.14,13.84,13.85,72.2,72.2,24.9,25.0,gstreamer_multi
826,33.224,0.00,2.54,12.58,0.19,15.30,15.31,65.3,65.3,24.8,25.0,gstreamer_multi
827,33.270,0.00,3.11,10.39,0.14,13.65,13.65,73.3,73.3,25.0,25.0,gstreamer_multi
828,33.308,0.00,2.54,17.86,0.13,20.53,20.53,48.7,48.7,24.6,25.0,gstreamer_multi
829,33.352,0.00,2.52,14.29,0.16,16.97,16.97,58.9,58.9,24.5,25.0,gstreamer_multi
830,33.388,0.00,3.28,17.91,0.19,21.38,21.38,46.8,46.8,24.8,25.0,gstreamer_multi
831,33.418,0.00,2.53,14.54,0.15,17.22,17.22,58.1,58.1,25.0,25.0,gstreamer_multi
832,33.465,0.00,2.66,15.95,0.14,18.76,18.76,53.3,53.3,24.8,25.0,gstreamer_multi
833,33.494,0.00,2.48,9.64,0.18,12.31,12.31,81.2,81.2,25.3,25.0,gstreamer_multi
834,33.544,0.00,3.44,9.82,0.14,13.39,13.40,74.7,74.7,24.9,25.0,gstreamer_multi
835,33.576,0.00,2.56,9.15,0.16,11.87,11.88,84.2,84.2,25.0,25.0,gstreamer_multi
836,33.630,0.00,4.86,9.52,0.15,14.53,14.53,68.8,68.8,24.8,25.0,gstreamer_multi
837,33.658,0.00,3.36,9.76,0.20,13.32,13.33,75.1,75.0,25.1,25.0,gstreamer_multi
838,33.712,0.00,4.03,15.09,0.15,19.26,19.27,51.9,51.9,24.6,25.0,gstreamer_multi
839,33.743,0.00,3.27,14.87,0.18,18.32,18.32,54.6,54.6,24.8,25.0,gstreamer_multi
840,33.792,0.00,3.62,16.29,0.15,20.06,20.06,49.9,49.9,24.9,25.0,gstreamer_multi
841,33.822,0.00,4.26,14.82,0.16,19.24,19.24,52.0,52.0,25.2,25.0,gstreamer_multi
842,33.864,0.00,2.63,14.48,0.16,17.27,17.27,57.9,57.9,24.8,25.0,gstreamer_multi
843,33.895,0.00,2.60,10.02,0.17,12.79,12.79,78.2,78.2,25.1,25.0,gstreamer_multi
844,33.942,0.00,2.87,9.44,0.15,12.46,12.46,80.2,80.2,25.0,25.0,gstreamer_multi
845,33.991,0.00,3.18,9.53,0.13,12.84,12.85,77.9,77.8,24.7,25.0,gstreamer_multi
846,34.022,0.00,4.26,9.86,0.48,14.60,14.61,68.5,68.5,24.8,25.0,gstreamer_multi
847,34.068,0.00,2.66,10.66,0.17,13.49,13.49,74.1,74.1,25.1,25.0,gstreamer_multi
848,34.119,0.00,3.48,19.47,0.15,23.11,23.11,43.3,43.3,24.6,25.0,gstreamer_multi
849,34.145,0.00,3.25,15.01,0.14,18.40,18.40,54.4,54.3,25.0,25.0,gstreamer_multi
850,34.192,0.00,2.40,14.61,0.14,17.16,17.16,58.3,58.3,24.7,25.0,gstreamer_multi
851,34.225,0.00,3.03,15.14,0.16,18.33,18.33,54.6,54.6,24.9,25.0,gstreamer_multi
852,34.265,0.00,2.42,14.69,0.17,17.28,17.28,57.9,57.9,24.5,25.0,gstreamer_multi
853,34.298,0.00,2.44,14.34,0.13,16.92,16.92,59.1,59.1,25.1,25.0,gstreamer_multi
854,34.341,0.00,2.55,9.21,0.14,11.89,11.89,84.1,84.1,25.2,25.0,gstreamer_multi
855,34.373,0.00,2.47,9.52,0.19,12.18,12.18,82.1,82.1,25.5,25.0,gstreamer_multi
856,34.421,0.00,3.14,9.83,0.15,13.12,13.12,76.2,76.2,25.2,25.0,gstreamer_multi
857,34.471,0.00,4.50,9.76,0.15,14.41,14.42,69.4,69.4,24.8,25.0,gstreamer_multi
858,34.505,0.00,3.41,14.83,0.16,18.40,18.40,54.4,54.4,25.2,25.0,gstreamer_multi
859,34.553,0.00,2.94,14.99,0.16,18.09,18.09,55.3,55.3,24.8,25.0,gstreamer_multi
860,34.585,0.00,3.25,14.98,0.15,18.39,18.39,54.4,54.4,25.0,25.0,gstreamer_multi
861,34.633,0.00,2.89,14.79,0.14,17.82,17.82,56.1,56.1,24.8,25.0,gstreamer_multi
862,34.666,0.00,2.92,14.37,0.14,17.43,17.43,57.4,57.4,24.5,25.0,gstreamer_multi
863,34.715,0.00,3.54,14.22,0.16,17.92,17.92,55.8,55.8,24.5,25.0,gstreamer_multi
864,34.743,0.00,4.26,9.51,0.14,13.90,13.91,71.9,71.9,24.9,25.0,gstreamer_multi
865,34.774,0.00,2.45,9.16,0.18,11.80,11.80,84.8,84.8,25.6,25.0,gstreamer_multi
866,34.822,0.00,2.57,9.59,0.17,12.33,12.33,81.1,81.1,24.9,25.0,gstreamer_multi
867,34.853,0.00,2.48,9.18,0.16,11.82,11.82,84.6,84.6,25.6,25.0,gstreamer_multi
868,34.908,0.00,3.60,14.86,0.13,18.60,18.60,53.8,53.8,24.9,25.0,gstreamer_multi
869,34.947,0.00,2.54,14.71,0.14,17.39,17.39,57.5,57.5,25.2,25.0,gstreamer_multi
870,34.982,0.00,2.56,14.14,0.13,16.83,16.84,59.4,59.4,24.9,25.0,gstreamer_multi
871,35.031,0.00,2.49,14.38,0.16,17.03,17.03,58.7,58.7,25.0,25.0,gstreamer_multi
872,35.059,0.00,3.31,14.76,0.13,18.20,18.20,54.9,54.9,24.7,25.0,gstreamer_multi
873,35.098,0.00,2.94,9.73,0.15,12.82,12.82,78.0,78.0,25.0,25.0,gstreamer_multi
874,35.135,0.00,2.89,9.54,0.15,12.58,12.58,79.5,79.5,25.6,25.0,gstreamer_multi
875,35.180,0.00,4.56,11.01,0.14,15.71,15.71,63.7,63.6,25.4,25.0,gstreamer_multi
876,35.217,0.00,3.46,9.88,0.13,13.47,13.47,74.2,74.2,25.2,25.0,gstreamer_multi
877,35.257,0.00,3.12,9.49,0.17,12.77,12.78,78.3,78.3,25.5,25.0,gstreamer_multi
878,35.303,0.00,3.14,14.62,0.19,17.94,17.94,55.7,55.7,25.3,25.0,gstreamer_multi
879,35.342,0.00,2.48,14.09,0.14,16.70,16.71,59.9,59.9,25.5,25.0,gstreamer_multi
880,35.387,0.00,2.77,18.72,0.14,21.63,21.63,46.2,46.2,24.8,25.0,gstreamer_multi
881,35.430,0.00,3.13,14.41,0.16,17.70,17.70,56.5,56.5,24.8,25.0,gstreamer_multi
882,35.466,0.00,3.51,14.99,0.14,18.65,18.65,53.6,53.6,24.9,25.0,gstreamer_multi
883,35.504,0.00,2.56,8.81,0.19,11.56,11.56,86.5,86.5,24.8,25.0,gstreamer_multi
884,35.542,0.00,3.01,9.09,0.16,12.25,12.26,81.6,81.6,24.8,25.0,gstreamer_multi
885,35.575,0.00,2.78,11.39,0.17,14.34,14.35,69.7,69.7,25.1,25.0,gstreamer_multi
886,35.624,0.00,4.07,10.21,0.18,14.45,14.45,69.2,69.2,25.1,25.0,gstreamer_multi
887,35.672,0.00,4.01,11.09,0.14,15.23,15.24,65.7,65.6,25.1,25.0,gstreamer_multi
888,35.697,0.00,2.55,13.27,0.16,15.98,15.98,62.6,62.6,25.3,25.0,gstreamer_multi
889,35.747,0.00,3.22,15.35,0.13,18.69,18.70,53.5,53.5,24.8,25.0,gstreamer_multi
890,35.793,0.00,2.62,14.92,0.16,17.70,17.70,56.5,56.5,25.0,25.0,gstreamer_multi
891,35.826,0.00,3.36,15.78,0.16,19.29,19.29,51.8,51.8,25.2,25.0,gstreamer_multi
892,35.865,0.00,2.31,15.27,0.17,17.75,17.75,56.3,56.3,25.3,25.0,gstreamer_multi
893,35.892,0.00,2.44,8.95,0.16,11.55,11.56,86.6,86.5,25.2,25.0,gstreamer_multi
894,35.943,0.00,3.29,9.85,0.17,13.31,13.31,75.1,75.1,24.6,25.0,gstreamer_multi
895,35.994,0.00,5.23,11.87,0.14,17.23,17.23,58.0,58.0,24.5,25.0,gstreamer_multi
896,36.023,0.00,2.68,12.73,0.13,15.53,15.54,64.4,64.4,24.6,25.0,gstreamer_multi
897,36.070,0.00,3.63,11.28,0.15,15.06,15.06,66.4,66.4,24.9,25.0,gstreamer_multi
898,36.104,0.00,4.35,14.99,0.16,19.50,19.50,51.3,51.3,25.0,25.0,gstreamer_multi
899,36.150,0.00,2.89,14.41,0.15,17.45,17.46,57.3,57.3,24.8,25.0,gstreamer_multi
900,36.183,0.00,4.23,14.43,0.15,18.82,18.82,53.1,53.1,25.1,25.0,gstreamer_multi
901,36.235,0.00,3.72,16.04,0.20,19.96,19.97,50.1,50.1,24.8,25.0,gstreamer_multi
902,36.267,0.00,4.56,15.49,0.19,20.24,20.24,49.4,49.4,24.8,25.0,gstreamer_multi
903,36.295,0.00,3.46,10.87,0.20,14.53,14.53,68.8,68.8,25.1,25.0,gstreamer_multi
904,36.344,0.00,3.00,10.75,0.16,13.91,13.91,71.9,71.9,24.6,25.0,gstreamer_multi
905,36.392,0.00,3.81,10.76,0.24,14.81,14.81,67.5,67.5,24.5,25.0,gstreamer_multi
906,36.424,0.00,2.46,12.84,0.16,15.46,15.47,64.7,64.7,24.9,25.0,gstreamer_multi
907,36.462,0.00,3.10,9.34,0.15,12.59,12.59,79.4,79.4,24.8,25.0,gstreamer_multi
908,36.498,0.00,2.60,14.38,0.28,17.26,17.26,57.9,57.9,25.1,25.0,gstreamer_multi
909,36.540,0.00,2.57,14.51,0.18,17.27,17.27,57.9,57.9,25.3,25.0,gstreamer_multi
910,36.581,0.00,2.79,14.44,0.18,17.41,17.41,57.4,57.4,25.5,25.0,gstreamer_multi
911,36.630,0.00,2.86,14.82,0.18,17.86,17.86,56.0,56.0,24.9,25.0,gstreamer_multi
912,36.659,0.00,2.93,14.70,0.17,17.79,17.80,56.2,56.2,25.2,25.0,gstreamer_multi
913,36.707,0.00,3.70,9.90,0.14,13.75,13.75,72.7,72.7,24.9,25.0,gstreamer_multi
914,36.737,0.00,2.54,9.47,0.15,12.17,12.17,82.2,82.2,24.8,25.0,gstreamer_multi
915,36.779,0.00,3.03,9.37,0.13,12.53,12.54,79.8,79.8,25.3,25.0,gstreamer_multi
916,36.824,0.00,3.08,12.49,0.14,15.71,15.72,63.6,63.6,25.1,25.0,gstreamer_multi
917,36.861,0.00,2.66,9.48,0.14,12.28,12.28,81.4,81.4,25.1,25.0,gstreamer_multi
918,36.898,0.00,2.54,14.55,0.15,17.23,17.23,58.0,58.0,25.4,25.0,gstreamer_multi
919,36.938,0.00,2.40,14.62,0.18,17.21,17.21,58.1,58.1,25.5,25.0,gstreamer_multi
920,36.980,0.00,2.56,14.76,0.14,17.46,17.46,57.3,57.3,25.2,25.0,gstreamer_multi
921,37.029,0.00,2.41,15.75,0.16,18.31,18.31,54.6,54.6,24.9,25.0,gstreamer_multi
922,37.059,0.00,2.72,14.69,0.14,17.55,17.55,57.0,57.0,24.6,25.0,gstreamer_multi
923,37.107,0.00,2.96,11.66,0.14,14.76,14.76,67.7,67.7,25.2,25.0,gstreamer_multi
924,37.135,0.00,2.51,9.41,0.13,12.05,12.05,83.0,83.0,25.5,25.0,gstreamer_multi
925,37.182,0.00,4.27,9.80,0.16,14.22,14.23,70.3,70.3,25.3,25.0,gstreamer_multi
926,37.220,0.00,3.18,9.62,0.15,12.96,12.96,77.2,77.2,25.4,25.0,gstreamer_multi
927,37.256,0.00,2.76,9.62,0.19,12.57,12.57,79.6,79.6,25.2,25.0,gstreamer_multi
928,37.306,0.00,4.85,11.53,0.16,16.54,16.55,60.5,60.4,25.3,25.0,gstreamer_multi
929,37.349,0.00,2.45,17.25,0.17,19.88,19.88,50.3,50.3,24.9,25.0,gstreamer_multi
930,37.386,0.00,2.51,14.00,0.17,16.68,16.68,60.0,60.0,25.4,25.0,gstreamer_multi
931,37.432,0.00,2.54,14.47,0.15,17.16,17.16,58.3,58.3,24.9,25.0,gstreamer_multi
932,37.459,0.00,3.24,14.86,0.15,18.25,18.26,54.8,54.8,24.6,25.0,gstreamer_multi
933,37.493,0.00,2.39,9.12,0.13,11.64,11.64,85.9,85.9,25.5,25.0,gstreamer_multi
934,37.547,0.00,3.85,12.11,0.13,16.09,16.09,62.2,62.1,25.2,25.0,gstreamer_multi
935,37.588,0.00,2.50,9.95,0.17,12.62,12.63,79.2,79.2,24.9,25.0,gstreamer_multi
936,37.620,0.00,2.49,9.44,0.15,12.08,12.09,82.8,82.7,25.2,25.0,gstreamer_multi
937,37.667,0.00,2.56,9.61,0.14,12.30,12.31,81.3,81.3,24.8,25.0,gstreamer_multi
938,37.704,0.00,2.49,14.26,0.13,16.88,16.88,59.2,59.2,24.7,25.0,gstreamer_multi
939,37.753,0.00,3.56,14.31,0.16,18.03,18.03,55.5,55.5,24.5,25.0,gstreamer_multi
940,37.782,0.00,2.84,14.81,0.14,17.79,17.79,56.2,56.2,25.1,25.0,gstreamer_multi
941,37.832,0.00,2.58,14.40,0.14,17.11,17.11,58.4,58.4,24.5,25.0,gstreamer_multi
942,37.863,0.00,2.61,14.48,0.17,17.26,17.27,57.9,57.9,24.8,25.0,gstreamer_multi
943,37.893,0.00,2.46,9.59,0.15,12.21,12.21,81.9,81.9,25.2,25.0,gstreamer_multi
944,37.946,0.00,3.13,12.49,0.14,15.76,15.76,63.5,63.4,24.7,25.0,gstreamer_multi
945,37.974,0.00,2.50,9.33,0.13,11.96,11.97,83.6,83.6,25.2,25.0,gstreamer_multi
946,38.025,0.00,4.14,9.54,0.16,13.84,13.84,72.3,72.2,24.7,25.0,gstreamer_multi
947,38.054,0.00,2.55,9.60,0.19,12.34,12.34,81.1,81.0,25.1,25.0,gstreamer_multi
948,38.111,0.00,3.34,17.06,0.16,20.56,20.56,48.6,48.6,24.6,25.0,gstreamer_multi
949,38.138,0.00,2.36,14.30,0.15,16.82,16.82,59.5,59.4,24.8,25.0,gstreamer_multi
950,38.186,0.00,2.68,14.53,0.15,17.36,17.36,57.6,57.6,25.1,25.0,gstreamer_multi
951,38.219,0.00,2.65,14.59,0.16,17.40,17.41,57.5,57.5,25.0,25.0,gstreamer_multi
952,38.263,0.00,2.82,14.51,0.15,17.48,17.48,57.2,57.2,24.9,25.0,gstreamer_multi
953,38.307,0.00,2.47,9.47,0.19,12.13,12.13,82.5,82.4,24.8,25.0,gstreamer_multi
954,38.341,0.00,2.40,9.60,0.14,12.14,12.14,82.4,82.4,25.0,25.0,gstreamer_multi
955,38.391,0.00,3.55,10.45,0.15,14.14,14.15,70.7,70.7,24.6,25.0,gstreamer_multi
956,38.420,0.00,2.79,9.63,0.14,12.56,12.56,79.6,79.6,25.1,25.0,gstreamer_multi
957,38.474,0.00,4.28,12.21,0.16,16.65,16.66,60.1,60.0,24.7,25.0,gstreamer_multi
958,38.499,0.00,3.28,14.63,0.14,18.04,18.05,55.4,55.4,25.4,25.0,gstreamer_multi
959,38.540,0.00,2.45,14.80,0.16,17.41,17.41,57.4,57.4,25.2,25.0,gstreamer_multi
960,38.580,0.00,2.44,14.54,0.15,17.12,17.13,58.4,58.4,25.4,25.0,gstreamer_multi
961,38.620,0.00,2.52,14.25,0.14,16.91,16.91,59.1,59.1,25.0,25.0,gstreamer_multi
962,38.673,0.00,3.42,14.70,0.15,18.27,18.27,54.7,54.7,24.5,25.0,gstreamer_multi
963,38.704,0.00,2.57,12.29,0.18,15.05,15.05,66.5,66.5,25.2,25.0,gstreamer_multi
964,38.742,0.00,2.91,9.75,0.18,12.84,12.84,77.9,77.9,25.0,25.0,gstreamer_multi
965,38.773,0.00,2.61,9.69,0.16,12.45,12.46,80.3,80.3,25.0,25.0,gstreamer_multi
966,38.816,0.00,3.41,10.19,0.14,13.74,13.74,72.8,72.8,25.1,25.0,gstreamer_multi
967,38.857,0.00,4.14,10.54,0.14,14.82,14.82,67.5,67.5,25.3,25.0,gstreamer_multi
968,38.898,0.00,2.97,9.62,0.18,12.78,12.78,78.3,78.2,25.4,25.0,gstreamer_multi
969,38.939,0.00,2.53,9.80,0.18,12.52,12.52,79.9,79.9,25.2,25.0,gstreamer_multi
970,38.979,0.00,2.57,10.08,0.14,12.79,12.79,78.2,78.2,25.4,25.0,gstreamer_multi
971,39.018,0.00,2.64,11.03,0.44,14.12,14.12,70.8,70.8,25.4,25.0,gstreamer_multi
972,39.070,0.00,3.42,12.39,0.14,15.95,15.95,62.7,62.7,24.5,25.0,gstreamer_multi
973,39.107,0.00,2.63,14.56,0.15,17.34,17.35,57.7,57.7,25.3,25.0,gstreamer_multi
974,39.140,0.00,2.53,14.41,0.15,17.09,17.09,58.5,58.5,24.8,25.0,gstreamer_multi
975,39.184,0.00,3.20,14.49,0.16,17.85,17.86,56.0,56.0,25.4,25.0,gstreamer_multi
976,39.228,0.00,3.13,17.84,0.15,21.11,21.12,47.4,47.4,24.6,25.0,gstreamer_multi
977,39.265,0.00,2.64,15.69,0.15,18.48,18.49,54.1,54.1,25.3,25.0,gstreamer_multi
978,39.301,0.00,3.36,10.33,0.14,13.82,13.83,72.3,72.3,25.1,25.0,gstreamer_multi
979,39.344,0.00,2.43,12.71,0.15,15.29,15.29,65.4,65.4,25.1,25.0,gstreamer_multi
980,39.388,0.00,2.42,10.75,0.15,13.32,13.32,75.1,75.1,24.9,25.0,gstreamer_multi
981,39.418,0.00,2.53,9.43,0.14,12.10,12.10,82.7,82.6,25.3,25.0,gstreamer_multi
982,39.464,0.00,3.32,12.34,0.16,15.83,15.83,63.2,63.2,25.0,25.0,gstreamer_multi
983,39.509,0.00,2.51,19.18,0.18,21.88,21.88,45.7,45.7,24.7,25.0,gstreamer_multi
984,39.548,0.00,2.59,17.19,0.16,19.94,19.94,50.2,50.1,25.2,25.0,gstreamer_multi
985,39.588,0.00,2.48,15.85,0.14,18.47,18.48,54.1,54.1,24.9,25.0,gstreamer_multi
986,39.618,0.00,2.52,14.43,0.19,17.13,17.14,58.4,58.4,25.4,25.0,gstreamer_multi
987,39.665,0.00,3.79,15.46,0.18,19.43,19.43,51.5,51.5,24.7,25.0,gstreamer_multi
988,39.699,0.00,2.45,9.80,0.14,12.39,12.39,80.7,80.7,24.9,25.0,gstreamer_multi
989,39.740,0.00,2.62,9.47,0.16,12.25,12.25,81.6,81.6,24.9,25.0,gstreamer_multi
990,39.780,0.00,2.58,9.83,0.20,12.60,12.60,79.4,79.3,25.2,25.0,gstreamer_multi
991,39.819,0.00,2.63,9.25,0.15,12.03,12.04,83.1,83.1,25.2,25.0,gstreamer_multi
992,39.860,0.00,2.56,9.58,0.16,12.30,12.30,81.3,81.3,25.0,25.0,gstreamer_multi
993,39.906,0.00,2.43,14.58,0.13,17.15,17.15,58.3,58.3,25.0,25.0,gstreamer_multi
994,39.951,0.00,2.48,14.43,0.16,17.07,17.07,58.6,58.6,24.5,25.0,gstreamer_multi
995,39.981,0.00,3.27,14.77,0.14,18.18,18.18,55.0,55.0,24.9,25.0,gstreamer_multi
996,40.019,0.00,2.51,15.08,0.14,17.73,17.73,56.4,56.4,25.1,25.0,gstreamer_multi
997,40.060,0.00,2.49,14.69,0.18,17.36,17.37,57.6,57.6,25.1,25.0,gstreamer_multi
998,40.096,0.00,3.14,9.51,0.18,12.83,12.83,77.9,77.9,25.0,25.0,gstreamer_multi
999,40.141,0.00,3.41,9.63,0.15,13.20,13.20,75.8,75.7,25.0,25.0,gstreamer_multi
1000,40.178,0.00,2.66,9.41,0.14,12.20,12.20,82.0,81.9,24.8,25.0,gstreamer_multi
1001,40.220,0.00,2.55,9.31,0.18,12.04,12.05,83.0,83.0,25.2,25.0,gstreamer_multi
1002,40.259,0.00,2.86,9.43,0.16,12.45,12.45,80.3,80.3,25.0,25.0,gstreamer_multi
1003,40.309,0.00,2.86,16.05,0.19,19.10,19.11,52.3,52.3,24.7,25.0,gstreamer_multi
1004,40.348,0.00,2.34,16.04,0.14,18.52,18.53,54.0,54.0,24.9,25.0,gstreamer_multi
1005,40.389,0.00,2.91,14.54,0.15,17.61,17.61,56.8,56.8,24.8,25.0,gstreamer_multi
1006,40.424,0.00,2.84,15.42,0.18,18.44,18.45,54.2,54.2,24.9,25.0,gstreamer_multi
1007,40.463,0.00,2.39,14.25,0.17,16.81,16.82,59.5,59.5,24.8,25.0,gstreamer_multi
1008,40.505,0.00,2.43,9.43,0.16,12.02,12.02,83.2,83.2,25.1,25.0,gstreamer_multi
1009,40.537,0.00,2.45,9.26,0.16,11.87,11.87,84.2,84.2,25.3,25.0,gstreamer_multi
1010,40.589,0.00,3.50,11.29,0.16,14.94,14.95,66.9,66.9,24.6,25.0,gstreamer_multi
1011,40.617,0.00,2.99,9.42,0.17,12.59,12.59,79.4,79.4,25.3,25.0,gstreamer_multi
1012,40.659,0.00,2.40,9.35,0.15,11.90,11.90,84.0,84.0,25.3,25.0,gstreamer_multi
1013,40.699,0.00,2.58,14.52,0.18,17.28,17.28,57.9,57.9,25.1,25.0,gstreamer_multi
1014,40.746,0.00,2.78,14.39,0.15,17.32,17.32,57.7,57.7,24.8,25.0,gstreamer_multi
1015,40.793,0.00,2.53,14.65,0.18,17.37,17.37,57.6,57.6,24.5,25.0,gstreamer_multi
1016,40.825,0.00,2.45,14.29,0.16,16.89,16.90,59.2,59.2,24.9,25.0,gstreamer_multi
1017,40.874,0.00,2.57,14.92,0.18,17.67,17.67,56.6,56.6,24.6,25.0,gstreamer_multi
1018,40.898,0.00,2.64,9.31,0.15,12.10,12.10,82.7,82.6,25.1,25.0,gstreamer_multi
1019,40.943,0.00,2.96,11.26,0.14,14.36,14.36,69.7,69.6,24.7,25.0,gstreamer_multi
1020,40.974,0.00,2.82,9.29,0.14,12.24,12.24,81.7,81.7,25.2,25.0,gstreamer_multi
1021,41.025,0.00,2.55,9.27,0.14,11.96,11.96,83.6,83.6,25.0,25.0,gstreamer_multi
1022,41.057,0.00,2.64,9.29,0.16,12.09,12.10,82.7,82.7,25.2,25.0,gstreamer_multi
1023,41.108,0.00,2.45,10.95,0.16,13.56,13.57,73.7,73.7,25.3,25.0,gstreamer_multi
1024,41.138,0.00,2.56,9.80,0.13,12.50,12.50,80.0,80.0,25.2,25.0,gstreamer_multi
1025,41.191,0.00,5.23,9.96,0.13,15.32,15.32,65.3,65.3,24.5,25.0,gstreamer_multi
1026,41.219,0.00,3.19,11.07,0.15,14.40,14.41,69.4,69.4,24.7,25.0,gstreamer_multi
1027,41.265,0.00,2.96,9.47,0.15,12.58,12.58,79.5,79.5,24.9,25.0,gstreamer_multi
1028,41.300,0.00,2.44,14.38,0.19,17.01,17.01,58.8,58.8,24.8,25.0,gstreamer_multi
1029,41.349,0.00,2.71,14.35,0.15,17.20,17.20,58.1,58.1,24.6,25.0,gstreamer_multi
1030,41.382,0.00,2.55,14.17,0.15,16.88,16.88,59.2,59.2,24.9,25.0,gstreamer_multi
1031,41.432,0.00,2.73,14.52,0.18,17.43,17.43,57.4,57.4,24.7,25.0,gstreamer_multi
1032,41.463,0.00,2.47,14.37,0.15,16.99,16.99,58.9,58.8,25.0,25.0,gstreamer_multi
1033,41.508,0.00,3.15,9.42,0.16,12.73,12.73,78.6,78.6,25.0,25.0,gstreamer_multi
1034,41.540,0.00,2.35,9.31,0.14,11.80,11.80,84.7,84.7,25.5,25.0,gstreamer_multi
1035,41.593,0.00,3.91,11.60,0.12,15.63,15.64,64.0,63.9,24.6,25.0,gstreamer_multi
1036,41.620,0.00,3.20,9.46,0.16,12.82,12.82,78.0,78.0,25.3,25.0,gstreamer_multi
1037,41.672,0.00,3.35,11.81,0.16,15.32,15.32,65.3,65.3,24.6,25.0,gstreamer_multi
1038,41.706,0.00,3.56,14.95,0.15,18.66,18.66,53.6,53.6,24.6,25.0,gstreamer_multi
1039,41.753,0.00,2.63,14.51,0.13,17.27,17.27,57.9,57.9,24.9,25.0,gstreamer_multi
1040,41.787,0.00,3.35,17.21,0.15,20.72,20.72,48.3,48.3,24.7,25.0,gstreamer_multi
1041,41.836,0.00,3.24,14.43,0.19,17.86,17.87,56.0,56.0,24.5,25.0,gstreamer_multi
1042,41.864,0.00,3.35,14.69,0.20,18.24,18.24,54.8,54.8,24.9,25.0,gstreamer_multi
1043,41.910,0.00,3.76,9.15,0.25,13.16,13.16,76.0,76.0,25.2,25.0,gstreamer_multi
1044,41.938,0.00,2.40,8.42,0.14,10.96,10.96,91.2,91.2,25.5,25.0,gstreamer_multi
1045,41.990,0.00,4.52,8.66,0.13,13.31,13.32,75.1,75.1,24.9,25.0,gstreamer_multi
1046,42.013,0.00,2.32,7.03,0.16,9.51,9.51,105.2,105.1,25.6,25.0,gstreamer_multi
1047,42.058,0.00,4.43,5.74,0.14,10.30,10.31,97.1,97.0,25.0,25.0,gstreamer_multi
1048,42.115,0.00,4.65,14.65,0.15,19.45,19.46,51.4,51.4,24.8,25.0,gstreamer_multi
1049,42.146,0.00,3.32,15.73,0.15,19.20,19.21,52.1,52.1,24.6,25.0,gstreamer_multi
1050,42.190,0.00,3.07,14.47,0.15,17.69,17.70,56.5,56.5,24.6,25.0,gstreamer_multi
1051,42.226,0.00,2.94,17.86,0.19,20.99,20.99,47.6,47.6,24.8,25.0,gstreamer_multi
1052,42.265,0.00,2.54,16.48,0.16,19.19,19.19,52.1,52.1,24.8,25.0,gstreamer_multi
1053,42.308,0.00,3.24,9.66,0.13,13.04,13.04,76.7,76.7,24.8,25.0,gstreamer_multi
1054,42.341,0.00,2.48,12.20,0.18,14.86,14.86,67.3,67.3,25.1,25.0,gstreamer_multi
1055,42.389,0.00,3.74,9.71,0.17,13.62,13.62,73.4,73.4,25.1,25.0,gstreamer_multi
1056,42.418,0.00,2.48,9.35,0.14,11.97,11.97,83.5,83.5,25.1,25.0,gstreamer_multi
1057,42.470,0.00,4.53,10.69,0.15,15.37,15.38,65.1,65.0,25.1,25.0,gstreamer_multi
1058,42.491,0.00,2.50,5.19,0.13,7.82,7.83,127.8,127.8,25.7,25.0,gstreamer_multi
1059,42.545,0.00,6.14,8.96,0.15,15.25,15.25,65.6,65.6,25.0,25.0,gstreamer_multi
1060,42.578,0.00,2.87,5.58,0.15,8.60,8.60,116.3,116.3,25.4,25.0,gstreamer_multi
1061,42.616,0.00,2.78,5.47,0.14,8.39,8.39,119.2,119.2,25.4,25.0,gstreamer_multi
1062,42.662,0.00,2.94,5.58,0.16,8.68,8.69,115.2,115.1,25.0,25.0,gstreamer_multi
1063,42.700,0.00,4.27,6.42,0.18,10.87,10.87,92.0,92.0,24.9,25.0,gstreamer_multi
1064,42.740,0.00,4.10,5.76,0.13,9.99,10.00,100.1,100.0,25.4,25.0,gstreamer_multi
1065,42.779,0.00,3.96,5.81,0.15,9.92,9.92,100.8,100.8,24.9,25.0,gstreamer_multi
1066,42.816,0.00,3.00,5.31,0.16,8.46,8.47,118.2,118.1,25.4,25.0,gstreamer_multi
1067,42.857,0.00,2.76,6.88,0.18,9.83,9.83,101.8,101.7,25.3,25.0,gstreamer_multi
1068,42.901,0.00,4.39,9.08,0.13,13.60,13.61,73.5,73.5,25.4,25.0,gstreamer_multi
1069,42.937,0.00,3.54,6.17,0.19,9.90,9.90,101.0,101.0,25.2,25.0,gstreamer_multi
1070,42.981,0.00,4.81,9.59,0.14,14.54,14.54,68.8,68.8,25.5,25.0,gstreamer_multi
1071,43.022,0.00,3.51,5.57,0.16,9.24,9.24,108.2,108.2,25.3,25.0,gstreamer_multi
1072,43.051,0.00,3.33,6.26,0.14,9.72,9.73,102.8,102.8,25.2,25.0,gstreamer_multi
1073,43.105,0.00,3.59,9.66,0.14,13.39,13.39,74.7,74.7,24.9,25.0,gstreamer_multi
1074,43.141,0.00,2.42,9.25,0.15,11.82,11.82,84.6,84.6,25.3,25.0,gstreamer_multi
1075,43.173,0.00,2.44,9.33,0.14,11.91,11.91,84.0,84.0,25.0,25.0,gstreamer_multi
1076,43.213,0.00,2.79,9.36,0.14,12.28,12.28,81.4,81.4,25.0,25.0,gstreamer_multi
1077,43.254,0.00,2.94,9.66,0.13,12.73,12.73,78.5,78.5,25.6,25.0,gstreamer_multi
1078,43.294,0.00,3.14,9.49,0.14,12.77,12.77,78.3,78.3,25.3,25.0,gstreamer_multi
1079,43.335,0.00,2.54,9.14,0.15,11.83,11.83,84.5,84.5,25.5,25.0,gstreamer_multi
1080,43.376,0.00,2.45,9.30,0.13,11.89,11.89,84.1,84.1,25.1,25.0,gstreamer_multi
1081,43.419,0.00,2.77,9.27,0.16,12.20,12.20,82.0,82.0,25.3,25.0,gstreamer_multi
1082,43.458,0.00,2.59,9.10,0.13,11.83,11.84,84.5,84.5,25.1,25.0,gstreamer_multi
1083,43.503,0.00,2.64,13.27,0.18,16.10,16.10,62.1,62.1,25.2,25.0,gstreamer_multi
1084,43.543,0.00,3.58,11.72,0.14,15.45,15.45,64.7,64.7,25.1,25.0,gstreamer_multi
1085,43.584,0.00,2.38,14.35,0.13,16.87,16.88,59.3,59.3,24.8,25.0,gstreamer_multi
1086,43.623,0.00,2.46,13.42,0.15,16.03,16.03,62.4,62.4,25.1,25.0,gstreamer_multi
1087,43.663,0.00,2.51,10.50,0.15,13.16,13.16,76.0,76.0,24.6,25.0,gstreamer_multi
1088,43.701,0.00,2.61,9.37,0.14,12.12,12.12,82.5,82.5,25.2,25.0,gstreamer_multi
1089,43.742,0.00,2.86,9.61,0.13,12.60,12.60,79.4,79.4,24.9,25.0,gstreamer_multi
1090,43.773,0.00,2.45,9.23,0.16,11.84,11.84,84.5,84.4,25.0,25.0,gstreamer_multi
1091,43.820,0.00,2.49,9.30,0.15,11.93,11.94,83.8,83.8,25.1,25.0,gstreamer_multi
1092,43.868,0.00,3.23,10.01,0.13,13.38,13.38,74.8,74.7,24.8,25.0,gstreamer_multi
1093,43.900,0.00,2.46,9.86,0.15,12.48,12.48,80.1,80.1,25.1,25.0,gstreamer_multi
1094,43.939,0.00,2.84,9.42,0.14,12.40,12.40,80.6,80.6,25.0,25.0,gstreamer_multi
1095,43.980,0.00,3.04,9.54,0.15,12.74,12.74,78.5,78.5,25.0,25.0,gstreamer_multi
1096,44.020,0.00,2.53,9.40,0.14,12.06,12.07,82.9,82.9,25.0,25.0,gstreamer_multi
1097,44.060,0.00,2.67,9.51,0.18,12.36,12.37,80.9,80.9,25.0,25.0,gstreamer_multi
1098,44.099,0.00,2.47,9.29,0.14,11.90,11.90,84.0,84.0,25.0,25.0,gstreamer_multi
1099,44.137,0.00,2.84,10.82,0.15,13.81,13.81,72.4,72.4,25.1,25.0,gstreamer_multi
1100,44.186,0.00,4.22,9.59,0.15,13.96,13.96,71.6,71.6,24.8,25.0,gstreamer_multi
1101,44.216,0.00,2.68,11.66,0.15,14.49,14.50,69.0,69.0,25.0,25.0,gstreamer_multi
1102,44.256,0.00,2.72,11.47,0.25,14.44,14.44,69.3,69.2,24.9,25.0,gstreamer_multi
1103,44.297,0.00,3.09,9.14,0.14,12.38,12.38,80.8,80.8,25.1,25.0,gstreamer_multi
1104,44.338,0.00,3.33,9.41,0.15,12.89,12.89,77.6,77.6,24.9,25.0,gstreamer_multi
1105,44.381,0.00,4.01,9.96,0.13,14.11,14.11,70.9,70.9,24.9,25.0,gstreamer_multi
1106,44.419,0.00,2.34,9.41,0.13,11.89,11.89,84.1,84.1,24.8,25.0,gstreamer_multi
1107,44.462,0.00,3.36,10.01,0.18,13.55,13.55,73.8,73.8,24.9,25.0,gstreamer_multi
1108,44.502,0.00,3.27,9.52,0.16,12.94,12.95,77.3,77.2,24.9,25.0,gstreamer_multi
1109,44.541,0.00,2.54,9.37,0.15,12.06,12.06,83.0,82.9,24.9,25.0,gstreamer_multi
1110,44.583,0.00,2.84,9.77,0.18,12.79,12.80,78.2,78.2,24.8,25.0,gstreamer_multi
1111,44.618,0.00,2.57,9.06,0.17,11.80,11.81,84.7,84.7,25.2,25.0,gstreamer_multi
1112,44.664,0.00,2.53,9.35,0.16,12.04,12.04,83.1,83.0,25.0,25.0,gstreamer_multi
1113,44.694,0.00,2.43,9.19,0.16,11.78,11.78,84.9,84.9,25.1,25.0,gstreamer_multi
1114,44.734,0.00,2.67,9.26,0.18,12.11,12.12,82.6,82.5,25.2,25.0,gstreamer_multi
1115,44.777,0.00,4.19,9.38,0.15,13.72,13.72,72.9,72.9,25.1,25.0,gstreamer_multi
1116,44.817,0.00,3.11,9.39,0.15,12.65,12.65,79.0,79.0,25.1,25.0,gstreamer_multi
1117,44.858,0.00,3.05,9.34,0.13,12.53,12.53,79.8,79.8,25.1,25.0,gstreamer_multi
1118,44.897,0.00,3.10,9.79,0.16,13.06,13.06,76.6,76.6,25.1,25.0,gstreamer_multi
1119,44.937,0.00,2.66,9.41,0.14,12.21,12.21,81.9,81.9,24.9,25.0,gstreamer_multi
1120,44.988,0.00,2.59,9.50,0.18,12.27,12.27,81.5,81.5,24.7,25.0,gstreamer_multi
1121,45.026,0.00,2.48,9.30,0.15,11.94,11.94,83.8,83.8,24.9,25.0,gstreamer_multi
1122,45.067,0.00,2.73,9.29,0.16,12.17,12.17,82.2,82.1,24.8,25.0,gstreamer_multi
1123,45.097,0.00,2.50,9.26,0.16,11.93,11.93,83.8,83.8,25.0,25.0,gstreamer_multi
1124,45.142,0.00,2.53,12.47,0.15,15.15,15.16,66.0,66.0,25.0,25.0,gstreamer_multi
1125,45.180,0.00,2.52,10.46,0.14,13.11,13.12,76.3,76.2,24.9,25.0,gstreamer_multi
1126,45.223,0.00,2.65,12.63,0.16,15.43,15.44,64.8,64.8,25.0,25.0,gstreamer_multi
1127,45.261,0.00,2.65,11.41,0.15,14.21,14.22,70.4,70.3,25.0,25.0,gstreamer_multi
1128,45.303,0.00,2.51,11.35,0.15,14.02,14.02,71.3,71.3,24.8,25.0,gstreamer_multi
1129,45.343,0.00,2.46,10.15,0.15,12.76,12.76,78.4,78.4,25.0,25.0,gstreamer_multi
1130,45.372,0.00,2.40,9.16,0.15,11.71,11.71,85.4,85.4,25.1,25.0,gstreamer_multi
1131,45.423,0.00,3.03,12.26,0.18,15.47,15.47,64.6,64.6,24.9,25.0,gstreamer_multi
1132,45.469,0.00,4.47,9.66,0.16,14.28,14.29,70.0,70.0,24.7,25.0,gstreamer_multi
1133,45.506,0.00,2.48,14.20,0.13,16.82,16.82,59.5,59.5,24.9,25.0,gstreamer_multi
1134,45.548,0.00,2.62,14.64,0.15,17.41,17.41,57.4,57.4,24.9,25.0,gstreamer_multi
1135,45.578,0.00,2.58,14.22,0.19,16.98,16.99,58.9,58.9,25.2,25.0,gstreamer_multi
1136,45.620,0.00,2.72,14.40,0.13,17.25,17.26,58.0,57.9,25.1,25.0,gstreamer_multi
1137,45.661,0.00,2.61,14.29,0.16,17.06,17.06,58.6,58.6,25.1,25.0,gstreamer_multi
1138,45.697,0.00,2.49,9.05,0.16,11.70,11.70,85.5,85.4,25.1,25.0,gstreamer_multi
1139,45.736,0.00,2.53,11.97,0.13,14.63,14.63,68.4,68.4,25.0,25.0,gstreamer_multi
1140,45.775,0.00,2.48,9.17,0.14,11.78,11.78,84.9,84.9,24.9,25.0,gstreamer_multi
1141,45.819,0.00,2.76,9.25,0.13,12.15,12.15,82.3,82.3,25.0,25.0,gstreamer_multi
1142,45.856,0.00,2.56,9.34,0.13,12.03,12.04,83.1,83.1,24.9,25.0,gstreamer_multi
1143,45.904,0.00,2.78,14.43,0.15,17.36,17.37,57.6,57.6,24.9,25.0,gstreamer_multi
1144,45.946,0.00,2.89,14.64,0.24,17.77,17.77,56.3,56.3,24.9,25.0,gstreamer_multi
1145,45.984,0.00,2.44,14.54,0.14,17.13,17.13,58.4,58.4,24.9,25.0,gstreamer_multi
1146,46.020,0.00,2.45,14.46,0.14,17.05,17.05,58.6,58.6,25.0,25.0,gstreamer_multi
1147,46.063,0.00,2.97,14.86,0.13,17.97,17.97,55.6,55.6,25.0,25.0,gstreamer_multi
1148,46.097,0.00,2.69,9.34,0.25,12.28,12.28,81.4,81.4,25.0,25.0,gstreamer_multi
1149,46.140,0.00,2.89,9.63,0.15,12.67,12.67,78.9,78.9,25.3,25.0,gstreamer_multi
1150,46.181,0.00,3.26,9.77,0.13,13.16,13.16,76.0,76.0,25.3,25.0,gstreamer_multi
1151,46.215,0.00,2.53,9.45,0.15,12.13,12.13,82.5,82.5,25.3,25.0,gstreamer_multi
1152,46.266,0.00,3.39,9.41,0.15,12.95,12.95,77.2,77.2,24.9,25.0,gstreamer_multi
1153,46.301,0.00,2.53,14.23,0.15,16.92,16.92,59.1,59.1,24.9,25.0,gstreamer_multi
1154,46.348,0.00,2.62,14.51,0.18,17.32,17.32,57.7,57.7,25.0,25.0,gstreamer_multi
1155,46.389,0.00,3.20,14.81,0.16,18.17,18.17,55.0,55.0,24.9,25.0,gstreamer_multi
1156,46.418,0.00,2.56,14.19,0.15,16.91,16.91,59.1,59.1,24.9,25.0,gstreamer_multi
1157,46.466,0.00,2.67,14.45,0.14,17.27,17.27,57.9,57.9,24.8,25.0,gstreamer_multi
1158,46.512,0.00,3.36,13.06,0.17,16.60,16.60,60.3,60.2,24.7,25.0,gstreamer_multi
1159,46.540,0.00,3.31,9.85,0.15,13.32,13.32,75.1,75.1,25.0,25.0,gstreamer_multi
1160,46.592,0.00,3.77,12.65,0.19,16.61,16.61,60.2,60.2,24.8,25.0,gstreamer_multi
1161,46.619,0.00,3.77,9.68,0.17,13.61,13.62,73.5,73.4,25.2,25.0,gstreamer_multi
1162,46.658,0.00,2.90,9.36,0.16,12.43,12.43,80.5,80.5,25.2,25.0,gstreamer_multi
1163,46.716,0.00,3.92,14.34,0.15,18.42,18.42,54.3,54.3,24.6,25.0,gstreamer_multi
1164,46.745,0.00,2.47,14.48,0.18,17.13,17.13,58.4,58.4,24.6,25.0,gstreamer_multi
1165,46.777,0.00,2.48,14.20,0.17,16.85,16.86,59.3,59.3,24.8,25.0,gstreamer_multi
1166,46.831,0.00,3.72,14.61,0.18,18.51,18.52,54.0,54.0,24.6,25.0,gstreamer_multi
1167,46.859,0.00,2.79,14.20,0.15,17.14,17.14,58.4,58.3,24.8,25.0,gstreamer_multi
1168,46.903,0.00,2.67,9.94,0.13,12.74,12.74,78.5,78.5,25.1,25.0,gstreamer_multi
1169,46.934,0.00,2.72,9.16,0.16,12.05,12.05,83.0,83.0,25.1,25.0,gstreamer_multi
1170,46.985,0.00,3.18,11.43,0.16,14.77,14.77,67.7,67.7,24.7,25.0,gstreamer_multi
1171,47.014,0.00,2.57,9.61,0.17,12.35,12.35,81.0,81.0,25.0,25.0,gstreamer_multi
1172,47.058,0.00,2.51,9.86,0.15,12.52,12.52,79.9,79.9,25.2,25.0,gstreamer_multi
1173,47.119,0.00,5.55,15.57,0.18,21.31,21.31,46.9,46.9,24.6,25.0,gstreamer_multi
1174,47.149,0.00,2.44,18.29,0.18,20.91,20.91,47.8,47.8,24.7,25.0,gstreamer_multi
1175,47.193,0.00,3.02,14.30,0.15,17.46,17.46,57.3,57.3,24.5,25.0,gstreamer_multi
1176,47.225,0.00,2.45,14.26,0.14,16.86,16.86,59.3,59.3,24.7,25.0,gstreamer_multi
1177,47.273,0.00,2.55,14.60,0.18,17.33,17.33,57.7,57.7,24.6,25.0,gstreamer_multi
1178,47.300,0.00,2.76,10.47,0.14,13.37,13.37,74.8,74.8,25.1,25.0,gstreamer_multi
1179,47.341,0.00,2.50,9.40,0.15,12.06,12.06,82.9,82.9,25.1,25.0,gstreamer_multi
1180,47.389,0.00,2.34,10.82,0.16,13.31,13.32,75.1,75.1,24.7,25.0,gstreamer_multi
1181,47.420,0.00,2.81,9.57,0.17,12.55,12.55,79.7,79.7,25.0,25.0,gstreamer_multi
1182,47.456,0.00,2.46,9.25,0.16,11.87,11.87,84.2,84.2,25.2,25.0,gstreamer_multi
1183,47.499,0.00,3.74,9.76,0.13,13.63,13.63,73.4,73.4,25.1,25.0,gstreamer_multi
1184,47.541,0.00,4.09,9.92,0.15,14.17,14.18,70.6,70.5,25.1,25.0,gstreamer_multi
1185,47.579,0.00,2.86,9.45,0.18,12.49,12.50,80.1,80.0,25.1,25.0,gstreamer_multi
1186,47.621,0.00,3.64,9.90,0.15,13.69,13.69,73.0,73.0,25.3,25.0,gstreamer_multi
1187,47.660,0.00,2.83,9.55,0.18,12.56,12.56,79.6,79.6,25.4,25.0,gstreamer_multi
1188,47.706,0.00,2.58,14.49,0.16,17.22,17.23,58.1,58.1,24.8,25.0,gstreamer_multi
1189,47.748,0.00,2.46,14.93,0.18,17.58,17.58,56.9,56.9,25.3,25.0,gstreamer_multi
1190,47.788,0.00,2.50,14.42,0.15,17.08,17.08,58.5,58.5,25.0,25.0,gstreamer_multi
1191,47.821,0.00,2.61,14.43,0.17,17.21,17.21,58.1,58.1,24.9,25.0,gstreamer_multi
1192,47.859,0.00,2.54,14.99,0.16,17.69,17.70,56.5,56.5,25.5,25.0,gstreamer_multi
1193,47.898,0.00,2.44,9.28,0.18,11.90,11.90,84.0,84.0,25.3,25.0,gstreamer_multi
1194,47.946,0.00,3.47,9.86,0.13,13.45,13.46,74.3,74.3,24.9,25.0,gstreamer_multi
1195,47.977,0.00,2.35,9.22,0.16,11.73,11.73,85.3,85.3,25.3,25.0,gstreamer_multi
1196,48.021,0.00,2.88,10.78,0.14,13.81,13.81,72.4,72.4,25.2,25.0,gstreamer_multi
1197,48.067,0.00,2.82,11.03,0.14,13.99,14.00,71.5,71.4,24.9,25.0,gstreamer_multi
1198,48.101,0.00,2.38,14.12,0.14,16.65,16.65,60.1,60.1,24.8,25.0,gstreamer_multi
1199,48.141,0.00,2.51,14.18,0.14,16.82,16.83,59.4,59.4,25.4,25.0,gstreamer_multi
1200,48.183,0.00,2.37,14.19,0.15,16.71,16.71,59.9,59.8,25.0,25.0,gstreamer_multi
1201,48.231,0.00,2.52,14.55,0.16,17.24,17.24,58.0,58.0,24.6,25.0,gstreamer_multi
1202,48.272,0.00,2.44,14.33,0.14,16.91,16.91,59.1,59.1,25.3,25.0,gstreamer_multi
1203,48.297,0.00,2.41,9.20,0.16,11.78,11.78,84.9,84.9,25.3,25.0,gstreamer_multi
1204,48.340,0.00,3.17,9.94,0.18,13.29,13.29,75.2,75.2,25.5,25.0,gstreamer_multi
1205,48.388,0.00,3.86,9.56,0.16,13.58,13.59,73.6,73.6,25.2,25.0,gstreamer_multi
1206,48.423,0.00,2.63,9.90,0.13,12.66,12.66,79.0,79.0,25.4,25.0,gstreamer_multi
1207,48.456,0.00,2.43,12.70,0.17,15.30,15.30,65.4,65.3,25.1,25.0,gstreamer_multi
1208,48.497,0.00,2.57,9.24,0.15,11.96,11.96,83.6,83.6,24.9,25.0,gstreamer_multi
1209,48.541,0.00,3.24,9.80,0.16,13.20,13.21,75.7,75.7,25.1,25.0,gstreamer_multi
1210,48.579,0.00,2.78,9.25,0.15,12.19,12.20,82.0,82.0,25.0,25.0,gstreamer_multi
1211,48.619,0.00,2.41,9.38,0.16,11.96,11.96,83.6,83.6,25.0,25.0,gstreamer_multi
1212,48.674,0.00,3.57,11.75,0.28,15.59,15.60,64.1,64.1,24.7,25.0,gstreamer_multi
1213,48.706,0.00,2.37,14.51,0.29,17.17,17.17,58.2,58.2,24.9,25.0,gstreamer_multi
1214,48.740,0.00,2.35,14.29,0.31,16.95,16.95,59.0,59.0,25.1,25.0,gstreamer_multi
1215,48.782,0.00,2.42,14.35,0.30,17.07,17.07,58.6,58.6,25.0,25.0,gstreamer_multi
1216,48.824,0.00,2.87,14.73,0.30,17.91,17.91,55.8,55.8,25.0,25.0,gstreamer_multi
1217,48.866,0.00,2.56,14.76,0.37,17.70,17.70,56.5,56.5,25.0,25.0,gstreamer_multi
1218,48.904,0.00,3.00,6.42,0.23,9.65,9.65,103.7,103.6,25.1,25.0,gstreamer_multi
1219,48.931,0.00,3.07,5.78,0.23,9.09,9.09,110.0,110.0,25.2,25.0,gstreamer_multi
1220,48.971,0.00,2.40,5.67,0.26,8.32,8.32,120.2,120.1,25.3,25.0,gstreamer_multi
1221,49.016,0.00,2.59,5.64,0.27,8.50,8.50,117.7,117.6,25.0,25.0,gstreamer_multi
1222,49.065,0.00,4.25,5.35,0.28,9.89,9.89,101.2,101.1,25.0,25.0,gstreamer_multi
1223,49.102,0.00,3.54,9.83,0.29,13.67,13.67,73.2,73.1,25.2,25.0,gstreamer_multi
1224,49.143,0.00,2.82,10.09,0.28,13.19,13.20,75.8,75.8,24.9,25.0,gstreamer_multi
1225,49.176,0.00,2.50,9.58,0.29,12.36,12.37,80.9,80.9,25.1,25.0,gstreamer_multi
1226,49.216,0.00,2.45,9.07,0.31,11.83,11.83,84.5,84.5,25.2,25.0,gstreamer_multi
1227,49.258,0.00,3.16,9.55,0.31,13.02,13.03,76.8,76.8,25.0,25.0,gstreamer_multi
1228,49.297,0.00,2.80,9.31,0.28,12.39,12.39,80.7,80.7,25.0,25.0,gstreamer_multi
1229,49.339,0.00,2.76,10.26,0.32,13.34,13.35,74.9,74.9,25.0,25.0,gstreamer_multi
1230,49.379,0.00,2.66,9.17,0.30,12.13,12.13,82.4,82.4,25.3,25.0,gstreamer_multi
1231,49.416,0.00,2.63,9.76,0.43,12.82,12.82,78.0,78.0,25.1,25.0,gstreamer_multi
1232,49.456,0.00,2.65,9.18,0.29,12.13,12.13,82.5,82.5,25.0,25.0,gstreamer_multi
1233,49.501,0.00,3.18,9.49,0.32,12.99,12.99,77.0,77.0,25.0,25.0,gstreamer_multi
1234,49.541,0.00,2.72,9.20,0.32,12.24,12.24,81.7,81.7,25.0,25.0,gstreamer_multi
1235,49.575,0.00,2.39,10.35,0.28,13.02,13.04,76.8,76.7,25.2,25.0,gstreamer_multi
1236,49.616,0.00,2.66,9.21,0.42,12.28,12.29,81.4,81.4,24.9,25.0,gstreamer_multi
1237,49.658,0.00,2.49,9.92,0.30,12.72,12.72,78.6,78.6,25.0,25.0,gstreamer_multi
1238,49.699,0.00,2.48,9.35,0.41,12.24,12.25,81.7,81.7,25.0,25.0,gstreamer_multi
1239,49.740,0.00,2.41,9.45,0.30,12.16,12.17,82.2,82.2,25.0,25.0,gstreamer_multi
1240,49.784,0.00,4.02,10.06,0.31,14.39,14.39,69.5,69.5,24.9,25.0,gstreamer_multi
1241,49.829,0.00,2.75,11.78,0.27,14.80,14.80,67.6,67.6,25.0,25.0,gstreamer_multi
1242,49.858,0.00,2.49,9.37,0.29,12.16,12.16,82.3,82.2,25.2,25.0,gstreamer_multi
1243,49.899,0.00,3.60,9.57,0.28,13.45,13.46,74.3,74.3,25.0,25.0,gstreamer_multi
1244,49.938,0.00,2.98,10.03,0.28,13.29,13.29,75.3,75.2,25.0,25.0,gstreamer_multi
1245,49.994,0.00,5.29,9.75,0.25,15.29,15.29,65.4,65.4,24.7,25.0,gstreamer_multi
1246,50.016,0.00,2.51,9.60,0.35,12.46,12.46,80.3,80.3,25.1,25.0,gstreamer_multi
1247,50.057,0.00,3.02,9.83,0.26,13.12,13.12,76.2,76.2,25.1,25.0,gstreamer_multi
1248,50.100,0.00,4.20,9.36,0.37,13.92,13.93,71.8,71.8,24.9,25.0,gstreamer_multi
1249,50.141,0.00,3.57,10.44,0.26,14.27,14.27,70.1,70.1,24.7,25.0,gstreamer_multi
1250,50.180,0.00,2.39,9.83,0.28,12.50,12.50,80.0,80.0,24.9,25.0,gstreamer_multi
1251,50.220,0.00,2.67,9.79,0.29,12.75,12.75,78.4,78.4,25.1,25.0,gstreamer_multi
1252,50.266,0.00,3.10,9.55,0.38,13.03,13.03,76.7,76.7,24.8,25.0,gstreamer_multi
1253,50.300,0.00,2.50,9.65,0.19,12.34,12.34,81.1,81.0,25.1,25.0,gstreamer_multi
1254,50.340,0.00,2.59,9.61,0.13,12.32,12.33,81.1,81.1,24.9,25.0,gstreamer_multi
1255,50.381,0.00,3.02,9.42,0.13,12.57,12.57,79.6,79.5,24.9,25.0,gstreamer_multi
1256,50.427,0.00,3.30,14.16,0.15,17.61,17.61,56.8,56.8,24.9,25.0,gstreamer_multi
1257,50.461,0.00,2.59,9.13,0.15,11.87,11.87,84.2,84.2,24.9,25.0,gstreamer_multi
1258,50.499,0.00,2.87,9.71,0.19,12.77,12.77,78.3,78.3,25.0,25.0,gstreamer_multi
1259,50.540,0.00,3.50,9.67,0.14,13.31,13.32,75.1,75.1,25.0,25.0,gstreamer_multi
1260,50.579,0.00,2.93,9.42,0.16,12.51,12.51,80.0,79.9,25.0,25.0,gstreamer_multi
1261,50.620,0.00,2.72,10.02,0.16,12.90,12.91,77.5,77.5,25.1,25.0,gstreamer_multi
1262,50.658,0.00,2.99,9.29,0.16,12.44,12.44,80.4,80.4,25.0,25.0,gstreamer_multi
1263,50.702,0.00,2.51,10.37,0.13,13.01,13.02,76.8,76.8,25.0,25.0,gstreamer_multi
1264,50.742,0.00,2.87,9.48,0.13,12.49,12.49,80.1,80.1,24.8,25.0,gstreamer_multi
1265,50.776,0.00,2.54,9.72,0.15,12.41,12.41,80.6,80.6,25.0,25.0,gstreamer_multi
1266,50.819,0.00,3.06,10.48,0.18,13.72,13.73,72.9,72.9,25.0,25.0,gstreamer_multi
1267,50.859,0.00,4.18,9.89,0.18,14.25,14.25,70.2,70.2,25.0,25.0,gstreamer_multi
1268,50.904,0.00,2.98,14.61,0.13,17.72,17.73,56.4,56.4,25.0,25.0,gstreamer_multi
1269,50.944,0.00,2.87,14.29,0.14,17.30,17.30,57.8,57.8,25.0,25.0,gstreamer_multi
1270,50.984,0.00,2.47,14.35,0.13,16.95,16.95,59.0,59.0,25.2,25.0,gstreamer_multi
1271,51.031,0.00,2.83,14.41,0.16,17.40,17.40,57.5,57.5,24.6,25.0,gstreamer_multi
1272,51.060,0.00,2.61,14.46,0.14,17.21,17.21,58.1,58.1,24.8,25.0,gstreamer_multi
1273,51.107,0.00,4.16,9.54,0.24,13.94,13.94,71.8,71.7,24.9,25.0,gstreamer_multi
1274,51.137,0.00,2.52,9.20,0.16,11.87,11.87,84.2,84.2,25.4,25.0,gstreamer_multi
1275,51.179,0.00,3.39,10.20,0.15,13.74,13.74,72.8,72.8,25.0,25.0,gstreamer_multi
1276,51.217,0.00,2.68,9.24,0.28,12.20,12.20,82.0,82.0,25.0,25.0,gstreamer_multi
1277,51.258,0.00,2.47,9.27,0.25,11.99,11.99,83.4,83.4,25.0,25.0,gstreamer_multi
1278,51.302,0.00,3.14,11.14,0.27,14.55,14.56,68.7,68.7,25.0,25.0,gstreamer_multi
1279,51.346,0.00,2.89,14.34,0.25,17.49,17.49,57.2,57.2,25.0,25.0,gstreamer_multi
1280,51.385,0.00,2.80,14.25,0.16,17.20,17.20,58.1,58.1,24.9,25.0,gstreamer_multi
1281,51.422,0.00,2.70,14.15,0.14,16.99,16.99,58.9,58.9,25.2,25.0,gstreamer_multi
1282,51.461,0.00,2.52,14.36,0.16,17.03,17.03,58.7,58.7,24.8,25.0,gstreamer_multi
1283,51.513,0.00,2.72,13.34,0.13,16.19,16.20,61.8,61.7,24.6,25.0,gstreamer_multi
1284,51.540,0.00,2.38,9.35,0.15,11.88,11.88,84.2,84.1,25.0,25.0,gstreamer_multi
1285,51.574,0.00,2.71,9.36,0.14,12.20,12.21,81.9,81.9,25.2,25.0,gstreamer_multi
1286,51.626,0.00,4.96,10.01,0.13,15.10,15.10,66.2,66.2,24.8,25.0,gstreamer_multi
1287,51.653,0.00,2.58,9.81,0.15,12.55,12.55,79.7,79.7,25.2,25.0,gstreamer_multi
1288,51.707,0.00,3.74,15.05,0.15,18.94,18.94,52.8,52.8,24.7,25.0,gstreamer_multi
1289,51.758,0.00,3.08,18.75,0.19,22.02,22.02,45.4,45.4,24.6,25.0,gstreamer_multi
1290,51.785,0.00,3.38,14.87,0.14,18.39,18.39,54.4,54.4,24.6,25.0,gstreamer_multi
1291,51.819,0.00,2.55,14.24,0.14,16.94,16.94,59.0,59.0,25.0,25.0,gstreamer_multi
1292,51.862,0.00,2.63,14.30,0.13,17.07,17.07,58.6,58.6,24.8,25.0,gstreamer_multi
1293,51.908,0.00,2.90,9.41,0.16,12.46,12.47,80.2,80.2,25.0,25.0,gstreamer_multi
1294,51.940,0.00,2.55,9.45,0.18,12.19,12.19,82.1,82.0,25.0,25.0,gstreamer_multi
1295,51.996,0.00,5.47,12.71,0.14,18.33,18.33,54.6,54.6,24.5,25.0,gstreamer_multi
1296,52.019,0.00,2.44,9.37,0.16,11.96,11.96,83.6,83.6,25.1,25.0,gstreamer_multi
1297,52.068,0.00,3.45,10.05,0.14,13.64,13.64,73.3,73.3,24.6,25.0,gstreamer_multi
1298,52.102,0.00,2.99,14.10,0.15,17.24,17.25,58.0,58.0,25.1,25.0,gstreamer_multi
1299,52.145,0.00,3.24,14.92,0.15,18.31,18.31,54.6,54.6,24.8,25.0,gstreamer_multi
1300,52.195,0.00,3.14,18.18,0.16,21.49,21.49,46.5,46.5,24.9,25.0,gstreamer_multi
1301,52.223,0.00,2.82,14.54,0.16,17.52,17.53,57.1,57.1,25.1,25.0,gstreamer_multi
1302,52.261,0.00,2.61,14.44,0.15,17.19,17.20,58.2,58.2,24.8,25.0,gstreamer_multi
1303,52.311,0.00,3.59,9.59,0.16,13.34,13.34,75.0,74.9,24.5,25.0,gstreamer_multi
1304,52.342,0.00,3.32,10.43,0.14,13.89,13.89,72.0,72.0,25.0,25.0,gstreamer_multi
1305,52.391,0.00,4.69,9.89,0.15,14.73,14.74,67.9,67.9,24.5,25.0,gstreamer_multi
1306,52.419,0.00,2.51,9.45,0.13,12.09,12.09,82.7,82.7,25.0,25.0,gstreamer_multi
1307,52.465,0.00,4.35,9.76,0.14,14.24,14.24,70.2,70.2,24.9,25.0,gstreamer_multi
1308,52.509,0.00,2.92,14.91,0.19,18.02,18.02,55.5,55.5,24.9,25.0,gstreamer_multi
1309,52.538,0.00,2.38,14.31,0.14,16.83,16.83,59.4,59.4,25.2,25.0,gstreamer_multi
1310,52.579,0.00,2.62,14.14,0.15,16.91,16.91,59.1,59.1,25.1,25.0,gstreamer_multi
1311,52.627,0.00,2.64,14.50,0.14,17.28,17.29,57.9,57.9,24.9,25.0,gstreamer_multi
1312,52.661,0.00,3.74,14.57,0.16,18.47,18.47,54.1,54.1,25.4,25.0,gstreamer_multi
1313,52.700,0.00,2.31,9.53,0.18,12.02,12.02,83.2,83.2,24.9,25.0,gstreamer_multi
1314,52.732,0.00,2.38,9.21,0.16,11.74,11.75,85.1,85.1,24.9,25.0,gstreamer_multi
1315,52.776,0.00,2.89,9.59,0.17,12.65,12.65,79.0,79.0,25.4,25.0,gstreamer_multi
1316,52.817,0.00,3.14,9.84,0.15,13.12,13.13,76.2,76.2,24.8,25.0,gstreamer_multi
1317,52.858,0.00,2.54,9.61,0.13,12.28,12.28,81.4,81.4,25.3,25.0,gstreamer_multi
1318,52.904,0.00,2.59,14.73,0.15,17.47,17.47,57.2,57.2,25.4,25.0,gstreamer_multi
1319,52.946,0.00,3.30,15.39,0.15,18.85,18.85,53.1,53.0,25.0,25.0,gstreamer_multi
1320,52.984,0.00,2.88,14.44,0.14,17.47,17.47,57.3,57.2,25.0,25.0,gstreamer_multi
1321,53.031,0.00,2.68,14.35,0.16,17.19,17.20,58.2,58.2,24.9,25.0,gstreamer_multi
1322,53.062,0.00,2.40,14.38,0.14,16.92,16.92,59.1,59.1,24.9,25.0,gstreamer_multi
1323,53.096,0.00,2.61,8.95,0.13,11.69,11.70,85.5,85.5,25.0,25.0,gstreamer_multi
1324,53.140,0.00,3.66,9.54,0.13,13.34,13.34,75.0,75.0,25.2,25.0,gstreamer_multi
1325,53.179,0.00,2.45,9.68,0.16,12.29,12.29,81.4,81.4,24.9,25.0,gstreamer_multi
1326,53.221,0.00,3.06,9.76,0.19,13.00,13.00,76.9,76.9,25.4,25.0,gstreamer_multi
1327,53.262,0.00,3.57,9.44,0.15,13.16,13.16,76.0,76.0,24.9,25.0,gstreamer_multi
1328,53.304,0.00,2.70,14.36,0.16,17.21,17.21,58.1,58.1,25.2,25.0,gstreamer_multi
1329,53.345,0.00,2.48,14.41,0.14,17.03,17.03,58.7,58.7,25.1,25.0,gstreamer_multi
1330,53.397,0.00,2.91,18.53,0.18,21.63,21.63,46.2,46.2,24.6,25.0,gstreamer_multi
1331,53.427,0.00,4.30,15.87,0.14,20.31,20.32,49.2,49.2,25.2,25.0,gstreamer_multi
1332,53.461,0.00,2.50,14.49,0.16,17.14,17.15,58.3,58.3,25.2,25.0,gstreamer_multi
1333,53.513,0.00,3.73,13.65,0.16,17.53,17.53,57.0,57.0,24.5,25.0,gstreamer_multi
1334,53.539,0.00,4.27,9.57,0.14,13.98,13.99,71.5,71.5,25.6,25.0,gstreamer_multi
1335,53.586,0.00,2.42,9.37,0.16,11.94,11.94,83.7,83.7,25.0,25.0,gstreamer_multi
1336,53.617,0.00,2.46,9.29,0.14,11.89,11.90,84.1,84.1,25.2,25.0,gstreamer_multi
1337,53.670,0.00,4.47,9.68,0.14,14.29,14.30,70.0,69.9,24.7,25.0,gstreamer_multi
1338,53.702,0.00,2.57,14.34,0.13,17.03,17.04,58.7,58.7,24.8,25.0,gstreamer_multi
1339,53.742,0.00,2.56,14.26,0.14,16.96,16.96,59.0,59.0,24.7,25.0,gstreamer_multi
1340,53.790,0.00,2.70,14.61,0.13,17.44,17.45,57.3,57.3,25.0,25.0,gstreamer_multi
1341,53.821,0.00,3.20,14.67,0.14,18.01,18.01,55.5,55.5,25.1,25.0,gstreamer_multi
1342,53.862,0.00,2.63,14.22,0.14,16.99,16.99,58.9,58.9,24.8,25.0,gstreamer_multi
1343,53.912,0.00,4.21,12.62,0.14,16.96,16.96,59.0,58.9,24.5,25.0,gstreamer_multi
1344,53.939,0.00,3.24,9.76,0.15,13.16,13.16,76.0,76.0,25.0,25.0,gstreamer_multi
1345,53.992,0.00,6.48,10.08,0.18,16.74,16.75,59.7,59.7,24.6,25.0,gstreamer_multi
1346,54.017,0.00,2.79,9.19,0.19,12.18,12.18,82.1,82.1,25.1,25.0,gstreamer_multi
1347,54.072,0.00,4.62,12.18,0.15,16.95,16.96,59.0,59.0,24.6,25.0,gstreamer_multi
1348,54.103,0.00,2.56,14.74,0.15,17.45,17.45,57.3,57.3,25.0,25.0,gstreamer_multi
1349,54.149,0.00,2.68,14.41,0.13,17.22,17.23,58.1,58.1,24.7,25.0,gstreamer_multi
1350,54.181,0.00,2.78,14.73,0.19,17.70,17.70,56.5,56.5,25.2,25.0,gstreamer_multi
1351,54.232,0.00,3.40,14.73,0.14,18.28,18.28,54.7,54.7,24.8,25.0,gstreamer_multi
1352,54.260,0.00,2.33,14.26,0.16,16.76,16.76,59.7,59.7,24.8,25.0,gstreamer_multi
1353,54.303,0.00,2.75,5.31,0.15,8.21,8.22,121.7,121.7,25.1,25.0,gstreamer_multi
1354,54.334,0.00,2.55,5.19,0.15,7.89,7.89,126.7,126.7,25.1,25.0,gstreamer_multi
1355,54.379,0.00,3.98,6.69,0.16,10.82,10.82,92.4,92.4,25.0,25.0,gstreamer_multi
1356,54.422,0.00,3.01,9.67,0.14,12.81,12.81,78.1,78.1,25.0,25.0,gstreamer_multi
1357,54.462,0.00,3.09,9.49,0.18,12.76,12.76,78.4,78.4,24.9,25.0,gstreamer_multi
1358,54.506,0.00,4.26,11.07,0.13,15.46,15.47,64.7,64.6,25.2,25.0,gstreamer_multi
1359,54.541,0.00,2.46,9.23,0.15,11.84,11.84,84.4,84.4,25.4,25.0,gstreamer_multi
1360,54.574,0.00,3.33,9.89,0.19,13.40,13.41,74.6,74.6,25.2,25.0,gstreamer_multi
1361,54.623,0.00,4.17,10.77,0.18,15.12,15.12,66.1,66.1,25.0,25.0,gstreamer_multi
1362,54.671,0.00,6.38,9.78,0.19,16.36,16.36,61.1,61.1,25.2,25.0,gstreamer_multi
1363,54.701,0.00,2.64,9.52,0.20,12.36,12.36,80.9,80.9,24.8,25.0,gstreamer_multi
1364,54.737,0.00,2.66,9.28,0.19,12.12,12.13,82.5,82.5,25.0,25.0,gstreamer_multi
1365,54.785,0.00,4.36,9.51,0.16,14.02,14.02,71.3,71.3,24.8,25.0,gstreamer_multi
1366,54.823,0.00,2.61,9.44,0.15,12.20,12.21,81.9,81.9,25.3,25.0,gstreamer_multi
1367,54.865,0.00,3.35,9.78,0.13,13.25,13.26,75.4,75.4,25.0,25.0,gstreamer_multi
1368,54.894,0.00,2.45,9.88,0.15,12.47,12.47,80.2,80.2,25.3,25.0,gstreamer_multi
1369,54.936,0.00,3.00,9.42,0.15,12.57,12.57,79.5,79.5,25.4,25.0,gstreamer_multi
1370,54.977,0.00,2.35,9.70,0.16,12.21,12.21,81.9,81.9,25.1,25.0,gstreamer_multi
1371,55.016,0.00,3.55,9.57,0.16,13.27,13.27,75.4,75.3,25.2,25.0,gstreamer_multi
1372,55.056,0.00,2.46,9.43,0.18,12.06,12.06,82.9,82.9,25.4,25.0,gstreamer_multi
1373,55.100,0.00,2.89,9.32,0.15,12.36,12.36,80.9,80.9,24.9,25.0,gstreamer_multi
1374,55.140,0.00,3.04,9.68,0.14,12.85,12.86,77.8,77.8,25.4,25.0,gstreamer_multi
1375,55.181,0.00,2.74,9.29,0.14,12.16,12.16,82.2,82.2,24.8,25.0,gstreamer_multi
1376,55.224,0.00,3.71,9.60,0.17,13.49,13.49,74.2,74.1,25.3,25.0,gstreamer_multi
1377,55.253,0.00,2.63,9.52,0.20,12.35,12.35,81.0,80.9,25.5,25.0,gstreamer_multi
1378,55.298,0.00,4.52,10.25,0.19,14.95,14.96,66.9,66.9,25.5,25.0,gstreamer_multi
1379,55.337,0.00,3.96,9.82,0.15,13.93,13.93,71.8,71.8,25.3,25.0,gstreamer_multi
1380,55.376,0.00,2.56,9.46,0.18,12.20,12.20,82.0,82.0,25.4,25.0,gstreamer_multi
1381,55.419,0.00,2.95,9.47,0.14,12.56,12.56,79.6,79.6,25.2,25.0,gstreamer_multi
1382,55.456,0.00,2.98,9.58,0.18,12.74,12.74,78.5,78.5,25.1,25.0,gstreamer_multi
1383,55.501,0.00,3.99,9.78,0.16,13.93,13.93,71.8,71.8,24.9,25.0,gstreamer_multi
1384,55.540,0.00,3.28,10.10,0.18,13.55,13.56,73.8,73.8,25.0,25.0,gstreamer_multi
1385,55.580,0.00,3.10,9.51,0.15,12.75,12.75,78.4,78.4,25.0,25.0,gstreamer_multi
1386,55.619,0.00,2.49,9.07,0.15,11.71,11.72,85.4,85.4,25.0,25.0,gstreamer_multi
1387,55.660,0.00,2.58,9.39,0.15,12.11,12.11,82.6,82.6,24.9,25.0,gstreamer_multi
1388,55.696,0.00,2.66,9.02,0.14,11.82,11.82,84.6,84.6,25.1,25.0,gstreamer_multi
1389,55.738,0.00,3.42,9.79,0.16,13.37,13.37,74.8,74.8,24.9,25.0,gstreamer_multi
1390,55.781,0.00,4.33,9.91,0.14,14.39,14.40,69.5,69.5,25.1,25.0,gstreamer_multi
1391,55.822,0.00,3.00,10.87,0.18,14.05,14.06,71.2,71.1,25.0,25.0,gstreamer_multi
1392,55.873,0.00,3.97,9.65,0.20,13.82,13.83,72.4,72.3,24.8,25.0,gstreamer_multi
1393,55.899,0.00,2.50,9.50,0.19,12.18,12.19,82.1,82.1,25.1,25.0,gstreamer_multi
1394,55.939,0.00,2.52,9.43,0.14,12.09,12.10,82.7,82.7,25.0,25.0,gstreamer_multi
1395,55.983,0.00,4.22,10.04,0.18,14.44,14.45,69.2,69.2,25.0,25.0,gstreamer_multi
1396,56.023,0.00,2.86,9.49,0.14,12.49,12.49,80.1,80.1,25.0,25.0,gstreamer_multi
1397,56.054,0.00,2.54,10.69,0.14,13.37,13.37,74.8,74.8,25.0,25.0,gstreamer_multi
1398,56.094,0.00,2.62,9.25,0.15,12.02,12.02,83.2,83.2,25.0,25.0,gstreamer_multi
1399,56.136,0.00,2.87,9.28,0.14,12.29,12.29,81.4,81.4,25.0,25.0,gstreamer_multi
1400,56.177,0.00,3.15,9.62,0.17,12.94,12.94,77.3,77.3,25.1,25.0,gstreamer_multi
1401,56.215,0.00,2.66,9.48,0.16,12.30,12.30,81.3,81.3,25.2,25.0,gstreamer_multi
1402,56.270,0.00,4.49,9.87,0.19,14.55,14.55,68.7,68.7,24.8,25.0,gstreamer_multi
1403,56.304,0.00,2.36,14.42,0.14,16.93,16.93,59.1,59.1,25.0,25.0,gstreamer_multi
1404,56.339,0.00,2.57,14.52,0.14,17.22,17.23,58.1,58.0,24.9,25.0,gstreamer_multi
1405,56.378,0.00,2.49,14.27,0.16,16.92,16.92,59.1,59.1,25.2,25.0,gstreamer_multi
1406,56.420,0.00,2.62,14.62,0.14,17.38,17.38,57.5,57.5,24.8,25.0,gstreamer_multi
1407,56.461,0.00,2.46,14.33,0.15,16.95,16.95,59.0,59.0,25.0,25.0,gstreamer_multi
1408,56.501,0.00,2.54,12.91,0.14,15.58,15.59,64.2,64.2,25.0,25.0,gstreamer_multi
1409,56.540,0.00,3.13,9.36,0.13,12.62,12.63,79.2,79.2,24.9,25.0,gstreamer_multi
1410,56.582,0.00,2.88,9.59,0.15,12.62,12.63,79.2,79.2,25.0,25.0,gstreamer_multi
1411,56.617,0.00,2.56,9.35,0.16,12.07,12.07,82.9,82.9,25.0,25.0,gstreamer_multi
1412,56.655,0.00,2.56,9.55,0.15,12.26,12.26,81.6,81.5,25.0,25.0,gstreamer_multi
1413,56.704,0.00,2.91,13.71,0.16,16.78,16.78,59.6,59.6,25.0,25.0,gstreamer_multi
1414,56.744,0.00,2.65,14.40,0.13,17.18,17.18,58.2,58.2,25.0,25.0,gstreamer_multi
1415,56.784,0.00,2.47,14.33,0.14,16.94,16.94,59.0,59.0,25.0,25.0,gstreamer_multi
1416,56.825,0.00,2.32,14.38,0.14,16.85,16.85,59.4,59.4,25.1,25.0,gstreamer_multi
1417,56.858,0.00,2.54,14.13,0.15,16.83,16.83,59.4,59.4,25.0,25.0,gstreamer_multi
1418,56.908,0.00,2.66,9.76,0.16,12.58,12.58,79.5,79.5,24.9,25.0,gstreamer_multi
1419,56.939,0.00,2.41,10.70,0.16,13.27,13.27,75.4,75.3,25.2,25.0,gstreamer_multi
1420,56.995,0.00,3.83,14.96,0.15,18.94,18.95,52.8,52.8,24.8,25.0,gstreamer_multi
1421,57.020,0.00,3.72,10.43,0.14,14.28,14.29,70.0,70.0,25.2,25.0,gstreamer_multi
1422,57.058,0.00,2.68,9.49,0.16,12.32,12.32,81.2,81.2,25.2,25.0,gstreamer_multi
1423,57.116,0.00,4.75,15.39,0.13,20.27,20.28,49.3,49.3,24.7,25.0,gstreamer_multi
1424,57.142,0.00,2.63,14.10,0.16,16.89,16.89,59.2,59.2,24.8,25.0,gstreamer_multi
1425,57.189,0.00,2.43,14.38,0.14,16.96,16.96,59.0,59.0,24.7,25.0,gstreamer_multi
1426,57.219,0.00,2.38,14.10,0.15,16.63,16.63,60.1,60.1,24.7,25.0,gstreamer_multi
1427,57.268,0.00,2.44,14.34,0.19,16.96,16.96,59.0,59.0,24.6,25.0,gstreamer_multi
1428,57.299,0.00,3.25,12.80,0.16,16.21,16.21,61.7,61.7,24.8,25.0,gstreamer_multi
1429,57.342,0.00,2.61,9.50,0.19,12.29,12.29,81.4,81.3,25.0,25.0,gstreamer_multi
1430,57.374,0.00,3.51,9.63,0.19,13.33,13.34,75.0,75.0,25.1,25.0,gstreamer_multi
1431,57.427,0.00,3.80,9.74,0.15,13.69,13.69,73.1,73.0,24.9,25.0,gstreamer_multi
1432,57.456,0.00,2.63,9.41,0.15,12.19,12.19,82.0,82.0,25.1,25.0,gstreamer_multi
1433,57.514,0.00,3.33,14.51,0.14,17.97,17.98,55.6,55.6,24.7,25.0,gstreamer_multi
1434,57.541,0.00,2.59,14.37,0.15,17.11,17.11,58.4,58.4,24.7,25.0,gstreamer_multi
1435,57.590,0.00,2.70,14.33,0.14,17.16,17.17,58.3,58.3,24.6,25.0,gstreamer_multi
1436,57.621,0.00,2.84,14.27,0.15,17.26,17.26,57.9,57.9,24.8,25.0,gstreamer_multi
1437,57.669,0.00,2.90,14.66,0.13,17.69,17.69,56.5,56.5,24.7,25.0,gstreamer_multi
1438,57.695,0.00,2.53,10.64,0.19,13.35,13.35,74.9,74.9,25.2,25.0,gstreamer_multi
1439,57.743,0.00,2.44,9.57,0.14,12.16,12.16,82.3,82.3,25.1,25.0,gstreamer_multi
1440,57.775,0.00,2.49,10.73,0.15,13.37,13.37,74.8,74.8,25.2,25.0,gstreamer_multi
1441,57.824,0.00,2.58,9.69,0.14,12.41,12.42,80.6,80.5,25.0,25.0,gstreamer_multi
1442,57.856,0.00,2.64,10.10,0.16,12.91,12.91,77.5,77.4,25.2,25.0,gstreamer_multi
1443,57.903,0.00,3.24,9.83,0.14,13.20,13.20,75.8,75.7,25.1,25.0,gstreamer_multi
1444,57.933,0.00,2.45,9.51,0.14,12.10,12.10,82.6,82.6,25.2,25.0,gstreamer_multi
1445,57.992,0.00,4.52,12.60,0.18,17.30,17.31,57.8,57.8,24.7,25.0,gstreamer_multi
1446,58.016,0.00,3.22,9.82,0.16,13.20,13.20,75.8,75.8,25.0,25.0,gstreamer_multi
1447,58.057,0.00,3.43,9.44,0.16,13.03,13.03,76.8,76.7,25.1,25.0,gstreamer_multi
1448,58.104,0.00,2.86,15.23,0.19,18.27,18.28,54.7,54.7,24.9,25.0,gstreamer_multi
1449,58.144,0.00,2.93,14.59,0.16,17.68,17.68,56.6,56.6,25.4,25.0,gstreamer_multi
1450,58.184,0.00,2.55,14.36,0.14,17.05,17.05,58.7,58.6,25.0,25.0,gstreamer_multi
1451,58.231,0.00,4.95,15.59,0.20,20.73,20.74,48.2,48.2,24.6,25.0,gstreamer_multi
1452,58.265,0.00,3.81,15.30,0.20,19.31,19.32,51.8,51.8,25.2,25.0,gstreamer_multi
1453,58.297,0.00,3.49,10.08,0.19,13.76,13.76,72.7,72.7,25.3,25.0,gstreamer_multi
1454,58.335,0.00,2.51,9.15,0.16,11.81,11.82,84.6,84.6,25.4,25.0,gstreamer_multi
1455,58.379,0.00,3.78,9.38,0.13,13.30,13.30,75.2,75.2,25.2,25.0,gstreamer_multi
1456,58.419,0.00,3.53,9.32,0.15,13.00,13.00,76.9,76.9,25.4,25.0,gstreamer_multi
1457,58.470,0.00,3.56,9.68,0.14,13.37,13.38,74.8,74.7,25.0,25.0,gstreamer_multi
1458,58.504,0.00,2.34,14.28,0.15,16.77,16.77,59.6,59.6,25.0,25.0,gstreamer_multi
1459,58.546,0.00,2.66,14.78,0.19,17.63,17.64,56.7,56.7,24.7,25.0,gstreamer_multi
1460,58.586,0.00,2.73,14.46,0.13,17.32,17.32,57.7,57.7,25.3,25.0,gstreamer_multi
1461,58.630,0.00,2.57,14.73,0.15,17.45,17.46,57.3,57.3,24.6,25.0,gstreamer_multi
1462,58.662,0.00,2.57,14.38,0.14,17.09,17.09,58.5,58.5,25.2,25.0,gstreamer_multi
1463,58.697,0.00,2.46,9.32,0.13,11.91,11.92,83.9,83.9,25.2,25.0,gstreamer_multi
1464,58.740,0.00,2.73,9.63,0.18,12.54,12.54,79.8,79.7,25.3,25.0,gstreamer_multi
1465,58.784,0.00,3.65,10.17,0.18,14.01,14.01,71.4,71.4,25.1,25.0,gstreamer_multi
1466,58.822,0.00,2.75,9.69,0.16,12.59,12.60,79.4,79.4,25.3,25.0,gstreamer_multi
1467,58.863,0.00,2.72,9.50,0.16,12.38,12.39,80.8,80.7,24.7,25.0,gstreamer_multi
1468,58.898,0.00,2.53,14.12,0.14,16.78,16.79,59.6,59.6,25.1,25.0,gstreamer_multi
1469,58.940,0.00,2.42,14.57,0.13,17.12,17.12,58.4,58.4,24.9,25.0,gstreamer_multi
1470,58.992,0.00,3.98,15.01,0.18,19.17,19.18,52.2,52.1,24.8,25.0,gstreamer_multi
1471,59.025,0.00,2.79,14.87,0.16,17.83,17.83,56.1,56.1,24.6,25.0,gstreamer_multi
1472,59.062,0.00,2.44,14.77,0.14,17.34,17.35,57.7,57.7,24.8,25.0,gstreamer_multi
1473,59.095,0.00,2.38,9.50,0.15,12.02,12.02,83.2,83.2,24.9,25.0,gstreamer_multi
1474,59.138,0.00,3.29,10.40,0.16,13.85,13.85,72.2,72.2,25.4,25.0,gstreamer_multi
1475,59.178,0.00,2.89,9.63,0.18,12.70,12.71,78.7,78.7,25.0,25.0,gstreamer_multi
1476,59.219,0.00,2.53,11.02,0.16,13.70,13.71,73.0,73.0,25.0,25.0,gstreamer_multi
1477,59.262,0.00,3.94,9.30,0.15,13.39,13.40,74.7,74.6,24.9,25.0,gstreamer_multi
1478,59.306,0.00,2.59,14.55,0.14,17.28,17.28,57.9,57.9,24.9,25.0,gstreamer_multi
1479,59.340,0.00,2.53,14.54,0.19,17.26,17.27,57.9,57.9,25.1,25.0,gstreamer_multi
1480,59.382,0.00,3.41,14.53,0.19,18.12,18.13,55.2,55.2,25.3,25.0,gstreamer_multi
1481,59.430,0.00,2.75,15.78,0.17,18.69,18.70,53.5,53.5,24.8,25.0,gstreamer_multi
1482,59.460,0.00,2.59,14.62,0.17,17.39,17.39,57.5,57.5,24.8,25.0,gstreamer_multi
1483,59.510,0.00,3.90,10.12,0.14,14.16,14.17,70.6,70.6,24.5,25.0,gstreamer_multi
1484,59.541,0.00,3.32,9.97,0.16,13.45,13.45,74.4,74.3,25.0,25.0,gstreamer_multi
1485,59.594,0.00,5.69,10.40,0.15,16.25,16.25,61.5,61.5,24.5,25.0,gstreamer_multi
1486,59.619,0.00,2.56,9.25,0.16,11.97,11.97,83.6,83.5,25.3,25.0,gstreamer_multi
1487,59.672,0.00,3.60,11.63,0.13,15.36,15.36,65.1,65.1,24.6,25.0,gstreamer_multi
1488,59.704,0.00,3.24,14.84,0.18,18.25,18.26,54.8,54.8,24.8,25.0,gstreamer_multi
1489,59.749,0.00,2.43,13.95,0.13,16.51,16.52,60.6,60.5,24.7,25.0,gstreamer_multi
1490,59.786,0.00,2.47,19.03,0.13,21.63,21.63,46.2,46.2,25.0,25.0,gstreamer_multi
1491,59.830,0.00,2.56,14.50,0.16,17.22,17.23,58.1,58.1,24.8,25.0,gstreamer_multi
1492,59.865,0.00,4.41,17.36,0.14,21.90,21.91,45.7,45.6,24.8,25.0,gstreamer_multi
1493,59.903,0.00,3.02,5.61,0.15,8.78,8.78,114.0,113.9,25.0,25.0,gstreamer_multi
1494,59.933,0.00,2.69,5.18,0.16,8.03,8.03,124.5,124.5,25.2,25.0,gstreamer_multi
1495,59.986,0.00,4.94,5.70,0.15,10.79,10.79,92.7,92.7,25.0,25.0,gstreamer_multi
1496,60.011,0.00,2.58,5.27,0.16,8.00,8.01,124.9,124.9,25.3,25.0,gstreamer_multi
1497,60.055,0.00,3.68,5.47,0.14,9.29,9.29,107.6,107.6,25.1,25.0,gstreamer_multi
1498,60.110,0.00,3.16,15.13,0.12,18.41,18.42,54.3,54.3,24.6,25.0,gstreamer_multi
1499,60.146,0.00,3.35,18.98,0.16,22.49,22.49,44.5,44.5,25.0,25.0,gstreamer_multi
1500,60.188,0.00,2.47,14.11,0.15,16.74,16.74,59.7,59.7,24.9,25.0,gstreamer_multi
1501,60.220,0.00,2.74,14.56,0.15,17.44,17.45,57.3,57.3,25.1,25.0,gstreamer_multi
1502,60.260,0.00,2.41,14.51,0.13,17.06,17.06,58.6,58.6,24.7,25.0,gstreamer_multi
1503,60.308,0.00,3.60,9.80,0.15,13.54,13.55,73.8,73.8,24.6,25.0,gstreamer_multi
1504,60.341,0.00,2.93,13.26,0.19,16.38,16.38,61.0,61.0,24.7,25.0,gstreamer_multi
1505,60.385,0.00,2.73,9.67,0.14,12.54,12.54,79.8,79.7,25.0,25.0,gstreamer_multi
1506,60.415,0.00,2.53,9.47,0.16,12.16,12.16,82.2,82.2,25.2,25.0,gstreamer_multi
1507,60.462,0.00,4.38,10.35,0.19,14.92,14.93,67.0,67.0,25.1,25.0,gstreamer_multi
1508,60.501,0.00,3.33,10.38,0.15,13.86,13.87,72.1,72.1,24.9,25.0,gstreamer_multi
1509,60.541,0.00,2.78,9.45,0.20,12.43,12.43,80.5,80.4,24.8,25.0,gstreamer_multi
1510,60.575,0.00,3.41,10.09,0.16,13.65,13.66,73.2,73.2,25.5,25.0,gstreamer_multi
1511,60.622,0.00,3.02,9.37,0.14,12.53,12.54,79.8,79.8,25.2,25.0,gstreamer_multi
1512,60.653,0.00,2.54,9.33,0.14,12.01,12.01,83.3,83.3,25.7,25.0,gstreamer_multi
1513,60.706,0.00,6.03,10.10,0.13,16.25,16.26,61.5,61.5,24.9,25.0,gstreamer_multi
1514,60.742,0.00,2.38,9.72,0.16,12.26,12.27,81.5,81.5,25.3,25.0,gstreamer_multi
1515,60.776,0.00,2.49,10.45,0.15,13.09,13.10,76.4,76.4,25.0,25.0,gstreamer_multi
1516,60.817,0.00,2.66,9.33,0.15,12.14,12.14,82.4,82.4,25.5,25.0,gstreamer_multi
1517,60.859,0.00,3.39,10.00,0.18,13.57,13.57,73.7,73.7,25.2,25.0,gstreamer_multi
1518,60.899,0.00,2.93,9.61,0.16,12.69,12.69,78.8,78.8,25.4,25.0,gstreamer_multi
1519,60.941,0.00,3.39,9.83,0.15,13.36,13.36,74.8,74.8,25.2,25.0,gstreamer_multi
1520,60.979,0.00,2.59,9.42,0.16,12.16,12.17,82.2,82.2,25.4,25.0,gstreamer_multi
1521,61.018,0.00,2.54,9.49,0.15,12.18,12.18,82.1,82.1,25.3,25.0,gstreamer_multi
1522,61.058,0.00,3.41,11.38,0.15,14.94,14.94,66.9,66.9,25.1,25.0,gstreamer_multi
1523,61.108,0.00,3.05,11.63,0.13,14.81,14.81,67.5,67.5,24.7,25.0,gstreamer_multi
1524,61.140,0.00,2.56,9.62,0.13,12.30,12.31,81.3,81.3,25.0,25.0,gstreamer_multi
1525,61.180,0.00,2.64,9.31,0.15,12.10,12.10,82.7,82.7,24.8,25.0,gstreamer_multi
1526,61.227,0.00,4.54,9.53,0.15,14.22,14.23,70.3,70.3,24.8,25.0,gstreamer_multi
1527,61.254,0.00,2.42,9.12,0.15,11.69,11.69,85.6,85.5,25.5,25.0,gstreamer_multi
1528,61.299,0.00,3.22,9.71,0.14,13.07,13.07,76.5,76.5,25.2,25.0,gstreamer_multi
1529,61.339,0.00,2.57,9.43,0.16,12.15,12.16,82.3,82.3,25.4,25.0,gstreamer_multi
1530,61.383,0.00,4.48,11.60,0.15,16.24,16.24,61.6,61.6,25.0,25.0,gstreamer_multi
1531,61.424,0.00,2.73,9.37,0.16,12.25,12.26,81.6,81.6,24.9,25.0,gstreamer_multi
1532,61.457,0.00,2.50,9.39,0.19,12.08,12.08,82.8,82.8,25.5,25.0,gstreamer_multi
1533,61.496,0.00,2.54,8.95,0.15,11.65,11.65,85.9,85.8,25.3,25.0,gstreamer_multi
1534,61.540,0.00,3.00,9.99,0.14,13.13,13.13,76.2,76.2,25.0,25.0,gstreamer_multi
1535,61.579,0.00,2.79,9.25,0.13,12.17,12.17,82.2,82.1,24.8,25.0,gstreamer_multi
1536,61.619,0.00,3.02,9.45,0.16,12.63,12.64,79.2,79.1,25.1,25.0,gstreamer_multi
1537,61.661,0.00,3.37,9.41,0.13,12.91,12.91,77.5,77.5,25.0,25.0,gstreamer_multi
1538,61.699,0.00,2.50,9.22,0.17,11.90,11.90,84.0,84.0,25.2,25.0,gstreamer_multi
1539,61.740,0.00,2.82,10.07,0.19,13.08,13.08,76.5,76.4,24.8,25.0,gstreamer_multi
1540,61.784,0.00,3.26,10.44,0.14,13.84,13.84,72.3,72.2,24.9,25.0,gstreamer_multi
1541,61.825,0.00,2.63,9.33,0.15,12.11,12.11,82.6,82.6,24.7,25.0,gstreamer_multi
1542,61.856,0.00,2.64,9.25,0.14,12.03,12.03,83.1,83.1,25.2,25.0,gstreamer_multi
1543,61.895,0.00,2.31,9.66,0.14,12.11,12.12,82.6,82.5,25.3,25.0,gstreamer_multi
1544,61.939,0.00,2.55,9.35,0.14,12.04,12.05,83.0,83.0,25.0,25.0,gstreamer_multi
1545,61.976,0.00,2.40,9.55,0.15,12.11,12.11,82.6,82.6,24.9,25.0,gstreamer_multi
1546,62.015,0.00,2.59,9.52,0.17,12.28,12.28,81.4,81.4,25.1,25.0,gstreamer_multi
1547,62.054,0.00,2.59,9.24,0.16,11.99,11.99,83.4,83.4,25.1,25.0,gstreamer_multi
1548,62.095,0.00,2.52,9.08,0.15,11.75,11.75,85.1,85.1,25.1,25.0,gstreamer_multi
1549,62.138,0.00,2.71,9.46,0.16,12.32,12.33,81.1,81.1,25.1,25.0,gstreamer_multi
1550,62.186,0.00,4.31,9.65,0.19,14.15,14.15,70.7,70.7,24.8,25.0,gstreamer_multi
1551,62.214,0.00,2.54,9.67,0.17,12.37,12.38,80.8,80.8,25.2,25.0,gstreamer_multi
1552,62.271,0.00,3.43,10.40,0.18,14.01,14.01,71.4,71.4,25.0,25.0,gstreamer_multi
1553,62.304,0.00,2.63,14.32,0.19,17.14,17.15,58.3,58.3,25.0,25.0,gstreamer_multi
1554,62.344,0.00,2.50,16.94,0.16,19.61,19.61,51.0,51.0,24.8,25.0,gstreamer_multi
1555,62.390,0.00,2.70,14.43,0.16,17.29,17.29,57.8,57.8,24.9,25.0,gstreamer_multi
1556,62.425,0.00,2.58,18.24,0.16,20.98,20.98,47.7,47.7,24.7,25.0,gstreamer_multi
1557,62.462,0.00,2.52,14.33,0.18,17.03,17.03,58.7,58.7,25.0,25.0,gstreamer_multi
1558,62.498,0.00,2.44,9.43,0.14,12.02,12.02,83.2,83.2,25.0,25.0,gstreamer_multi
1559,62.533,0.00,2.45,9.65,0.29,12.39,12.39,80.7,80.7,25.2,25.0,gstreamer_multi
1560,62.575,0.00,2.77,9.05,0.25,12.07,12.08,82.8,82.8,25.2,25.0,gstreamer_multi
1561,62.620,0.00,2.56,9.56,0.26,12.38,12.38,80.8,80.8,24.9,25.0,gstreamer_multi
1562,62.668,0.00,3.22,9.69,0.25,13.17,13.17,75.9,75.9,24.9,25.0,gstreamer_multi
1563,62.707,0.00,2.36,14.54,0.25,17.15,17.15,58.3,58.3,24.9,25.0,gstreamer_multi
1564,62.747,0.00,2.63,18.19,0.29,21.10,21.11,47.4,47.4,24.8,25.0,gstreamer_multi
1565,62.786,0.00,2.45,19.10,0.27,21.81,21.81,45.8,45.8,24.7,25.0,gstreamer_multi
1566,62.826,0.00,2.47,18.16,0.24,20.88,20.88,47.9,47.9,24.8,25.0,gstreamer_multi
1567,62.867,0.00,2.62,17.84,0.26,20.72,20.72,48.3,48.3,24.8,25.0,gstreamer_multi
1568,62.898,0.00,2.40,9.29,0.24,11.93,11.93,83.8,83.8,25.0,25.0,gstreamer_multi
1569,62.938,0.00,2.42,9.16,0.25,11.84,11.85,84.4,84.4,25.1,25.0,gstreamer_multi
1570,62.983,0.00,2.57,13.42,0.24,16.24,16.24,61.6,61.6,25.0,25.0,gstreamer_multi
1571,63.024,0.00,2.63,9.24,0.25,12.12,12.13,82.5,82.5,24.6,25.0,gstreamer_multi
1572,63.057,0.00,2.63,9.44,0.14,12.22,12.23,81.8,81.8,24.9,25.0,gstreamer_multi
1573,63.100,0.00,2.45,14.67,0.14,17.26,17.26,57.9,57.9,25.1,25.0,gstreamer_multi
1574,63.141,0.00,2.55,14.58,0.25,17.38,17.38,57.6,57.5,25.1,25.0,gstreamer_multi
1575,63.182,0.00,2.44,14.33,0.24,17.02,17.02,58.8,58.8,24.9,25.0,gstreamer_multi
1576,63.228,0.00,2.70,19.25,0.33,22.27,22.27,44.9,44.9,24.7,25.0,gstreamer_multi
1577,63.265,0.00,2.45,16.16,0.24,18.85,18.86,53.0,53.0,25.0,25.0,gstreamer_multi
1578,63.303,0.00,2.63,12.96,0.26,15.85,15.85,63.1,63.1,24.9,25.0,gstreamer_multi
1579,63.343,0.00,2.41,12.22,0.23,14.86,14.87,67.3,67.3,25.0,25.0,gstreamer_multi
1580,63.383,0.00,2.35,10.70,0.24,13.30,13.30,75.2,75.2,24.7,25.0,gstreamer_multi
1581,63.421,0.00,2.38,11.11,0.26,13.75,13.75,72.7,72.7,25.3,25.0,gstreamer_multi
1582,63.465,0.00,2.41,9.18,0.25,11.84,11.84,84.5,84.5,24.9,25.0,gstreamer_multi
1583,63.502,0.00,2.45,14.43,0.24,17.11,17.12,58.4,58.4,25.2,25.0,gstreamer_multi
1584,63.544,0.00,2.57,14.42,0.29,17.28,17.28,57.9,57.9,25.2,25.0,gstreamer_multi
1585,63.584,0.00,2.52,14.28,0.26,17.05,17.06,58.6,58.6,25.2,25.0,gstreamer_multi
1586,63.625,0.00,2.41,14.75,0.24,17.41,17.41,57.4,57.4,25.0,25.0,gstreamer_multi
1587,63.665,0.00,2.43,14.30,0.26,16.99,16.99,58.9,58.8,24.9,25.0,gstreamer_multi
1588,63.700,0.00,2.41,9.70,0.27,12.38,12.38,80.8,80.7,24.8,25.0,gstreamer_multi
1589,63.741,0.00,2.43,9.49,0.25,12.18,12.18,82.1,82.1,25.0,25.0,gstreamer_multi
1590,63.782,0.00,2.36,9.31,0.26,11.94,11.94,83.7,83.7,24.8,25.0,gstreamer_multi
1591,63.819,0.00,2.49,9.62,0.26,12.38,12.38,80.8,80.8,25.2,25.0,gstreamer_multi
1592,63.856,0.00,2.48,9.80,0.24,12.52,12.53,79.9,79.8,25.1,25.0,gstreamer_multi
1593,63.903,0.00,2.43,14.12,0.26,16.81,16.82,59.5,59.5,25.2,25.0,gstreamer_multi
1594,63.945,0.00,2.41,14.65,0.25,17.31,17.31,57.8,57.8,25.2,25.0,gstreamer_multi
1595,63.984,0.00,2.54,14.32,0.25,17.12,17.12,58.4,58.4,25.2,25.0,gstreamer_multi
1596,64.024,0.00,2.39,14.62,0.25,17.26,17.27,57.9,57.9,25.2,25.0,gstreamer_multi
1597,64.065,0.00,2.42,14.38,0.25,17.06,17.06,58.6,58.6,25.0,25.0,gstreamer_multi
1598,64.101,0.00,2.45,9.44,0.23,12.12,12.13,82.5,82.5,24.9,25.0,gstreamer_multi
1599,64.135,0.00,2.39,12.63,0.23,15.25,15.25,65.6,65.6,25.2,25.0,gstreamer_multi
1600,64.183,0.00,3.01,9.28,0.25,12.53,12.54,79.8,79.8,25.1,25.0,gstreamer_multi
1601,64.221,0.00,2.67,10.99,0.25,13.91,13.91,71.9,71.9,24.6,25.0,gstreamer_multi
1602,64.265,0.00,2.37,9.24,0.27,11.88,11.88,84.2,84.2,24.7,25.0,gstreamer_multi
1603,64.302,0.00,2.43,14.35,0.28,17.05,17.06,58.6,58.6,25.0,25.0,gstreamer_multi
1604,64.342,0.00,2.46,14.19,0.24,16.90,16.90,59.2,59.2,25.0,25.0,gstreamer_multi
1605,64.384,0.00,2.56,14.58,0.24,17.38,17.38,57.5,57.5,24.9,25.0,gstreamer_multi
1606,64.431,0.00,2.39,14.76,0.24,17.39,17.39,57.5,57.5,24.6,25.0,gstreamer_multi
1607,64.463,0.00,2.65,14.29,0.26,17.19,17.20,58.2,58.2,24.8,25.0,gstreamer_multi
1608,64.506,0.00,2.49,9.59,0.16,12.24,12.24,81.7,81.7,25.0,25.0,gstreamer_multi
1609,64.537,0.00,2.35,9.21,0.14,11.70,11.70,85.5,85.4,25.2,25.0,gstreamer_multi
1610,64.586,0.00,2.70,9.51,0.16,12.36,12.37,80.9,80.9,24.9,25.0,gstreamer_multi
1611,64.617,0.00,2.57,9.67,0.16,12.41,12.41,80.6,80.6,25.2,25.0,gstreamer_multi
1612,64.654,0.00,2.61,9.34,0.16,12.11,12.11,82.6,82.5,25.2,25.0,gstreamer_multi
1613,64.718,0.00,3.50,19.23,0.14,22.87,22.87,43.7,43.7,24.6,25.0,gstreamer_multi
1614,64.742,0.00,3.01,14.12,0.13,17.26,17.26,57.9,57.9,24.8,25.0,gstreamer_multi
1615,64.789,0.00,2.50,14.29,0.15,16.94,16.94,59.0,59.0,24.7,25.0,gstreamer_multi
1616,64.820,0.00,2.93,14.14,0.13,17.20,17.20,58.1,58.1,24.8,25.0,gstreamer_multi
1617,64.868,0.00,2.48,14.27,0.16,16.91,16.91,59.1,59.1,24.7,25.0,gstreamer_multi
1618,64.895,0.00,2.94,9.42,0.16,12.53,12.53,79.8,79.8,25.2,25.0,gstreamer_multi
1619,64.942,0.00,2.66,9.53,0.14,12.34,12.34,81.1,81.0,25.1,25.0,gstreamer_multi
1620,64.972,0.00,2.44,9.62,0.15,12.21,12.21,81.9,81.9,25.1,25.0,gstreamer_multi
1621,65.020,0.00,2.60,9.06,0.17,11.82,11.82,84.6,84.6,25.0,25.0,gstreamer_multi
1622,65.056,0.00,2.46,9.35,0.14,11.95,11.95,83.7,83.7,25.2,25.0,gstreamer_multi
1623,65.108,0.00,2.55,15.20,0.15,17.90,17.90,55.9,55.9,24.9,25.0,gstreamer_multi
1624,65.143,0.00,2.47,14.36,0.14,16.97,16.98,58.9,58.9,24.8,25.0,gstreamer_multi
1625,65.193,0.00,2.54,14.61,0.14,17.29,17.29,57.8,57.8,24.6,25.0,gstreamer_multi
1626,65.224,0.00,3.32,14.62,0.16,18.10,18.10,55.3,55.3,24.8,25.0,gstreamer_multi
1627,65.270,0.00,2.47,14.19,0.16,16.82,16.82,59.5,59.4,24.7,25.0,gstreamer_multi
1628,65.302,0.00,2.48,14.12,0.15,16.75,16.76,59.7,59.7,24.6,25.0,gstreamer_multi
1629,65.345,0.00,2.38,9.10,0.20,11.67,11.67,85.7,85.7,25.0,25.0,gstreamer_multi
1630,65.376,0.00,2.39,9.47,0.15,12.01,12.01,83.3,83.3,25.4,25.0,gstreamer_multi
1631,65.428,0.00,2.48,11.22,0.14,13.85,13.85,72.2,72.2,25.0,25.0,gstreamer_multi
1632,65.456,0.00,2.54,9.48,0.14,12.16,12.16,82.2,82.2,25.1,25.0,gstreamer_multi
1633,65.495,0.00,2.60,9.48,0.16,12.24,12.24,81.7,81.7,25.1,25.0,gstreamer_multi
1634,65.536,0.00,2.56,9.47,0.16,12.18,12.18,82.1,82.1,25.3,25.0,gstreamer_multi
1635,65.578,0.00,2.56,9.83,0.16,12.55,12.55,79.7,79.7,25.5,25.0,gstreamer_multi
1636,65.617,0.00,2.42,9.38,0.15,11.95,11.96,83.7,83.6,25.2,25.0,gstreamer_multi
1637,65.657,0.00,2.58,9.15,0.16,11.88,11.88,84.2,84.2,25.1,25.0,gstreamer_multi
1638,65.707,0.00,2.62,17.54,0.15,20.30,20.31,49.3,49.2,24.7,25.0,gstreamer_multi
1639,65.747,0.00,2.32,18.16,0.15,20.63,20.63,48.5,48.5,24.8,25.0,gstreamer_multi
1640,65.787,0.00,2.54,17.49,0.16,20.19,20.19,49.5,49.5,24.8,25.0,gstreamer_multi
1641,65.828,0.00,2.69,14.31,0.14,17.15,17.15,58.3,58.3,24.6,25.0,gstreamer_multi
1642,65.869,0.00,2.40,14.55,0.16,17.11,17.11,58.5,58.4,25.3,25.0,gstreamer_multi
1643,65.893,0.00,2.47,9.42,0.16,12.05,12.05,83.0,83.0,25.3,25.0,gstreamer_multi
1644,65.934,0.00,2.57,9.68,0.14,12.39,12.39,80.7,80.7,25.5,25.0,gstreamer_multi
1645,65.974,0.00,2.52,9.52,0.16,12.20,12.20,82.0,82.0,25.3,25.0,gstreamer_multi
1646,66.016,0.00,2.55,9.72,0.17,12.44,12.44,80.4,80.4,25.4,25.0,gstreamer_multi
1647,66.056,0.00,2.55,9.23,0.16,11.94,11.94,83.8,83.8,24.9,25.0,gstreamer_multi
1648,66.097,0.00,2.60,9.43,0.14,12.18,12.18,82.1,82.1,25.0,25.0,gstreamer_multi
1649,66.139,0.00,2.60,9.48,0.14,12.21,12.21,81.9,81.9,24.8,25.0,gstreamer_multi
1650,66.179,0.00,2.46,9.56,0.16,12.19,12.19,82.1,82.0,25.0,25.0,gstreamer_multi
1651,66.216,0.00,2.49,9.58,0.17,12.23,12.24,81.7,81.7,25.0,25.0,gstreamer_multi
1652,66.266,0.00,2.65,9.14,0.13,11.93,11.93,83.8,83.8,24.9,25.0,gstreamer_multi
1653,66.302,0.00,2.33,14.42,0.19,16.94,16.94,59.0,59.0,25.3,25.0,gstreamer_multi
1654,66.343,0.00,2.64,14.60,0.16,17.40,17.40,57.5,57.5,25.4,25.0,gstreamer_multi
1655,66.385,0.00,2.59,14.27,0.14,17.00,17.01,58.8,58.8,25.2,25.0,gstreamer_multi
1656,66.430,0.00,2.58,19.66,0.16,22.40,22.40,44.6,44.6,25.1,25.0,gstreamer_multi
1657,66.466,0.00,2.48,14.24,0.13,16.86,16.86,59.3,59.3,25.2,25.0,gstreamer_multi
1658,66.506,0.00,2.46,13.74,0.15,16.36,16.36,61.1,61.1,25.0,25.0,gstreamer_multi
1659,66.533,0.00,2.57,9.38,0.15,12.10,12.11,82.6,82.6,25.0,25.0,gstreamer_multi
1660,66.573,0.00,2.52,9.48,0.16,12.16,12.16,82.3,82.2,25.3,25.0,gstreamer_multi
1661,66.617,0.00,2.70,9.60,0.14,12.43,12.44,80.4,80.4,25.0,25.0,gstreamer_multi
1662,66.660,0.00,2.52,9.56,0.15,12.23,12.23,81.8,81.8,24.8,25.0,gstreamer_multi
1663,66.699,0.00,2.57,14.50,0.13,17.21,17.21,58.1,58.1,25.1,25.0,gstreamer_multi
1664,66.741,0.00,2.48,14.74,0.14,17.35,17.35,57.6,57.6,25.0,25.0,gstreamer_multi
1665,66.781,0.00,2.48,14.49,0.14,17.11,17.11,58.4,58.4,25.0,25.0,gstreamer_multi
1666,66.824,0.00,2.57,14.95,0.13,17.66,17.66,56.6,56.6,25.0,25.0,gstreamer_multi
1667,66.860,0.00,2.82,14.72,0.16,17.70,17.70,56.5,56.5,25.0,25.0,gstreamer_multi
1668,66.903,0.00,2.83,9.50,0.14,12.47,12.47,80.2,80.2,25.2,25.0,gstreamer_multi
1669,66.934,0.00,2.38,9.42,0.14,11.95,11.95,83.7,83.7,25.4,25.0,gstreamer_multi
1670,66.982,0.00,2.93,9.57,0.16,12.66,12.66,79.0,79.0,25.3,25.0,gstreamer_multi
1671,67.014,0.00,2.77,9.64,0.15,12.56,12.56,79.6,79.6,25.1,25.0,gstreamer_multi
1672,67.054,0.00,2.51,9.56,0.16,12.23,12.24,81.7,81.7,25.1,25.0,gstreamer_multi
1673,67.113,0.00,3.34,14.64,0.13,18.11,18.12,55.2,55.2,24.5,25.0,gstreamer_multi
1674,67.144,0.00,3.10,14.72,0.14,17.95,17.96,55.7,55.7,24.7,25.0,gstreamer_multi
1675,67.195,0.00,2.51,18.63,0.16,21.30,21.31,46.9,46.9,24.5,25.0,gstreamer_multi
1676,67.223,0.00,3.24,14.58,0.14,17.95,17.95,55.7,55.7,24.7,25.0,gstreamer_multi
1677,67.272,0.00,2.55,16.41,0.13,19.10,19.10,52.4,52.4,24.6,25.0,gstreamer_multi
1678,67.298,0.00,2.62,9.45,0.14,12.21,12.21,81.9,81.9,25.1,25.0,gstreamer_multi
1679,67.345,0.00,2.39,9.47,0.14,12.01,12.01,83.3,83.2,25.0,25.0,gstreamer_multi
1680,67.376,0.00,2.30,9.54,0.17,12.01,12.01,83.3,83.3,25.0,25.0,gstreamer_multi
1681,67.429,0.00,2.40,9.50,0.14,12.04,12.05,83.0,83.0,24.8,25.0,gstreamer_multi
1682,67.455,0.00,2.58,9.70,0.15,12.44,12.44,80.4,80.4,25.1,25.0,gstreamer_multi
1683,67.511,0.00,3.42,12.77,0.16,16.34,16.35,61.2,61.2,24.6,25.0,gstreamer_multi
1684,67.538,0.00,2.64,9.49,0.16,12.29,12.29,81.4,81.3,25.1,25.0,gstreamer_multi
1685,67.585,0.00,2.44,9.56,0.16,12.16,12.16,82.2,82.2,25.2,25.0,gstreamer_multi
1686,67.616,0.00,2.34,9.37,0.15,11.87,11.87,84.3,84.3,25.2,25.0,gstreamer_multi
1687,67.664,0.00,2.77,9.61,0.15,12.52,12.53,79.9,79.8,25.1,25.0,gstreamer_multi
1688,67.700,0.00,2.43,14.40,0.13,16.96,16.97,58.9,58.9,24.7,25.0,gstreamer_multi
1689,67.751,0.00,2.39,19.86,0.18,22.43,22.44,44.6,44.6,24.6,25.0,gstreamer_multi
1690,67.794,0.00,2.48,14.40,0.16,17.03,17.03,58.7,58.7,24.4,25.0,gstreamer_multi
1691,67.825,0.00,3.28,14.62,0.16,18.06,18.06,55.4,55.4,25.1,25.0,gstreamer_multi
1692,67.860,0.00,2.72,14.73,0.16,17.62,17.62,56.8,56.8,24.7,25.0,gstreamer_multi
1693,67.903,0.00,2.35,13.37,0.14,15.87,15.87,63.0,63.0,24.9,25.0,gstreamer_multi
1694,67.939,0.00,2.44,9.35,0.16,11.94,11.95,83.7,83.7,25.0,25.0,gstreamer_multi
1695,67.976,0.00,2.55,9.30,0.14,11.99,11.99,83.4,83.4,25.0,25.0,gstreamer_multi
1696,68.016,0.00,2.40,8.80,0.13,11.33,11.34,88.2,88.2,25.2,25.0,gstreamer_multi
1697,68.061,0.00,2.64,11.61,0.16,14.41,14.41,69.4,69.4,25.0,25.0,gstreamer_multi
1698,68.102,0.00,2.43,12.42,0.15,15.00,15.01,66.7,66.6,24.8,25.0,gstreamer_multi
1699,68.142,0.00,2.50,11.45,0.13,14.09,14.09,71.0,71.0,24.9,25.0,gstreamer_multi
1700,68.182,0.00,2.57,9.25,0.14,11.96,11.97,83.6,83.6,24.9,25.0,gstreamer_multi
1701,68.220,0.00,2.66,9.58,0.14,12.38,12.38,80.8,80.8,24.9,25.0,gstreamer_multi
1702,68.267,0.00,3.12,9.93,0.15,13.20,13.20,75.8,75.8,25.2,25.0,gstreamer_multi
1703,68.309,0.00,2.39,19.80,0.15,22.34,22.34,44.8,44.8,25.0,25.0,gstreamer_multi
1704,68.349,0.00,2.41,19.22,0.13,21.76,21.76,46.0,45.9,25.2,25.0,gstreamer_multi
1705,68.389,0.00,2.43,18.06,0.16,20.65,20.65,48.4,48.4,24.9,25.0,gstreamer_multi
1706,68.428,0.00,2.46,15.63,0.25,18.34,18.34,54.5,54.5,25.1,25.0,gstreamer_multi
1707,68.458,0.00,2.90,14.49,0.14,17.53,17.53,57.0,57.0,25.0,25.0,gstreamer_multi
1708,68.493,0.00,2.47,9.47,0.14,12.08,12.08,82.8,82.7,25.2,25.0,gstreamer_multi
1709,68.543,0.00,2.55,9.31,0.17,12.03,12.03,83.2,83.1,24.7,25.0,gstreamer_multi
1710,68.575,0.00,2.44,9.91,0.14,12.49,12.49,80.1,80.1,25.4,25.0,gstreamer_multi
1711,68.616,0.00,2.42,9.16,0.16,11.74,11.74,85.2,85.2,24.8,25.0,gstreamer_multi
1712,68.659,0.00,2.71,13.47,0.15,16.33,16.33,61.2,61.2,25.4,25.0,gstreamer_multi
1713,68.702,0.00,2.61,14.15,0.16,16.91,16.91,59.1,59.1,24.9,25.0,gstreamer_multi
1714,68.743,0.00,2.44,14.39,0.20,17.02,17.03,58.7,58.7,25.1,25.0,gstreamer_multi
1715,68.784,0.00,2.44,14.38,0.16,16.99,16.99,58.9,58.9,24.8,25.0,gstreamer_multi
1716,68.824,0.00,2.56,14.13,0.14,16.82,16.83,59.4,59.4,25.0,25.0,gstreamer_multi
1717,68.864,0.00,2.45,14.14,0.14,16.72,16.72,59.8,59.8,25.2,25.0,gstreamer_multi
1718,68.899,0.00,2.58,9.22,0.16,11.97,11.97,83.6,83.5,25.4,25.0,gstreamer_multi
1719,68.947,0.00,2.65,9.14,0.16,11.96,11.97,83.6,83.6,25.4,25.0,gstreamer_multi
1720,68.979,0.00,2.39,9.58,0.17,12.14,12.14,82.4,82.4,25.1,25.0,gstreamer_multi
1721,69.013,0.00,2.51,9.46,0.15,12.12,12.12,82.5,82.5,25.4,25.0,gstreamer_multi
1722,69.060,0.00,2.53,9.54,0.16,12.23,12.23,81.8,81.8,25.1,25.0,gstreamer_multi
1723,69.110,0.00,2.55,14.27,0.14,16.96,16.96,59.0,59.0,24.5,25.0,gstreamer_multi
1724,69.143,0.00,3.01,14.68,0.14,17.82,17.83,56.1,56.1,24.7,25.0,gstreamer_multi
1725,69.190,0.00,2.44,14.18,0.13,16.75,16.75,59.7,59.7,24.6,25.0,gstreamer_multi
1726,69.222,0.00,3.06,14.09,0.14,17.29,17.29,57.8,57.8,24.8,25.0,gstreamer_multi
1727,69.270,0.00,2.43,14.63,0.15,17.22,17.22,58.1,58.1,24.6,25.0,gstreamer_multi
1728,69.296,0.00,2.89,8.88,0.14,11.91,11.91,84.0,83.9,25.2,25.0,gstreamer_multi
1729,69.346,0.00,2.72,9.76,0.15,12.63,12.64,79.2,79.1,25.0,25.0,gstreamer_multi
1730,69.376,0.00,2.47,9.30,0.16,11.93,11.93,83.8,83.8,25.0,25.0,gstreamer_multi
1731,69.413,0.00,2.54,9.53,0.17,12.24,12.24,81.7,81.7,25.2,25.0,gstreamer_multi
1732,69.456,0.00,2.76,9.40,0.16,12.32,12.32,81.2,81.2,25.4,25.0,gstreamer_multi
1733,69.512,0.00,3.18,14.79,0.15,18.12,18.12,55.2,55.2,24.9,25.0,gstreamer_multi
1734,69.542,0.00,3.02,14.34,0.16,17.52,17.53,57.1,57.1,25.1,25.0,gstreamer_multi
1735,69.590,0.00,2.44,14.43,0.16,17.03,17.03,58.7,58.7,24.9,25.0,gstreamer_multi
1736,69.621,0.00,2.98,14.24,0.13,17.36,17.38,57.6,57.5,24.7,25.0,gstreamer_multi
1737,69.670,0.00,2.40,15.45,0.15,18.00,18.00,55.6,55.6,24.5,25.0,gstreamer_multi
1738,69.699,0.00,2.96,13.64,0.14,16.73,16.73,59.8,59.8,25.0,25.0,gstreamer_multi
1739,69.742,0.00,2.53,9.37,0.16,12.06,12.06,82.9,82.9,25.0,25.0,gstreamer_multi
1740,69.773,0.00,2.67,9.52,0.15,12.34,12.34,81.1,81.0,25.2,25.0,gstreamer_multi
1741,69.821,0.00,3.42,9.41,0.17,12.99,13.00,77.0,76.9,25.0,25.0,gstreamer_multi
1742,69.855,0.00,2.78,9.25,0.16,12.19,12.19,82.1,82.0,25.2,25.0,gstreamer_multi
1743,69.908,0.00,3.92,10.49,0.14,14.55,14.56,68.7,68.7,24.6,25.0,gstreamer_multi
1744,69.937,0.00,3.02,9.23,0.16,12.41,12.41,80.6,80.6,25.0,25.0,gstreamer_multi
1745,69.977,0.00,2.45,9.42,0.26,12.13,12.13,82.5,82.4,25.0,25.0,gstreamer_multi
1746,70.018,0.00,2.60,9.61,0.27,12.49,12.49,80.1,80.1,25.0,25.0,gstreamer_multi
1747,70.059,0.00,2.43,9.39,0.28,12.11,12.11,82.6,82.6,24.9,25.0,gstreamer_multi
1748,70.105,0.00,2.50,14.37,0.25,17.12,17.13,58.4,58.4,25.1,25.0,gstreamer_multi
1749,70.146,0.00,2.41,15.04,0.26,17.72,17.72,56.4,56.4,24.8,25.0,gstreamer_multi
1750,70.180,0.00,2.44,14.44,0.28,17.16,17.16,58.3,58.3,24.9,25.0,gstreamer_multi
1751,70.232,0.00,2.74,18.63,0.27,21.63,21.64,46.2,46.2,24.6,25.0,gstreamer_multi
1752,70.264,0.00,3.52,17.68,0.25,21.45,21.45,46.6,46.6,25.3,25.0,gstreamer_multi
1753,70.293,0.00,2.42,9.44,0.26,12.12,12.12,82.5,82.5,25.3,25.0,gstreamer_multi
1754,70.335,0.00,2.65,9.48,0.24,12.37,12.37,80.8,80.8,25.5,25.0,gstreamer_multi
1755,70.376,0.00,2.58,9.69,0.28,12.55,12.55,79.7,79.7,25.3,25.0,gstreamer_multi
1756,70.416,0.00,2.60,9.45,0.27,12.32,12.32,81.2,81.2,25.4,25.0,gstreamer_multi
1757,70.458,0.00,2.52,9.61,0.24,12.37,12.37,80.9,80.8,24.9,25.0,gstreamer_multi
1758,70.504,0.00,2.56,14.30,0.25,17.11,17.11,58.5,58.4,25.0,25.0,gstreamer_multi
1759,70.543,0.00,2.50,14.38,0.26,17.14,17.14,58.3,58.3,24.9,25.0,gstreamer_multi
1760,70.584,0.00,2.54,14.54,0.25,17.34,17.34,57.7,57.7,25.0,25.0,gstreamer_multi
1761,70.635,0.00,2.68,17.69,0.27,20.64,20.64,48.5,48.4,24.6,25.0,gstreamer_multi
1762,70.671,0.00,2.44,14.77,0.26,17.46,17.47,57.3,57.3,25.1,25.0,gstreamer_multi
1763,70.694,0.00,2.98,9.27,0.28,12.53,12.53,79.8,79.8,25.3,25.0,gstreamer_multi
1764,70.735,0.00,2.54,9.32,0.26,12.12,12.12,82.5,82.5,25.5,25.0,gstreamer_multi
1765,70.777,0.00,2.43,9.36,0.14,11.93,11.93,83.8,83.8,25.2,25.0,gstreamer_multi
1766,70.818,0.00,2.46,9.30,0.25,12.01,12.02,83.2,83.2,25.3,25.0,gstreamer_multi
1767,70.859,0.00,2.41,9.45,0.17,12.02,12.02,83.2,83.2,25.1,25.0,gstreamer_multi
1768,70.900,0.00,2.74,9.23,0.14,12.11,12.11,82.6,82.5,24.9,25.0,gstreamer_multi
1769,70.941,0.00,2.54,9.59,0.25,12.38,12.38,80.8,80.8,24.7,25.0,gstreamer_multi
1770,70.976,0.00,2.58,9.34,0.27,12.18,12.19,82.1,82.1,25.1,25.0,gstreamer_multi
1771,71.017,0.00,2.75,9.40,0.26,12.41,12.42,80.6,80.5,25.0,25.0,gstreamer_multi
1772,71.065,0.00,2.39,9.39,0.26,12.04,12.04,83.1,83.0,25.2,25.0,gstreamer_multi
1773,71.101,0.00,2.44,13.89,0.26,16.60,16.60,60.2,60.2,25.0,25.0,gstreamer_multi
1774,71.146,0.00,2.64,18.11,0.26,21.01,21.01,47.6,47.6,24.8,25.0,gstreamer_multi
1775,71.183,0.00,2.37,14.35,0.26,16.99,16.99,58.9,58.9,25.0,25.0,gstreamer_multi
1776,71.226,0.00,2.43,17.52,0.27,20.22,20.23,49.4,49.4,24.8,25.0,gstreamer_multi
1777,71.266,0.00,2.57,16.76,0.26,19.60,19.60,51.0,51.0,24.8,25.0,gstreamer_multi
1778,71.299,0.00,2.54,9.59,0.25,12.38,12.38,80.8,80.8,25.1,25.0,gstreamer_multi
1779,71.344,0.00,2.43,14.30,0.28,17.01,17.01,58.8,58.8,24.9,25.0,gstreamer_multi
1780,71.379,0.00,2.60,9.23,0.25,12.08,12.08,82.8,82.8,25.4,25.0,gstreamer_multi
1781,71.415,0.00,2.49,9.58,0.28,12.35,12.35,81.0,81.0,25.3,25.0,gstreamer_multi
1782,71.466,0.00,2.64,9.48,0.27,12.39,12.39,80.7,80.7,24.7,25.0,gstreamer_multi
1783,71.502,0.00,2.36,14.48,0.25,17.09,17.09,58.5,58.5,25.0,25.0,gstreamer_multi
1784,71.543,0.00,2.48,14.41,0.27,17.15,17.16,58.3,58.3,24.9,25.0,gstreamer_multi
1785,71.587,0.00,2.53,14.56,0.25,17.34,17.34,57.7,57.7,24.9,25.0,gstreamer_multi
1786,71.617,0.00,2.37,14.07,0.26,16.70,16.70,59.9,59.9,25.1,25.0,gstreamer_multi
1787,71.658,0.00,2.50,14.37,0.27,17.13,17.13,58.4,58.4,25.1,25.0,gstreamer_multi
1788,71.699,0.00,2.52,13.34,0.27,16.13,16.13,62.0,62.0,25.1,25.0,gstreamer_multi
1789,71.736,0.00,2.52,9.79,0.27,12.58,12.59,79.5,79.5,25.1,25.0,gstreamer_multi
1790,71.777,0.00,2.35,9.41,0.30,12.06,12.06,82.9,82.9,25.3,25.0,gstreamer_multi
1791,71.815,0.00,2.58,9.48,0.26,12.31,12.32,81.2,81.2,25.3,25.0,gstreamer_multi
1792,71.867,0.00,2.98,9.49,0.26,12.73,12.74,78.5,78.5,24.8,25.0,gstreamer_multi
1793,71.902,0.00,2.41,14.39,0.26,17.06,17.07,58.6,58.6,24.9,25.0,gstreamer_multi
1794,71.945,0.00,2.46,14.54,0.26,17.26,17.26,57.9,57.9,24.9,25.0,gstreamer_multi
1795,71.991,0.00,2.66,18.70,0.27,21.63,21.63,46.2,46.2,24.7,25.0,gstreamer_multi
1796,72.020,0.00,2.47,14.56,0.26,17.29,17.29,57.8,57.8,25.1,25.0,gstreamer_multi
1797,72.061,0.00,2.44,14.61,0.26,17.31,17.31,57.8,57.8,25.1,25.0,gstreamer_multi
1798,72.096,0.00,2.46,9.46,0.27,12.19,12.19,82.1,82.0,25.2,25.0,gstreamer_multi
1799,72.137,0.00,2.58,9.17,0.26,12.01,12.01,83.3,83.3,25.0,25.0,gstreamer_multi
1800,72.180,0.00,2.42,10.44,0.27,13.13,13.13,76.2,76.2,24.9,25.0,gstreamer_multi
1801,72.217,0.00,2.43,10.77,0.41,13.60,13.61,73.5,73.5,25.2,25.0,gstreamer_multi
1802,72.256,0.00,2.55,10.76,0.26,13.57,13.57,73.7,73.7,25.0,25.0,gstreamer_multi
1803,72.297,0.00,2.59,9.24,0.26,12.08,12.09,82.8,82.7,25.2,25.0,gstreamer_multi
1804,72.342,0.00,2.54,14.57,0.27,17.38,17.38,57.6,57.5,25.0,25.0,gstreamer_multi
1805,72.383,0.00,2.41,14.37,0.25,17.03,17.04,58.7,58.7,25.2,25.0,gstreamer_multi
1806,72.421,0.00,2.29,14.67,0.26,17.22,17.22,58.1,58.1,25.0,25.0,gstreamer_multi
1807,72.470,0.00,2.39,16.60,0.24,19.24,19.24,52.0,52.0,24.7,25.0,gstreamer_multi
1808,72.495,0.00,3.03,9.48,0.28,12.80,12.80,78.1,78.1,25.2,25.0,gstreamer_multi
1809,72.547,0.00,3.48,13.20,0.27,16.95,16.95,59.0,59.0,24.7,25.0,gstreamer_multi
1810,72.573,0.00,2.43,9.14,0.27,11.84,11.84,84.4,84.4,25.0,25.0,gstreamer_multi
1811,72.621,0.00,3.39,9.95,0.26,13.61,13.61,73.5,73.5,25.2,25.0,gstreamer_multi
1812,72.655,0.00,2.54,9.27,0.27,12.09,12.09,82.7,82.7,25.1,25.0,gstreamer_multi
1813,72.707,0.00,3.13,10.06,0.42,13.61,13.61,73.5,73.5,24.7,25.0,gstreamer_multi
1814,72.737,0.00,2.58,9.36,0.26,12.20,12.20,82.0,81.9,25.2,25.0,gstreamer_multi
1815,72.787,0.00,3.04,11.75,0.26,15.05,15.05,66.4,66.4,24.5,25.0,gstreamer_multi
1816,72.816,0.00,2.91,9.51,0.27,12.69,12.69,78.8,78.8,25.1,25.0,gstreamer_multi
1817,72.863,0.00,2.78,9.07,0.28,12.12,12.13,82.5,82.5,24.9,25.0,gstreamer_multi
1818,72.899,0.00,2.44,14.41,0.26,17.10,17.11,58.5,58.5,24.8,25.0,gstreamer_multi
1819,72.947,0.00,2.38,14.10,0.26,16.75,16.75,59.7,59.7,24.7,25.0,gstreamer_multi
1820,72.978,0.00,2.54,14.13,0.26,16.93,16.93,59.1,59.1,24.8,25.0,gstreamer_multi
1821,73.028,0.00,2.59,14.55,0.26,17.40,17.41,57.5,57.4,24.8,25.0,gstreamer_multi
1822,73.061,0.00,2.93,15.17,0.28,18.38,18.38,54.4,54.4,24.8,25.0,gstreamer_multi
1823,73.104,0.00,2.58,9.24,0.27,12.10,12.10,82.6,82.6,25.0,25.0,gstreamer_multi
1824,73.136,0.00,2.44,9.64,0.27,12.35,12.36,80.9,80.9,25.5,25.0,gstreamer_multi
1825,73.184,0.00,2.96,9.31,0.25,12.53,12.53,79.8,79.8,24.9,25.0,gstreamer_multi
1826,73.214,0.00,2.42,9.38,0.28,12.08,12.08,82.8,82.8,25.1,25.0,gstreamer_multi
1827,73.263,0.00,3.03,9.37,0.28,12.68,12.68,78.9,78.9,25.0,25.0,gstreamer_multi
1828,73.299,0.00,2.42,14.21,0.26,16.88,16.89,59.2,59.2,24.8,25.0,gstreamer_multi
1829,73.348,0.00,2.33,16.16,0.26,18.75,18.75,53.3,53.3,24.7,25.0,gstreamer_multi
1830,73.394,0.00,2.39,14.49,0.36,17.23,17.24,58.0,58.0,24.5,25.0,gstreamer_multi
1831,73.428,0.00,3.36,17.01,0.29,20.66,20.66,48.4,48.4,24.6,25.0,gstreamer_multi
1832,73.461,0.00,3.38,14.36,0.26,18.01,18.01,55.5,55.5,24.8,25.0,gstreamer_multi
1833,73.501,0.00,2.47,9.42,0.27,12.16,12.16,82.3,82.2,24.9,25.0,gstreamer_multi
1834,73.537,0.00,2.52,9.08,0.25,11.85,11.86,84.4,84.4,25.1,25.0,gstreamer_multi
1835,73.586,0.00,3.10,9.65,0.41,13.16,13.16,76.0,76.0,24.8,25.0,gstreamer_multi
1836,73.616,0.00,3.04,9.23,0.26,12.53,12.53,79.8,79.8,25.5,25.0,gstreamer_multi
1837,73.666,0.00,2.74,10.97,0.28,13.99,14.00,71.5,71.4,24.5,25.0,gstreamer_multi
1838,73.699,0.00,2.43,14.86,0.30,17.59,17.59,56.9,56.9,25.1,25.0,gstreamer_multi
1839,73.747,0.00,2.59,14.77,0.27,17.63,17.64,56.7,56.7,24.5,25.0,gstreamer_multi
1840,73.779,0.00,2.83,14.33,0.25,17.41,17.41,57.4,57.4,24.8,25.0,gstreamer_multi
1841,73.827,0.00,2.52,14.44,0.27,17.24,17.24,58.0,58.0,24.5,25.0,gstreamer_multi
1842,73.873,0.00,2.44,14.52,0.25,17.20,17.20,58.1,58.1,25.2,25.0,gstreamer_multi
1843,73.905,0.00,2.44,9.43,0.27,12.14,12.14,82.4,82.4,24.8,25.0,gstreamer_multi
1844,73.936,0.00,2.44,9.65,0.26,12.36,12.36,80.9,80.9,25.5,25.0,gstreamer_multi
1845,73.986,0.00,3.40,9.86,0.28,13.54,13.54,73.9,73.8,24.5,25.0,gstreamer_multi
1846,74.015,0.00,2.53,9.30,0.26,12.09,12.09,82.7,82.7,25.2,25.0,gstreamer_multi
1847,74.063,0.00,2.42,9.73,0.27,12.42,12.42,80.5,80.5,25.2,25.0,gstreamer_multi
1848,74.094,0.00,2.41,9.46,0.26,12.12,12.12,82.5,82.5,25.5,25.0,gstreamer_multi
1849,74.145,0.00,2.91,10.76,0.35,14.02,14.02,71.3,71.3,24.8,25.0,gstreamer_multi
1850,74.175,0.00,2.99,10.91,0.29,14.19,14.19,70.5,70.5,25.2,25.0,gstreamer_multi
1851,74.223,0.00,2.71,10.54,0.27,13.52,13.52,74.0,73.9,25.2,25.0,gstreamer_multi
1852,74.255,0.00,2.49,10.05,0.26,12.81,12.81,78.1,78.1,25.2,25.0,gstreamer_multi
1853,74.310,0.00,2.83,14.09,0.27,17.20,17.20,58.1,58.1,24.5,25.0,gstreamer_multi
1854,74.342,0.00,2.86,14.35,0.32,17.53,17.53,57.0,57.0,24.8,25.0,gstreamer_multi
1855,74.391,0.00,2.78,16.00,0.28,19.05,19.05,52.5,52.5,24.5,25.0,gstreamer_multi
1856,74.421,0.00,3.16,14.74,0.26,18.16,18.16,55.1,55.1,24.9,25.0,gstreamer_multi
1857,74.470,0.00,2.39,14.24,0.26,16.89,16.89,59.2,59.2,25.0,25.0,gstreamer_multi
1858,74.495,0.00,2.40,9.29,0.26,11.95,11.95,83.7,83.7,25.4,25.0,gstreamer_multi
1859,74.537,0.00,2.61,9.48,0.27,12.37,12.37,80.8,80.8,25.5,25.0,gstreamer_multi
1860,74.577,0.00,2.42,9.23,0.26,11.92,11.92,83.9,83.9,25.3,25.0,gstreamer_multi
1861,74.618,0.00,3.18,10.65,0.36,14.19,14.19,70.5,70.5,25.2,25.0,gstreamer_multi
1862,74.655,0.00,2.65,9.45,0.25,12.35,12.35,81.0,81.0,25.0,25.0,gstreamer_multi
1863,74.703,0.00,2.52,14.21,0.26,17.00,17.00,58.8,58.8,24.9,25.0,gstreamer_multi
1864,74.744,0.00,2.54,14.27,0.26,17.08,17.08,58.6,58.6,25.4,25.0,gstreamer_multi
1865,74.783,0.00,2.41,13.99,0.26,16.66,16.66,60.0,60.0,24.8,25.0,gstreamer_multi
1866,74.827,0.00,2.45,14.62,0.27,17.33,17.34,57.7,57.7,25.3,25.0,gstreamer_multi
1867,74.867,0.00,2.41,14.43,0.28,17.12,17.12,58.4,58.4,25.1,25.0,gstreamer_multi
1868,74.905,0.00,2.71,9.51,0.26,12.47,12.48,80.2,80.1,25.2,25.0,gstreamer_multi
1869,74.935,0.00,2.52,9.37,0.25,12.14,12.14,82.4,82.4,25.2,25.0,gstreamer_multi
1870,74.976,0.00,2.47,9.31,0.27,12.04,12.04,83.1,83.1,25.3,25.0,gstreamer_multi
1871,75.015,0.00,2.53,9.42,0.28,12.23,12.23,81.8,81.7,25.4,25.0,gstreamer_multi
1872,75.055,0.00,2.75,9.26,0.24,12.26,12.26,81.6,81.6,25.1,25.0,gstreamer_multi
1873,75.099,0.00,2.47,11.32,0.27,14.05,14.05,71.2,71.2,24.9,25.0,gstreamer_multi
1874,75.143,0.00,2.60,14.51,0.28,17.39,17.39,57.5,57.5,25.4,25.0,gstreamer_multi
1875,75.184,0.00,2.47,14.34,0.26,17.06,17.07,58.6,58.6,24.8,25.0,gstreamer_multi
1876,75.223,0.00,2.50,14.22,0.27,16.99,16.99,58.9,58.8,25.0,25.0,gstreamer_multi
1877,75.263,0.00,2.34,14.26,0.26,16.86,16.87,59.3,59.3,24.8,25.0,gstreamer_multi
1878,75.302,0.00,2.45,13.25,0.25,15.95,15.95,62.7,62.7,25.3,25.0,gstreamer_multi
1879,75.339,0.00,2.49,9.28,0.27,12.04,12.04,83.1,83.1,25.1,25.0,gstreamer_multi
1880,75.380,0.00,2.41,9.23,0.24,11.89,11.89,84.1,84.1,25.0,25.0,gstreamer_multi
1881,75.416,0.00,2.30,9.90,0.26,12.46,12.46,80.3,80.3,25.0,25.0,gstreamer_multi
1882,75.458,0.00,2.48,9.39,0.27,12.14,12.15,82.3,82.3,25.4,25.0,gstreamer_multi
1883,75.497,0.00,2.44,9.34,0.25,12.04,12.04,83.1,83.1,25.2,25.0,gstreamer_multi
1884,75.538,0.00,2.50,9.17,0.25,11.93,11.93,83.9,83.8,25.4,25.0,gstreamer_multi
1885,75.579,0.00,2.40,9.31,0.30,12.01,12.01,83.3,83.3,25.0,25.0,gstreamer_multi
1886,75.620,0.00,2.63,9.63,0.24,12.50,12.51,80.0,80.0,25.1,25.0,gstreamer_multi
1887,75.661,0.00,2.48,9.82,0.26,12.55,12.56,79.7,79.6,24.9,25.0,gstreamer_multi
1888,75.708,0.00,2.67,14.68,0.25,17.60,17.61,56.8,56.8,24.9,25.0,gstreamer_multi
1889,75.742,0.00,2.52,14.29,0.26,17.07,17.07,58.6,58.6,25.0,25.0,gstreamer_multi
1890,75.783,0.00,2.41,14.06,0.24,16.71,16.72,59.8,59.8,25.0,25.0,gstreamer_multi
1891,75.832,0.00,2.41,14.56,0.27,17.24,17.24,58.0,58.0,24.8,25.0,gstreamer_multi
1892,75.871,0.00,2.49,14.61,0.27,17.36,17.36,57.6,57.6,24.7,25.0,gstreamer_multi
1893,75.903,0.00,2.49,9.27,0.25,12.01,12.01,83.3,83.2,24.9,25.0,gstreamer_multi
1894,75.939,0.00,2.56,13.31,0.26,16.13,16.13,62.0,62.0,25.1,25.0,gstreamer_multi
1895,75.976,0.00,2.51,9.93,0.33,12.77,12.78,78.3,78.3,25.1,25.0,gstreamer_multi
1896,76.015,0.00,2.44,9.53,0.25,12.23,12.23,81.8,81.8,25.1,25.0,gstreamer_multi
1897,76.058,0.00,2.58,9.53,0.25,12.37,12.37,80.9,80.8,25.2,25.0,gstreamer_multi
1898,76.103,0.00,2.41,14.33,0.25,16.99,16.99,58.9,58.9,24.9,25.0,gstreamer_multi
1899,76.144,0.00,2.40,14.99,0.25,17.64,17.64,56.7,56.7,25.0,25.0,gstreamer_multi
1900,76.184,0.00,2.64,14.26,0.25,17.15,17.15,58.3,58.3,24.8,25.0,gstreamer_multi
1901,76.232,0.00,2.48,14.44,0.25,17.17,17.18,58.2,58.2,24.7,25.0,gstreamer_multi
1902,76.273,0.00,2.61,14.74,0.27,17.61,17.61,56.8,56.8,24.8,25.0,gstreamer_multi
1903,76.297,0.00,2.34,9.58,0.24,12.17,12.17,82.2,82.2,25.0,25.0,gstreamer_multi
1904,76.339,0.00,2.46,9.37,0.26,12.10,12.10,82.7,82.7,25.0,25.0,gstreamer_multi
1905,76.379,0.00,2.41,9.30,0.25,11.97,11.97,83.6,83.6,25.0,25.0,gstreamer_multi
1906,76.420,0.00,2.45,9.31,0.23,11.99,12.00,83.4,83.4,25.0,25.0,gstreamer_multi
1907,76.459,0.00,2.33,9.71,0.23,12.27,12.28,81.5,81.5,25.0,25.0,gstreamer_multi
1908,76.499,0.00,2.52,9.69,0.26,12.48,12.48,80.1,80.1,25.0,25.0,gstreamer_multi
1909,76.540,0.00,2.60,9.40,0.26,12.26,12.27,81.5,81.5,25.0,25.0,gstreamer_multi
1910,76.581,0.00,2.42,9.16,0.26,11.84,11.84,84.4,84.4,24.8,25.0,gstreamer_multi
1911,76.620,0.00,2.54,9.66,0.25,12.46,12.46,80.3,80.2,24.8,25.0,gstreamer_multi
1912,76.663,0.00,2.52,9.28,0.26,12.06,12.07,82.9,82.9,25.0,25.0,gstreamer_multi
1913,76.697,0.00,2.44,14.26,0.26,16.97,16.97,58.9,58.9,25.1,25.0,gstreamer_multi
1914,76.743,0.00,3.09,14.71,0.24,18.04,18.05,55.4,55.4,24.8,25.0,gstreamer_multi
1915,76.781,0.00,2.43,14.34,0.28,17.05,17.05,58.7,58.7,25.1,25.0,gstreamer_multi
1916,76.823,0.00,2.44,14.65,0.31,17.40,17.41,57.5,57.4,25.1,25.0,gstreamer_multi
1917,76.863,0.00,2.47,14.48,0.30,17.26,17.26,57.9,57.9,25.1,25.0,gstreamer_multi
1918,76.899,0.00,2.36,9.52,0.30,12.18,12.18,82.1,82.1,24.9,25.0,gstreamer_multi
1919,76.939,0.00,2.43,9.23,0.30,11.97,11.97,83.6,83.5,25.0,25.0,gstreamer_multi
1920,76.979,0.00,2.43,9.31,0.30,12.04,12.04,83.1,83.1,25.2,25.0,gstreamer_multi
1921,77.015,0.00,2.40,9.44,0.33,12.17,12.17,82.2,82.2,25.5,25.0,gstreamer_multi
1922,77.066,0.00,2.47,9.43,0.29,12.19,12.19,82.0,82.0,24.9,25.0,gstreamer_multi
1923,77.102,0.00,2.36,14.62,0.31,17.30,17.30,57.8,57.8,25.0,25.0,gstreamer_multi
1924,77.143,0.00,2.59,14.42,0.35,17.35,17.36,57.6,57.6,25.0,25.0,gstreamer_multi
1925,77.184,0.00,2.42,14.53,0.29,17.24,17.25,58.0,58.0,24.9,25.0,gstreamer_multi
1926,77.230,0.00,2.72,19.69,0.30,22.70,22.71,44.0,44.0,24.8,25.0,gstreamer_multi
1927,77.264,0.00,2.44,14.69,0.30,17.43,17.43,57.4,57.4,25.0,25.0,gstreamer_multi
1928,77.300,0.00,2.44,9.50,0.28,12.22,12.22,81.8,81.8,25.0,25.0,gstreamer_multi
1929,77.339,0.00,2.48,9.24,0.30,12.03,12.03,83.1,83.1,25.0,25.0,gstreamer_multi
1930,77.380,0.00,2.42,9.32,0.32,12.06,12.07,82.9,82.9,25.3,25.0,gstreamer_multi
1931,77.416,0.00,2.54,9.60,0.30,12.44,12.44,80.4,80.4,25.4,25.0,gstreamer_multi
1932,77.466,0.00,3.01,9.58,0.27,12.86,12.87,77.7,77.7,24.9,25.0,gstreamer_multi
1933,77.501,0.00,2.69,14.40,0.29,17.37,17.38,57.6,57.5,25.0,25.0,gstreamer_multi
1934,77.543,0.00,2.60,14.90,0.30,17.80,17.80,56.2,56.2,25.0,25.0,gstreamer_multi
1935,77.583,0.00,2.45,14.31,0.32,17.07,17.08,58.6,58.6,25.0,25.0,gstreamer_multi
1936,77.623,0.00,2.49,14.40,0.28,17.16,17.17,58.3,58.3,25.0,25.0,gstreamer_multi
1937,77.663,0.00,2.37,14.36,0.30,17.04,17.04,58.7,58.7,25.0,25.0,gstreamer_multi
1938,77.699,0.00,2.43,9.55,0.28,12.27,12.27,81.5,81.5,25.0,25.0,gstreamer_multi
1939,77.739,0.00,2.49,9.50,0.30,12.29,12.29,81.4,81.3,25.1,25.0,gstreamer_multi
1940,77.779,0.00,2.43,9.56,0.29,12.28,12.28,81.5,81.4,25.2,25.0,gstreamer_multi
1941,77.815,0.00,2.53,9.32,0.30,12.15,12.16,82.3,82.3,25.2,25.0,gstreamer_multi
1942,77.855,0.00,2.56,9.90,0.31,12.76,12.77,78.4,78.3,25.0,25.0,gstreamer_multi
1943,77.902,0.00,2.45,14.20,0.30,16.95,16.95,59.0,59.0,25.2,25.0,gstreamer_multi
1944,77.943,0.00,2.52,14.35,0.30,17.17,17.18,58.2,58.2,24.8,25.0,gstreamer_multi
1945,77.979,0.00,2.37,14.01,0.31,16.69,16.69,59.9,59.9,25.0,25.0,gstreamer_multi
1946,78.023,0.00,2.43,14.47,0.29,17.19,17.19,58.2,58.2,25.0,25.0,gstreamer_multi
1947,78.064,0.00,2.52,14.60,0.29,17.41,17.41,57.4,57.4,25.0,25.0,gstreamer_multi
1948,78.101,0.00,2.63,9.76,0.31,12.70,12.70,78.7,78.7,24.9,25.0,gstreamer_multi
1949,78.143,0.00,2.75,9.64,0.30,12.69,12.69,78.8,78.8,24.9,25.0,gstreamer_multi
1950,78.184,0.00,2.45,9.83,0.31,12.59,12.60,79.4,79.4,24.7,25.0,gstreamer_multi
1951,78.220,0.00,2.83,9.56,0.30,12.68,12.68,78.9,78.8,25.2,25.0,gstreamer_multi
1952,78.264,0.00,2.42,9.45,0.31,12.18,12.18,82.1,82.1,24.8,25.0,gstreamer_multi
1953,78.305,0.00,2.34,14.55,0.32,17.21,17.21,58.1,58.1,25.0,25.0,gstreamer_multi
1954,78.346,0.00,2.45,14.39,0.31,17.14,17.14,58.3,58.3,25.0,25.0,gstreamer_multi
1955,78.392,0.00,2.57,14.45,0.32,17.34,17.34,57.7,57.7,24.8,25.0,gstreamer_multi
1956,78.424,0.00,2.67,14.50,0.28,17.46,17.46,57.3,57.3,24.8,25.0,gstreamer_multi
1957,78.470,0.00,2.43,14.66,0.29,17.38,17.39,57.5,57.5,24.6,25.0,gstreamer_multi
1958,78.497,0.00,2.48,9.43,0.29,12.20,12.20,82.0,82.0,25.2,25.0,gstreamer_multi
1959,78.545,0.00,2.56,9.39,0.30,12.25,12.26,81.6,81.6,25.0,25.0,gstreamer_multi
1960,78.576,0.00,2.48,9.28,0.32,12.08,12.09,82.7,82.7,25.0,25.0,gstreamer_multi
1961,78.628,0.00,2.46,9.54,0.30,12.30,12.30,81.3,81.3,24.8,25.0,gstreamer_multi
1962,78.655,0.00,2.49,11.39,0.30,14.18,14.19,70.5,70.5,24.8,25.0,gstreamer_multi
1963,78.710,0.00,2.41,14.71,0.30,17.42,17.42,57.4,57.4,24.6,25.0,gstreamer_multi
1964,78.742,0.00,2.96,14.16,0.31,17.43,17.43,57.4,57.4,24.8,25.0,gstreamer_multi
1965,78.789,0.00,2.48,14.52,0.30,17.30,17.30,57.8,57.8,24.6,25.0,gstreamer_multi
1966,78.820,0.00,2.40,14.28,0.28,16.95,16.96,59.0,59.0,24.8,25.0,gstreamer_multi
1967,78.868,0.00,2.47,14.53,0.26,17.26,17.26,57.9,57.9,24.7,25.0,gstreamer_multi
1968,78.895,0.00,2.97,9.86,0.28,13.10,13.10,76.3,76.3,25.2,25.0,gstreamer_multi
1969,78.945,0.00,2.57,12.91,0.25,15.73,15.74,63.6,63.6,24.7,25.0,gstreamer_multi
1970,78.974,0.00,2.50,9.54,0.30,12.34,12.34,81.0,81.0,25.0,25.0,gstreamer_multi
1971,79.022,0.00,2.54,9.33,0.29,12.17,12.17,82.2,82.2,25.0,25.0,gstreamer_multi
1972,79.068,0.00,2.51,9.85,0.31,12.66,12.66,79.0,79.0,24.8,25.0,gstreamer_multi
1973,79.110,0.00,2.48,16.11,0.30,18.89,18.89,52.9,52.9,24.8,25.0,gstreamer_multi
1974,79.140,0.00,2.68,14.43,0.29,17.40,17.40,57.5,57.5,24.8,25.0,gstreamer_multi
1975,79.191,0.00,2.50,17.37,0.29,20.16,20.16,49.6,49.6,24.7,25.0,gstreamer_multi
1976,79.222,0.00,3.10,17.02,0.29,20.41,20.42,49.0,49.0,24.9,25.0,gstreamer_multi
1977,79.266,0.00,2.45,14.14,0.30,16.89,16.89,59.2,59.2,24.8,25.0,gstreamer_multi
1978,79.308,0.00,2.56,9.28,0.34,12.18,12.18,82.1,82.1,25.0,25.0,gstreamer_multi
1979,79.340,0.00,2.36,9.47,0.30,12.14,12.14,82.4,82.4,25.2,25.0,gstreamer_multi
1980,79.388,0.00,3.06,9.44,0.30,12.80,12.81,78.1,78.1,24.9,25.0,gstreamer_multi
1981,79.415,0.00,2.55,9.93,0.32,12.81,12.82,78.1,78.0,25.4,25.0,gstreamer_multi
1982,79.453,0.00,2.68,9.56,0.27,12.51,12.52,79.9,79.9,25.2,25.0,gstreamer_multi
1983,79.510,0.00,2.37,17.29,0.29,19.96,19.96,50.1,50.1,24.7,25.0,gstreamer_multi
1984,79.542,0.00,2.67,14.53,0.29,17.49,17.49,57.2,57.2,25.5,25.0,gstreamer_multi
1985,79.584,0.00,2.50,14.58,0.29,17.37,17.37,57.6,57.6,25.3,25.0,gstreamer_multi
1986,79.624,0.00,2.50,14.56,0.30,17.36,17.36,57.6,57.6,25.4,25.0,gstreamer_multi
1987,79.664,0.00,2.45,14.74,0.29,17.47,17.47,57.2,57.2,24.8,25.0,gstreamer_multi
1988,79.702,0.00,2.64,10.50,0.29,13.43,13.44,74.4,74.4,25.0,25.0,gstreamer_multi
1989,79.735,0.00,2.47,9.49,0.29,12.25,12.25,81.6,81.6,24.9,25.0,gstreamer_multi
1990,79.777,0.00,2.37,9.35,0.28,12.01,12.01,83.3,83.2,25.4,25.0,gstreamer_multi
1991,79.815,0.00,2.60,9.50,0.30,12.41,12.41,80.6,80.6,25.4,25.0,gstreamer_multi
1992,79.855,0.00,2.46,9.44,0.29,12.20,12.20,82.0,82.0,25.5,25.0,gstreamer_multi
1993,79.901,0.00,2.56,14.37,0.29,17.22,17.22,58.1,58.1,25.3,25.0,gstreamer_multi
1994,79.942,0.00,2.47,14.67,0.30,17.44,17.45,57.3,57.3,25.4,25.0,gstreamer_multi
1995,79.983,0.00,2.58,14.49,0.30,17.37,17.38,57.6,57.5,25.2,25.0,gstreamer_multi
1996,80.023,0.00,2.44,14.64,0.30,17.39,17.39,57.5,57.5,25.4,25.0,gstreamer_multi
1997,80.064,0.00,2.49,14.47,0.26,17.22,17.22,58.1,58.1,24.8,25.0,gstreamer_multi
1998,80.100,0.00,2.39,9.58,0.25,12.22,12.22,81.8,81.8,25.3,25.0,gstreamer_multi
1999,80.142,0.00,2.42,9.48,0.36,12.25,12.26,81.6,81.6,24.7,25.0,gstreamer_multi
2000,80.173,0.00,2.43,9.55,0.29,12.27,12.27,81.5,81.5,25.1,25.0,gstreamer_multi
2001,80.215,0.00,2.62,9.50,0.26,12.39,12.39,80.7,80.7,25.2,25.0,gstreamer_multi
2002,80.265,0.00,2.42,9.50,0.28,12.19,12.19,82.0,82.0,25.2,25.0,gstreamer_multi
2003,80.303,0.00,2.46,14.63,0.24,17.33,17.33,57.7,57.7,25.2,25.0,gstreamer_multi
2004,80.344,0.00,2.47,14.61,0.26,17.34,17.34,57.7,57.7,25.3,25.0,gstreamer_multi
2005,80.392,0.00,2.41,20.15,0.26,22.82,22.82,43.8,43.8,24.9,25.0,gstreamer_multi
2006,80.427,0.00,2.41,14.55,0.27,17.23,17.24,58.0,58.0,25.0,25.0,gstreamer_multi
2007,80.459,0.00,2.60,14.73,0.26,17.58,17.58,56.9,56.9,25.0,25.0,gstreamer_multi
2008,80.507,0.00,2.64,14.48,0.28,17.39,17.40,57.5,57.5,24.6,25.0,gstreamer_multi
2009,80.533,0.00,2.40,9.97,0.27,12.65,12.65,79.1,79.1,25.3,25.0,gstreamer_multi
2010,80.580,0.00,2.44,9.25,0.26,11.95,11.95,83.7,83.7,24.8,25.0,gstreamer_multi
2011,80.616,0.00,2.45,9.72,0.27,12.44,12.45,80.4,80.3,24.8,25.0,gstreamer_multi
2012,80.654,0.00,2.50,9.78,0.25,12.54,12.54,79.8,79.8,25.6,25.0,gstreamer_multi
2013,80.703,0.00,2.62,9.83,0.28,12.73,12.73,78.6,78.5,25.0,25.0,gstreamer_multi
2014,80.735,0.00,2.47,9.83,0.28,12.58,12.58,79.5,79.5,25.2,25.0,gstreamer_multi
2015,80.783,0.00,2.52,9.85,0.28,12.65,12.65,79.1,79.1,25.0,25.0,gstreamer_multi
2016,80.814,0.00,2.46,9.25,0.29,12.00,12.00,83.3,83.3,25.2,25.0,gstreamer_multi
2017,80.862,0.00,2.36,9.44,0.28,12.09,12.09,82.7,82.7,25.1,25.0,gstreamer_multi
2018,80.899,0.00,2.52,14.77,0.28,17.57,17.57,56.9,56.9,24.8,25.0,gstreamer_multi
2019,80.945,0.00,2.43,14.26,0.27,16.96,16.96,59.0,59.0,24.7,25.0,gstreamer_multi
2020,80.992,0.00,2.48,14.54,0.28,17.30,17.30,57.8,57.8,24.4,25.0,gstreamer_multi
2021,81.024,0.00,2.97,14.51,0.26,17.74,17.74,56.4,56.4,24.7,25.0,gstreamer_multi
2022,81.071,0.00,2.61,14.86,0.51,17.98,17.98,55.6,55.6,24.8,25.0,gstreamer_multi
2023,81.103,0.00,2.53,9.23,0.27,12.03,12.04,83.1,83.1,25.0,25.0,gstreamer_multi
2024,81.137,0.00,2.54,9.38,0.26,12.18,12.18,82.1,82.1,25.1,25.0,gstreamer_multi
2025,81.186,0.00,3.63,9.67,0.27,13.57,13.57,73.7,73.7,25.0,25.0,gstreamer_multi
2026,81.215,0.00,2.58,9.89,0.27,12.73,12.74,78.5,78.5,25.2,25.0,gstreamer_multi
2027,81.264,0.00,2.60,9.49,0.27,12.36,12.36,80.9,80.9,25.1,25.0,gstreamer_multi
2028,81.296,0.00,2.45,11.43,0.27,14.15,14.15,70.7,70.7,25.3,25.0,gstreamer_multi
2029,81.342,0.00,2.57,9.48,0.25,12.29,12.30,81.3,81.3,24.9,25.0,gstreamer_multi
2030,81.388,0.00,2.29,9.74,0.25,12.28,12.29,81.4,81.4,24.8,25.0,gstreamer_multi
2031,81.422,0.00,2.64,10.09,0.28,13.00,13.01,76.9,76.9,25.2,25.0,gstreamer_multi
2032,81.455,0.00,2.44,10.62,0.25,13.31,13.31,75.1,75.1,25.2,25.0,gstreamer_multi
2033,81.511,0.00,3.05,14.56,0.26,17.86,17.87,56.0,56.0,24.7,25.0,gstreamer_multi
2034,81.540,0.00,2.45,14.29,0.25,16.99,17.00,58.8,58.8,25.1,25.0,gstreamer_multi
2035,81.588,0.00,2.55,14.38,0.27,17.20,17.20,58.1,58.1,25.0,25.0,gstreamer_multi
2036,81.620,0.00,2.52,14.50,0.27,17.29,17.29,57.8,57.8,25.0,25.0,gstreamer_multi
2037,81.669,0.00,2.52,16.75,0.26,19.53,19.54,51.2,51.2,25.0,25.0,gstreamer_multi
2038,81.693,0.00,2.46,9.67,0.26,12.40,12.40,80.7,80.7,25.0,25.0,gstreamer_multi
2039,81.747,0.00,3.24,14.65,0.24,18.13,18.14,55.1,55.1,24.7,25.0,gstreamer_multi
2040,81.788,0.00,2.48,9.26,0.26,12.00,12.00,83.3,83.3,24.8,25.0,gstreamer_multi
2041,81.820,0.00,2.88,9.24,0.26,12.38,12.38,80.8,80.8,24.8,25.0,gstreamer_multi
2042,81.855,0.00,2.55,9.65,0.28,12.48,12.49,80.1,80.1,25.2,25.0,gstreamer_multi
2043,81.906,0.00,3.23,9.46,0.26,12.96,12.96,77.2,77.2,24.8,25.0,gstreamer_multi
2044,81.936,0.00,2.53,9.40,0.27,12.20,12.20,82.0,82.0,25.1,25.0,gstreamer_multi
2045,81.984,0.00,2.52,9.59,0.26,12.36,12.37,80.9,80.9,24.8,25.0,gstreamer_multi
2046,82.015,0.00,2.46,9.41,0.26,12.13,12.13,82.5,82.4,25.1,25.0,gstreamer_multi
2047,82.065,0.00,2.89,9.98,0.28,13.15,13.15,76.0,76.0,25.1,25.0,gstreamer_multi
2048,82.101,0.00,2.53,15.01,0.28,17.82,17.82,56.1,56.1,25.1,25.0,gstreamer_multi
2049,82.147,0.00,2.45,14.14,0.25,16.84,16.84,59.4,59.4,25.1,25.0,gstreamer_multi
2050,82.179,0.00,2.47,14.54,0.27,17.29,17.29,57.9,57.8,25.1,25.0,gstreamer_multi
2051,82.232,0.00,2.63,19.48,0.27,22.38,22.38,44.7,44.7,24.8,25.0,gstreamer_multi
2052,82.258,0.00,2.46,14.45,0.30,17.21,17.21,58.1,58.1,24.8,25.0,gstreamer_multi
2053,82.307,0.00,2.48,13.85,0.24,16.57,16.57,60.4,60.4,24.5,25.0,gstreamer_multi
2054,82.335,0.00,2.97,9.63,0.26,12.85,12.86,77.8,77.8,25.2,25.0,gstreamer_multi
2055,82.384,0.00,2.82,9.39,0.27,12.48,12.49,80.1,80.1,24.8,25.0,gstreamer_multi
2056,82.415,0.00,2.39,9.19,0.27,11.85,11.85,84.4,84.4,25.2,25.0,gstreamer_multi
2057,82.457,0.00,2.41,9.37,0.15,11.93,11.93,83.8,83.8,24.8,25.0,gstreamer_multi
2058,82.505,0.00,2.58,14.37,0.26,17.22,17.22,58.1,58.1,24.9,25.0,gstreamer_multi
2059,82.546,0.00,2.41,14.49,0.25,17.15,17.15,58.3,58.3,25.1,25.0,gstreamer_multi
2060,82.592,0.00,2.53,14.06,0.27,16.86,16.86,59.3,59.3,24.8,25.0,gstreamer_multi
2061,82.625,0.00,2.50,14.76,0.28,17.53,17.54,57.0,57.0,24.6,25.0,gstreamer_multi
2062,82.660,0.00,2.46,14.58,0.27,17.32,17.32,57.8,57.7,25.3,25.0,gstreamer_multi
2063,82.697,0.00,2.33,9.48,0.26,12.06,12.06,82.9,82.9,25.3,25.0,gstreamer_multi
2064,82.735,0.00,2.51,9.49,0.27,12.26,12.26,81.6,81.5,25.4,25.0,gstreamer_multi
2065,82.777,0.00,2.42,9.18,0.25,11.85,11.85,84.4,84.4,25.2,25.0,gstreamer_multi
2066,82.819,0.00,2.48,9.49,0.24,12.20,12.20,82.0,81.9,25.3,25.0,gstreamer_multi
2067,82.859,0.00,2.48,9.78,0.26,12.52,12.52,79.9,79.9,24.8,25.0,gstreamer_multi
2068,82.905,0.00,2.44,14.88,0.26,17.58,17.58,56.9,56.9,25.2,25.0,gstreamer_multi
2069,82.945,0.00,2.45,14.35,0.27,17.07,17.07,58.6,58.6,25.1,25.0,gstreamer_multi
2070,82.987,0.00,2.39,14.39,0.26,17.03,17.04,58.7,58.7,24.9,25.0,gstreamer_multi
2071,83.019,0.00,2.58,15.30,0.27,18.15,18.16,55.1,55.1,24.8,25.0,gstreamer_multi
2072,83.074,0.00,2.88,14.35,0.27,17.50,17.50,57.2,57.1,24.8,25.0,gstreamer_multi
2073,83.101,0.00,2.46,8.97,0.27,11.71,11.71,85.4,85.4,24.8,25.0,gstreamer_multi
2074,83.146,0.00,2.42,12.96,0.28,15.66,15.66,63.9,63.9,24.9,25.0,gstreamer_multi
2075,83.173,0.00,2.45,9.38,0.27,12.10,12.10,82.7,82.7,25.0,25.0,gstreamer_multi
2076,83.214,0.00,2.42,9.31,0.24,11.97,11.97,83.5,83.5,25.1,25.0,gstreamer_multi
2077,83.254,0.00,2.49,9.46,0.25,12.20,12.20,82.0,82.0,25.2,25.0,gstreamer_multi
2078,83.295,0.00,2.43,9.34,0.26,12.03,12.03,83.2,83.1,25.4,25.0,gstreamer_multi
2079,83.336,0.00,2.45,9.32,0.24,12.01,12.01,83.3,83.3,25.2,25.0,gstreamer_multi
2080,83.383,0.00,2.36,9.59,0.30,12.24,12.24,81.7,81.7,25.3,25.0,gstreamer_multi
2081,83.416,0.00,2.64,9.48,0.28,12.40,12.41,80.6,80.6,25.2,25.0,gstreamer_multi
2082,83.453,0.00,2.55,9.37,0.28,12.19,12.19,82.0,82.0,25.6,25.0,gstreamer_multi
2083,83.508,0.00,3.36,12.50,0.27,16.13,16.13,62.0,62.0,24.5,25.0,gstreamer_multi
2084,83.540,0.00,2.92,14.64,0.26,17.82,17.83,56.1,56.1,24.8,25.0,gstreamer_multi
2085,83.587,0.00,2.46,14.14,0.25,16.85,16.86,59.3,59.3,24.5,25.0,gstreamer_multi
2086,83.619,0.00,2.51,14.51,0.25,17.27,17.27,57.9,57.9,24.9,25.0,gstreamer_multi
2087,83.666,0.00,2.38,14.32,0.16,16.86,16.87,59.3,59.3,24.7,25.0,gstreamer_multi
2088,83.694,0.00,2.72,9.48,0.16,12.36,12.37,80.9,80.9,25.3,25.0,gstreamer_multi
2089,83.742,0.00,3.56,9.39,0.27,13.22,13.22,75.7,75.6,25.2,25.0,gstreamer_multi
2090,83.789,0.00,2.61,9.46,0.25,12.32,12.32,81.2,81.2,25.1,25.0,gstreamer_multi
2091,83.820,0.00,2.59,9.40,0.27,12.26,12.27,81.5,81.5,25.1,25.0,gstreamer_multi
2092,83.871,0.00,2.78,11.24,0.16,14.18,14.19,70.5,70.5,24.5,25.0,gstreamer_multi
2093,83.910,0.00,2.96,18.42,0.24,21.63,21.63,46.2,46.2,24.6,25.0,gstreamer_multi
2094,83.940,0.00,2.36,14.40,0.26,17.02,17.02,58.7,58.7,24.8,25.0,gstreamer_multi
2095,83.990,0.00,2.41,16.68,0.26,19.34,19.34,51.7,51.7,24.7,25.0,gstreamer_multi
2096,84.020,0.00,3.01,14.42,0.25,17.69,17.69,56.5,56.5,24.8,25.0,gstreamer_multi
2097,84.067,0.00,2.45,14.07,0.14,16.66,16.66,60.0,60.0,24.7,25.0,gstreamer_multi
2098,84.095,0.00,2.41,9.44,0.16,12.01,12.01,83.3,83.3,25.2,25.0,gstreamer_multi
2099,84.145,0.00,2.56,12.19,0.16,14.90,14.91,67.1,67.1,24.7,25.0,gstreamer_multi
2100,84.174,0.00,2.62,9.67,0.15,12.43,12.44,80.4,80.4,25.1,25.0,gstreamer_multi
2101,84.225,0.00,2.40,12.86,0.17,15.43,15.43,64.8,64.8,25.0,25.0,gstreamer_multi
2102,84.253,0.00,2.59,9.49,0.16,12.23,12.23,81.8,81.7,25.1,25.0,gstreamer_multi
2103,84.305,0.00,2.84,10.65,0.14,13.63,13.63,73.4,73.4,25.1,25.0,gstreamer_multi
2104,84.336,0.00,2.49,9.52,0.15,12.16,12.16,82.2,82.2,25.0,25.0,gstreamer_multi
2105,84.385,0.00,2.71,10.98,0.16,13.85,13.85,72.2,72.2,24.9,25.0,gstreamer_multi
2106,84.415,0.00,2.33,9.54,0.14,12.02,12.02,83.2,83.2,25.1,25.0,gstreamer_multi
2107,84.463,0.00,2.55,9.16,0.15,11.87,11.87,84.3,84.3,24.9,25.0,gstreamer_multi
2108,84.500,0.00,2.41,14.39,0.14,16.93,16.93,59.1,59.1,24.8,25.0,gstreamer_multi
2109,84.547,0.00,2.38,14.43,0.16,16.98,16.98,58.9,58.9,24.7,25.0,gstreamer_multi
2110,84.580,0.00,3.09,14.58,0.16,17.83,17.83,56.1,56.1,24.8,25.0,gstreamer_multi
2111,84.626,0.00,2.54,14.45,0.14,17.13,17.13,58.4,58.4,24.5,25.0,gstreamer_multi
2112,84.673,0.00,2.54,14.59,0.16,17.29,17.29,57.8,57.8,25.2,25.0,gstreamer_multi
2113,84.703,0.00,2.55,9.37,0.15,12.07,12.07,82.9,82.9,25.2,25.0,gstreamer_multi
2114,84.735,0.00,2.41,9.56,0.14,12.11,12.11,82.6,82.6,25.5,25.0,gstreamer_multi
2115,84.782,0.00,2.46,9.48,0.16,12.10,12.10,82.6,82.6,25.2,25.0,gstreamer_multi
2116,84.815,0.00,2.42,10.84,0.15,13.41,13.41,74.6,74.6,25.5,25.0,gstreamer_multi
2117,84.862,0.00,2.41,9.27,0.16,11.84,11.85,84.4,84.4,24.8,25.0,gstreamer_multi
2118,84.893,0.00,2.42,9.49,0.16,12.06,12.06,82.9,82.9,25.1,25.0,gstreamer_multi
2119,84.942,0.00,3.29,9.38,0.14,12.82,12.82,78.0,78.0,25.2,25.0,gstreamer_multi
2120,84.973,0.00,2.49,9.54,0.14,12.17,12.17,82.2,82.2,25.2,25.0,gstreamer_multi
2121,85.022,0.00,2.61,9.64,0.16,12.40,12.41,80.6,80.6,25.5,25.0,gstreamer_multi
2122,85.054,0.00,2.36,9.49,0.16,12.01,12.02,83.2,83.2,25.6,25.0,gstreamer_multi
2123,85.113,0.00,3.00,19.26,0.16,22.42,22.42,44.6,44.6,24.9,25.0,gstreamer_multi
2124,85.140,0.00,3.63,14.82,0.14,18.59,18.59,53.8,53.8,25.2,25.0,gstreamer_multi
2125,85.186,0.00,2.61,14.63,0.15,17.38,17.38,57.5,57.5,24.9,25.0,gstreamer_multi
2126,85.218,0.00,2.65,14.57,0.15,17.37,17.37,57.6,57.6,25.2,25.0,gstreamer_multi
2127,85.266,0.00,2.66,14.54,0.16,17.35,17.36,57.6,57.6,24.5,25.0,gstreamer_multi
2128,85.310,0.00,2.49,10.24,0.15,12.88,12.88,77.7,77.7,25.2,25.0,gstreamer_multi
2129,85.340,0.00,2.43,9.23,0.14,11.79,11.80,84.8,84.8,24.9,25.0,gstreamer_multi
2130,85.388,0.00,2.67,9.37,0.16,12.20,12.20,82.0,81.9,25.2,25.0,gstreamer_multi
2131,85.420,0.00,2.88,9.47,0.16,12.51,12.52,79.9,79.9,25.0,25.0,gstreamer_multi
2132,85.453,0.00,2.61,9.37,0.14,12.12,12.12,82.5,82.5,25.2,25.0,gstreamer_multi
2133,85.503,0.00,2.63,14.33,0.15,17.11,17.11,58.5,58.5,24.9,25.0,gstreamer_multi
2134,85.543,0.00,2.58,14.12,0.14,16.84,16.84,59.4,59.4,25.0,25.0,gstreamer_multi
2135,85.588,0.00,2.51,18.54,0.16,21.21,21.21,47.2,47.1,24.6,25.0,gstreamer_multi
2136,85.628,0.00,2.58,17.98,0.16,20.71,20.72,48.3,48.3,24.8,25.0,gstreamer_multi
2137,85.665,0.00,2.47,15.66,0.13,18.26,18.26,54.8,54.8,25.2,25.0,gstreamer_multi
2138,85.704,0.00,2.38,13.75,0.14,16.27,16.27,61.5,61.5,25.3,25.0,gstreamer_multi
2139,85.743,0.00,2.35,12.23,0.16,14.74,14.74,67.9,67.8,25.1,25.0,gstreamer_multi
2140,85.787,0.00,2.58,9.36,0.15,12.09,12.10,82.7,82.6,25.1,25.0,gstreamer_multi
2141,85.824,0.00,2.57,12.66,0.22,15.44,15.45,64.8,64.7,24.9,25.0,gstreamer_multi
2142,85.869,0.00,2.76,10.54,0.16,13.45,13.45,74.3,74.3,24.7,25.0,gstreamer_multi
2143,85.909,0.00,2.65,14.55,0.16,17.36,17.36,57.6,57.6,24.7,25.0,gstreamer_multi
2144,85.939,0.00,2.65,14.39,0.13,17.17,17.17,58.2,58.2,25.1,25.0,gstreamer_multi
2145,85.979,0.00,2.51,14.25,0.14,16.90,16.90,59.2,59.2,24.9,25.0,gstreamer_multi
2146,86.021,0.00,2.56,14.88,0.14,17.58,17.58,56.9,56.9,25.1,25.0,gstreamer_multi
2147,86.060,0.00,2.62,14.23,0.13,16.98,16.98,58.9,58.9,24.9,25.0,gstreamer_multi
2148,86.100,0.00,2.75,12.94,0.13,15.83,15.83,63.2,63.2,25.0,25.0,gstreamer_multi
2149,86.137,0.00,2.56,9.54,0.13,12.24,12.24,81.7,81.7,24.8,25.0,gstreamer_multi
2150,86.177,0.00,2.49,9.22,0.15,11.86,11.86,84.3,84.3,24.9,25.0,gstreamer_multi
2151,86.215,0.00,2.71,9.55,0.16,12.42,12.42,80.5,80.5,25.0,25.0,gstreamer_multi
2152,86.266,0.00,3.34,9.44,0.16,12.94,12.94,77.3,77.3,25.2,25.0,gstreamer_multi
2153,86.297,0.00,2.45,12.37,0.13,14.95,14.96,66.9,66.9,25.2,25.0,gstreamer_multi
2154,86.342,0.00,2.48,14.50,0.16,17.14,17.14,58.3,58.3,25.3,25.0,gstreamer_multi
2155,86.383,0.00,2.47,14.34,0.16,16.97,16.97,58.9,58.9,25.1,25.0,gstreamer_multi
2156,86.424,0.00,2.48,14.45,0.15,17.09,17.09,58.5,58.5,25.1,25.0,gstreamer_multi
2157,86.466,0.00,2.49,14.44,0.13,17.06,17.07,58.6,58.6,24.8,25.0,gstreamer_multi
2158,86.508,0.00,2.49,9.23,0.13,11.86,11.86,84.4,84.3,24.8,25.0,gstreamer_multi
2159,86.540,0.00,2.51,9.27,0.13,11.90,11.90,84.0,84.0,25.1,25.0,gstreamer_multi
2160,86.587,0.00,2.40,9.43,0.15,11.98,11.98,83.5,83.5,24.9,25.0,gstreamer_multi
2161,86.620,0.00,2.61,9.45,0.16,12.22,12.23,81.8,81.8,24.8,25.0,gstreamer_multi
2162,86.669,0.00,2.75,9.57,0.16,12.47,12.48,80.2,80.1,24.9,25.0,gstreamer_multi
2163,86.704,0.00,2.47,14.49,0.16,17.11,17.12,58.4,58.4,25.0,25.0,gstreamer_multi
2164,86.741,0.00,2.49,14.01,0.14,16.64,16.64,60.1,60.1,25.0,25.0,gstreamer_multi
2165,86.789,0.00,2.44,14.58,0.29,17.31,17.31,57.8,57.8,24.9,25.0,gstreamer_multi
2166,86.820,0.00,2.62,14.33,0.28,17.23,17.23,58.0,58.0,24.8,25.0,gstreamer_multi
2167,86.868,0.00,2.41,14.37,0.29,17.06,17.07,58.6,58.6,24.7,25.0,gstreamer_multi
2168,86.895,0.00,3.15,9.38,0.31,12.84,12.84,77.9,77.9,25.2,25.0,gstreamer_multi
2169,86.942,0.00,2.40,9.34,0.30,12.04,12.04,83.1,83.0,25.2,25.0,gstreamer_multi
2170,86.975,0.00,2.56,9.62,0.29,12.46,12.46,80.2,80.2,25.5,25.0,gstreamer_multi
2171,87.021,0.00,2.54,9.18,0.31,12.03,12.03,83.1,83.1,25.3,25.0,gstreamer_multi
2172,87.056,0.00,2.43,12.35,0.28,15.06,15.07,66.4,66.4,24.9,25.0,gstreamer_multi
2173,87.109,0.00,2.49,14.51,0.30,17.30,17.31,57.8,57.8,24.6,25.0,gstreamer_multi
2174,87.142,0.00,2.67,15.94,0.28,18.89,18.89,52.9,52.9,24.7,25.0,gstreamer_multi
2175,87.187,0.00,2.42,14.23,0.30,16.95,16.95,59.0,59.0,24.6,25.0,gstreamer_multi
2176,87.219,0.00,2.87,14.12,0.29,17.28,17.28,57.9,57.9,24.8,25.0,gstreamer_multi
2177,87.266,0.00,2.54,14.48,0.29,17.31,17.31,57.8,57.8,24.7,25.0,gstreamer_multi
2178,87.307,0.00,2.41,9.36,0.29,12.07,12.07,82.9,82.8,24.9,25.0,gstreamer_multi
2179,87.338,0.00,2.52,9.19,0.30,12.01,12.01,83.3,83.3,25.1,25.0,gstreamer_multi
2180,87.387,0.00,2.45,9.53,0.30,12.28,12.28,81.4,81.4,24.8,25.0,gstreamer_multi
2181,87.419,0.00,2.60,9.62,0.30,12.53,12.53,79.8,79.8,25.2,25.0,gstreamer_multi
2182,87.454,0.00,2.48,9.11,0.29,11.88,11.88,84.2,84.2,24.9,25.0,gstreamer_multi
2183,87.494,0.00,2.40,9.39,0.30,12.10,12.10,82.6,82.6,25.1,25.0,gstreamer_multi
2184,87.540,0.00,2.65,14.63,0.27,17.55,17.55,57.0,57.0,25.1,25.0,gstreamer_multi
2185,87.581,0.00,2.28,14.27,0.28,16.83,16.84,59.4,59.4,25.2,25.0,gstreamer_multi
2186,87.622,0.00,2.48,14.14,0.29,16.91,16.91,59.1,59.1,25.3,25.0,gstreamer_multi
2187,87.663,0.00,2.39,14.04,0.29,16.72,16.72,59.8,59.8,25.1,25.0,gstreamer_multi
2188,87.698,0.00,2.45,8.61,0.28,11.33,11.33,88.3,88.3,24.9,25.0,gstreamer_multi
2189,87.739,0.00,2.50,9.17,0.28,11.95,11.95,83.7,83.7,25.1,25.0,gstreamer_multi
2190,87.780,0.00,2.35,9.43,0.29,12.08,12.08,82.8,82.8,25.0,25.0,gstreamer_multi
2191,87.820,0.00,2.70,9.52,0.28,12.50,12.51,80.0,80.0,24.9,25.0,gstreamer_multi
2192,87.853,0.00,2.49,9.31,0.28,12.07,12.08,82.8,82.8,25.2,25.0,gstreamer_multi
2193,87.908,0.00,2.76,14.49,0.29,17.54,17.54,57.0,57.0,25.1,25.0,gstreamer_multi
2194,87.938,0.00,2.37,14.11,0.28,16.77,16.77,59.6,59.6,25.3,25.0,gstreamer_multi
2195,87.978,0.00,2.37,14.43,0.28,17.08,17.09,58.5,58.5,25.3,25.0,gstreamer_multi
2196,88.020,0.00,2.69,14.45,0.27,17.42,17.42,57.4,57.4,25.4,25.0,gstreamer_multi
2197,88.063,0.00,2.42,14.37,0.27,17.06,17.06,58.6,58.6,24.8,25.0,gstreamer_multi
2198,88.098,0.00,2.39,9.42,0.28,12.08,12.08,82.8,82.8,25.0,25.0,gstreamer_multi
2199,88.138,0.00,2.50,9.25,0.28,12.03,12.03,83.1,83.1,24.8,25.0,gstreamer_multi
2200,88.178,0.00,2.43,8.76,0.30,11.48,11.49,87.1,87.1,24.9,25.0,gstreamer_multi
2201,88.215,0.00,2.42,9.44,0.29,12.14,12.14,82.4,82.3,25.4,25.0,gstreamer_multi
2202,88.257,0.00,2.50,9.22,0.32,12.05,12.05,83.0,83.0,25.4,25.0,gstreamer_multi
2203,88.303,0.00,2.41,14.38,0.29,17.07,17.07,58.6,58.6,25.2,25.0,gstreamer_multi
2204,88.343,0.00,2.45,14.27,0.28,17.00,17.01,58.8,58.8,25.3,25.0,gstreamer_multi
2205,88.380,0.00,2.48,14.23,0.27,16.98,16.98,58.9,58.9,25.0,25.0,gstreamer_multi
2206,88.427,0.00,2.55,14.97,0.29,17.81,17.81,56.2,56.2,25.0,25.0,gstreamer_multi
2207,88.459,0.00,2.64,15.62,0.29,18.55,18.55,53.9,53.9,25.0,25.0,gstreamer_multi
2208,88.500,0.00,2.48,9.54,0.28,12.30,12.30,81.3,81.3,25.0,25.0,gstreamer_multi
2209,88.549,0.00,3.27,9.96,0.31,13.53,13.53,73.9,73.9,25.0,25.0,gstreamer_multi
2210,88.579,0.00,2.45,9.11,0.30,11.86,11.86,84.3,84.3,25.0,25.0,gstreamer_multi
2211,88.613,0.00,2.46,9.24,0.31,12.01,12.01,83.3,83.2,25.1,25.0,gstreamer_multi
2212,88.667,0.00,2.50,9.39,0.28,12.17,12.17,82.2,82.2,24.7,25.0,gstreamer_multi
2213,88.708,0.00,2.44,14.56,0.28,17.28,17.28,57.9,57.9,24.6,25.0,gstreamer_multi
2214,88.739,0.00,3.01,14.02,0.28,17.31,17.32,57.8,57.8,24.8,25.0,gstreamer_multi
2215,88.785,0.00,2.54,14.25,0.28,17.07,17.07,58.6,58.6,24.7,25.0,gstreamer_multi
2216,88.834,0.00,2.41,14.53,0.29,17.22,17.23,58.1,58.0,24.5,25.0,gstreamer_multi
2217,88.865,0.00,2.39,14.31,0.27,16.96,16.97,59.0,58.9,24.7,25.0,gstreamer_multi
2218,88.908,0.00,2.45,9.58,0.27,12.31,12.31,81.3,81.2,24.9,25.0,gstreamer_multi
2219,88.939,0.00,2.40,9.67,0.27,12.34,12.34,81.1,81.0,25.1,25.0,gstreamer_multi
2220,88.987,0.00,2.56,9.57,0.28,12.41,12.41,80.6,80.6,25.1,25.0,gstreamer_multi
2221,89.019,0.00,2.65,9.55,0.28,12.48,12.48,80.1,80.1,24.8,25.0,gstreamer_multi
2222,89.053,0.00,2.51,9.36,0.25,12.12,12.13,82.5,82.5,25.3,25.0,gstreamer_multi
2223,89.105,0.00,2.96,13.42,0.29,16.66,16.66,60.0,60.0,25.1,25.0,gstreamer_multi
2224,89.141,0.00,2.56,14.50,0.34,17.39,17.40,57.5,57.5,24.7,25.0,gstreamer_multi
2225,89.188,0.00,2.59,14.29,0.29,17.18,17.18,58.2,58.2,24.6,25.0,gstreamer_multi
2226,89.221,0.00,2.90,14.55,0.28,17.73,17.73,56.4,56.4,24.8,25.0,gstreamer_multi
2227,89.268,0.00,2.37,14.08,0.28,16.73,16.74,59.8,59.7,24.7,25.0,gstreamer_multi
2228,89.293,0.00,2.46,9.60,0.28,12.34,12.34,81.0,81.0,25.2,25.0,gstreamer_multi
2229,89.344,0.00,2.38,12.65,0.27,15.31,15.31,65.3,65.3,24.7,25.0,gstreamer_multi
2230,89.388,0.00,2.57,9.47,0.25,12.28,12.29,81.4,81.4,24.7,25.0,gstreamer_multi
2231,89.415,0.00,2.51,9.46,0.28,12.25,12.26,81.6,81.6,25.2,25.0,gstreamer_multi
2232,89.461,0.00,2.42,9.41,0.27,12.10,12.11,82.6,82.6,25.1,25.0,gstreamer_multi
2233,89.505,0.00,2.35,12.88,0.24,15.47,15.47,64.6,64.6,25.0,25.0,gstreamer_multi
2234,89.542,0.00,2.47,9.43,0.26,12.16,12.17,82.2,82.2,25.1,25.0,gstreamer_multi
2235,89.583,0.00,2.54,9.65,0.26,12.45,12.45,80.3,80.3,25.2,25.0,gstreamer_multi
2236,89.615,0.00,2.41,9.75,0.14,12.29,12.29,81.4,81.4,25.2,25.0,gstreamer_multi
2237,89.658,0.00,2.46,9.18,0.27,11.92,11.92,83.9,83.9,24.9,25.0,gstreamer_multi
2238,89.704,0.00,2.62,14.69,0.27,17.57,17.58,56.9,56.9,25.1,25.0,gstreamer_multi
2239,89.745,0.00,2.45,14.34,0.26,17.05,17.05,58.7,58.7,24.8,25.0,gstreamer_multi
2240,89.781,0.00,2.42,14.25,0.26,16.93,16.93,59.1,59.1,25.0,25.0,gstreamer_multi
2241,89.826,0.00,2.46,14.50,0.25,17.21,17.21,58.1,58.1,24.9,25.0,gstreamer_multi
2242,89.873,0.00,2.50,14.61,0.25,17.36,17.36,57.6,57.6,25.1,25.0,gstreamer_multi
2243,89.902,0.00,2.54,9.74,0.26,12.54,12.54,79.8,79.8,25.1,25.0,gstreamer_multi
2244,89.942,0.00,2.44,9.40,0.25,12.09,12.10,82.7,82.7,25.2,25.0,gstreamer_multi
2245,89.973,0.00,2.42,9.18,0.26,11.87,11.87,84.3,84.2,25.6,25.0,gstreamer_multi
2246,90.018,0.00,2.34,14.03,0.25,16.61,16.62,60.2,60.2,25.4,25.0,gstreamer_multi
2247,90.055,0.00,2.47,11.05,0.28,13.80,13.80,72.5,72.4,25.2,25.0,gstreamer_multi
2248,90.095,0.00,2.43,11.95,0.27,14.65,14.65,68.3,68.3,25.0,25.0,gstreamer_multi
2249,90.136,0.00,2.62,9.26,0.25,12.13,12.14,82.4,82.4,25.1,25.0,gstreamer_multi
2250,90.177,0.00,2.43,9.41,0.25,12.09,12.09,82.7,82.7,25.0,25.0,gstreamer_multi
2251,90.215,0.00,2.54,11.00,0.26,13.80,13.80,72.5,72.5,24.9,25.0,gstreamer_multi
2252,90.267,0.00,3.58,9.60,0.26,13.43,13.43,74.5,74.4,24.9,25.0,gstreamer_multi
2253,90.300,0.00,2.41,14.08,0.27,16.76,16.76,59.7,59.7,25.3,25.0,gstreamer_multi
2254,90.345,0.00,2.48,18.32,0.25,21.05,21.05,47.5,47.5,25.2,25.0,gstreamer_multi
2255,90.385,0.00,2.41,18.32,0.26,20.99,20.99,47.6,47.6,25.0,25.0,gstreamer_multi
2256,90.425,0.00,2.75,16.83,0.27,19.85,19.85,50.4,50.4,25.1,25.0,gstreamer_multi
2257,90.465,0.00,2.61,14.85,0.27,17.73,17.74,56.4,56.4,24.8,25.0,gstreamer_multi
2258,90.499,0.00,2.47,9.15,0.25,11.87,11.87,84.3,84.3,25.2,25.0,gstreamer_multi
2259,90.541,0.00,2.35,9.57,0.25,12.17,12.17,82.2,82.2,25.0,25.0,gstreamer_multi
2260,90.575,0.00,2.47,9.63,0.25,12.34,12.34,81.0,81.0,24.9,25.0,gstreamer_multi
2261,90.613,0.00,2.34,9.29,0.24,11.87,11.87,84.3,84.3,25.0,25.0,gstreamer_multi
2262,90.664,0.00,2.57,9.68,0.26,12.51,12.51,79.9,79.9,24.9,25.0,gstreamer_multi
2263,90.700,0.00,2.38,14.32,0.27,16.97,16.97,58.9,58.9,25.1,25.0,gstreamer_multi
2264,90.741,0.00,2.36,14.53,0.28,17.17,17.17,58.2,58.2,25.1,25.0,gstreamer_multi
2265,90.783,0.00,2.59,14.15,0.27,17.01,17.01,58.8,58.8,25.0,25.0,gstreamer_multi
2266,90.824,0.00,2.58,14.71,0.25,17.55,17.55,57.0,57.0,25.0,25.0,gstreamer_multi
2267,90.865,0.00,2.58,14.43,0.28,17.29,17.29,57.8,57.8,25.0,25.0,gstreamer_multi
2268,90.900,0.00,2.39,9.46,0.25,12.10,12.10,82.7,82.6,25.1,25.0,gstreamer_multi
2269,90.952,0.00,2.38,14.08,0.25,16.70,16.71,59.9,59.9,24.5,25.0,gstreamer_multi
2270,90.979,0.00,2.61,9.50,0.25,12.36,12.36,80.9,80.9,25.4,25.0,gstreamer_multi
2271,91.013,0.00,2.60,9.52,0.26,12.38,12.38,80.8,80.8,25.3,25.0,gstreamer_multi
2272,91.068,0.00,2.56,10.42,0.25,13.23,13.24,75.6,75.6,24.9,25.0,gstreamer_multi
2273,91.107,0.00,2.57,14.69,0.34,17.60,17.60,56.8,56.8,24.8,25.0,gstreamer_multi
2274,91.139,0.00,2.92,14.36,0.27,17.56,17.56,57.0,57.0,24.7,25.0,gstreamer_multi
2275,91.185,0.00,2.43,14.46,0.28,17.16,17.16,58.3,58.3,24.6,25.0,gstreamer_multi
2276,91.232,0.00,2.47,14.21,0.25,16.93,16.93,59.1,59.1,24.5,25.0,gstreamer_multi
2277,91.265,0.00,2.56,16.18,0.28,19.01,19.02,52.6,52.6,24.7,25.0,gstreamer_multi
2278,91.305,0.00,2.44,9.43,0.27,12.14,12.14,82.4,82.4,24.9,25.0,gstreamer_multi
2279,91.336,0.00,2.43,9.09,0.24,11.76,11.76,85.0,85.0,25.1,25.0,gstreamer_multi
2280,91.384,0.00,2.39,9.31,0.27,11.98,11.98,83.5,83.5,24.9,25.0,gstreamer_multi
2281,91.416,0.00,2.72,9.82,0.26,12.80,12.80,78.1,78.1,25.2,25.0,gstreamer_multi
2282,91.468,0.00,2.93,9.62,0.26,12.81,12.81,78.1,78.1,24.8,25.0,gstreamer_multi
2283,91.508,0.00,2.62,14.75,0.26,17.62,17.63,56.7,56.7,24.8,25.0,gstreamer_multi
2284,91.540,0.00,2.41,14.23,0.26,16.90,16.92,59.2,59.1,25.0,25.0,gstreamer_multi
2285,91.586,0.00,2.41,14.51,0.24,17.17,17.17,58.2,58.2,24.9,25.0,gstreamer_multi
2286,91.619,0.00,2.58,14.67,0.25,17.51,17.51,57.1,57.1,24.9,25.0,gstreamer_multi
2287,91.665,0.00,2.48,14.27,0.25,16.99,17.00,58.8,58.8,24.8,25.0,gstreamer_multi
2288,91.709,0.00,2.54,9.56,0.25,12.35,12.35,81.0,81.0,25.0,25.0,gstreamer_multi
2289,91.742,0.00,2.39,10.20,0.26,12.84,12.84,77.9,77.9,25.0,25.0,gstreamer_multi
2290,91.789,0.00,3.08,9.45,0.27,12.80,12.80,78.1,78.1,24.8,25.0,gstreamer_multi
2291,91.820,0.00,2.62,9.50,0.27,12.39,12.39,80.7,80.7,25.2,25.0,gstreamer_multi
2292,91.871,0.00,3.57,11.36,0.26,15.18,15.19,65.9,65.8,24.5,25.0,gstreamer_multi
2293,91.909,0.00,2.53,18.74,0.27,21.53,21.54,46.4,46.4,24.6,25.0,gstreamer_multi
2294,91.941,0.00,2.90,14.96,0.29,18.15,18.15,55.1,55.1,24.8,25.0,gstreamer_multi
2295,91.989,0.00,2.58,17.01,0.28,19.88,19.88,50.3,50.3,24.7,25.0,gstreamer_multi
2296,92.019,0.00,2.50,14.53,0.27,17.30,17.30,57.8,57.8,24.9,25.0,gstreamer_multi
2297,92.066,0.00,2.39,14.59,0.26,17.25,17.25,58.0,58.0,24.8,25.0,gstreamer_multi
2298,92.108,0.00,2.38,9.35,0.28,12.01,12.02,83.2,83.2,25.3,25.0,gstreamer_multi
2299,92.140,0.00,2.51,9.46,0.27,12.25,12.25,81.7,81.6,25.0,25.0,gstreamer_multi
2300,92.188,0.00,2.82,9.56,0.25,12.63,12.63,79.2,79.2,24.8,25.0,gstreamer_multi
2301,92.220,0.00,2.64,9.73,0.29,12.65,12.65,79.0,79.0,25.2,25.0,gstreamer_multi
2302,92.255,0.00,2.52,11.92,0.28,14.72,14.72,67.9,67.9,25.2,25.0,gstreamer_multi
2303,92.303,0.00,2.46,14.43,0.28,17.17,17.18,58.2,58.2,25.1,25.0,gstreamer_multi
2304,92.340,0.00,2.56,14.30,0.27,17.12,17.12,58.4,58.4,25.1,25.0,gstreamer_multi
2305,92.386,0.00,2.55,14.34,0.26,17.16,17.16,58.3,58.3,25.1,25.0,gstreamer_multi
2306,92.434,0.00,2.57,14.44,0.25,17.27,17.27,57.9,57.9,24.8,25.0,gstreamer_multi
2307,92.466,0.00,2.99,14.54,0.25,17.78,17.78,56.3,56.2,24.8,25.0,gstreamer_multi
2308,92.509,0.00,2.32,9.66,0.31,12.29,12.29,81.4,81.4,24.7,25.0,gstreamer_multi
2309,92.542,0.00,2.43,10.45,0.28,13.16,13.17,76.0,76.0,25.1,25.0,gstreamer_multi
2310,92.587,0.00,2.33,9.36,0.31,12.00,12.00,83.3,83.3,24.9,25.0,gstreamer_multi
2311,92.620,0.00,2.84,9.94,0.27,13.05,13.05,76.6,76.6,25.2,25.0,gstreamer_multi
2312,92.670,0.00,2.93,9.83,0.28,13.04,13.04,76.7,76.7,25.2,25.0,gstreamer_multi
2313,92.708,0.00,2.54,14.59,0.29,17.43,17.43,57.4,57.4,24.8,25.0,gstreamer_multi
2314,92.739,0.00,2.78,14.31,0.25,17.34,17.34,57.7,57.7,25.2,25.0,gstreamer_multi
2315,92.786,0.00,2.35,14.51,0.27,17.13,17.14,58.4,58.4,24.8,25.0,gstreamer_multi
2316,92.819,0.00,2.65,15.24,0.27,18.16,18.16,55.1,55.1,25.2,25.0,gstreamer_multi
2317,92.866,0.00,2.65,14.51,0.25,17.41,17.42,57.4,57.4,24.8,25.0,gstreamer_multi
2318,92.908,0.00,2.41,9.28,0.28,11.96,11.96,83.6,83.6,24.9,25.0,gstreamer_multi
2319,92.940,0.00,2.88,9.95,0.28,13.11,13.11,76.3,76.3,25.2,25.0,gstreamer_multi
2320,92.980,0.00,2.72,9.43,0.27,12.42,12.42,80.5,80.5,24.9,25.0,gstreamer_multi
2321,93.016,0.00,2.54,9.77,0.27,12.58,12.58,79.5,79.5,25.3,25.0,gstreamer_multi
2322,93.060,0.00,2.45,9.46,0.26,12.17,12.17,82.2,82.1,25.4,25.0,gstreamer_multi
2323,93.105,0.00,2.46,14.50,0.28,17.24,17.24,58.0,58.0,25.1,25.0,gstreamer_multi
2324,93.146,0.00,2.34,14.49,0.28,17.11,17.11,58.5,58.4,25.3,25.0,gstreamer_multi
2325,93.187,0.00,2.40,14.61,0.27,17.28,17.28,57.9,57.9,25.1,25.0,gstreamer_multi
2326,93.218,0.00,2.43,14.90,0.27,17.59,17.59,56.8,56.8,25.4,25.0,gstreamer_multi
2327,93.259,0.00,2.46,14.57,0.28,17.31,17.31,57.8,57.8,25.2,25.0,gstreamer_multi
2328,93.303,0.00,2.51,15.11,0.31,17.93,17.93,55.8,55.8,24.8,25.0,gstreamer_multi
2329,93.337,0.00,2.55,9.55,0.25,12.35,12.35,81.0,81.0,25.1,25.0,gstreamer_multi
2330,93.378,0.00,2.32,9.45,0.27,12.04,12.04,83.0,83.0,25.0,25.0,gstreamer_multi
2331,93.415,0.00,2.59,10.24,0.28,13.11,13.11,76.3,76.3,25.3,25.0,gstreamer_multi
2332,93.465,0.00,2.82,9.26,0.27,12.36,12.36,80.9,80.9,24.9,25.0,gstreamer_multi
2333,93.495,0.00,2.41,9.49,0.26,12.16,12.16,82.2,82.2,25.2,25.0,gstreamer_multi
2334,93.536,0.00,2.63,9.50,0.27,12.40,12.40,80.7,80.7,25.3,25.0,gstreamer_multi
2335,93.579,0.00,2.46,9.51,0.25,12.22,12.22,81.8,81.8,25.5,25.0,gstreamer_multi
2336,93.619,0.00,2.66,9.47,0.26,12.39,12.39,80.7,80.7,25.3,25.0,gstreamer_multi
2337,93.659,0.00,2.49,9.79,0.28,12.56,12.57,79.6,79.6,25.1,25.0,gstreamer_multi
2338,93.704,0.00,2.51,14.56,0.27,17.34,17.34,57.7,57.7,24.9,25.0,gstreamer_multi
2339,93.745,0.00,2.36,14.60,0.26,17.22,17.22,58.1,58.1,25.0,25.0,gstreamer_multi
2340,93.787,0.00,2.44,14.79,0.27,17.49,17.50,57.2,57.2,24.9,25.0,gstreamer_multi
2341,93.834,0.00,2.45,14.41,0.25,17.11,17.12,58.4,58.4,24.9,25.0,gstreamer_multi
2342,93.873,0.00,2.46,14.58,0.13,17.18,17.18,58.2,58.2,25.1,25.0,gstreamer_multi
2343,93.905,0.00,2.39,13.23,0.14,15.75,15.75,63.5,63.5,25.1,25.0,gstreamer_multi
2344,93.936,0.00,2.49,9.54,0.14,12.17,12.17,82.2,82.2,25.3,25.0,gstreamer_multi
2345,93.979,0.00,2.47,9.43,0.16,12.06,12.06,82.9,82.9,25.1,25.0,gstreamer_multi
2346,94.018,0.00,2.54,9.55,0.15,12.24,12.24,81.7,81.7,25.3,25.0,gstreamer_multi
2347,94.060,0.00,2.68,9.53,0.15,12.37,12.37,80.9,80.8,25.1,25.0,gstreamer_multi
2348,94.100,0.00,2.53,9.64,0.25,12.42,12.42,80.5,80.5,24.9,25.0,gstreamer_multi
2349,94.140,0.00,2.39,9.36,0.14,11.89,11.90,84.1,84.1,25.0,25.0,gstreamer_multi
2350,94.187,0.00,3.05,9.12,0.26,12.43,12.43,80.4,80.4,25.0,25.0,gstreamer_multi
2351,94.217,0.00,2.78,9.95,0.29,13.02,13.02,76.8,76.8,25.1,25.0,gstreamer_multi
2352,94.253,0.00,2.60,9.42,0.28,12.29,12.30,81.3,81.3,25.3,25.0,gstreamer_multi
2353,94.302,0.00,2.63,14.33,0.27,17.24,17.24,58.0,58.0,25.1,25.0,gstreamer_multi
2354,94.342,0.00,2.49,14.48,0.27,17.23,17.23,58.0,58.0,25.1,25.0,gstreamer_multi
2355,94.384,0.00,2.45,14.08,0.26,16.79,16.79,59.6,59.6,24.9,25.0,gstreamer_multi
2356,94.429,0.00,2.53,16.44,0.25,19.22,19.22,52.0,52.0,24.6,25.0,gstreamer_multi
2357,94.468,0.00,2.42,14.22,0.26,16.90,16.91,59.2,59.1,25.1,25.0,gstreamer_multi
2358,94.493,0.00,2.40,9.10,0.27,11.78,11.78,84.9,84.9,25.1,25.0,gstreamer_multi
2359,94.536,0.00,2.56,9.54,0.25,12.35,12.35,81.0,80.9,25.1,25.0,gstreamer_multi
2360,94.575,0.00,2.27,9.74,0.28,12.30,12.30,81.3,81.3,24.8,25.0,gstreamer_multi
2361,94.613,0.00,2.55,9.51,0.27,12.33,12.33,81.1,81.1,25.4,25.0,gstreamer_multi
2362,94.666,0.00,2.78,11.19,0.24,14.21,14.21,70.4,70.4,24.8,25.0,gstreamer_multi
2363,94.700,0.00,2.46,14.33,0.26,17.04,17.04,58.7,58.7,25.1,25.0,gstreamer_multi
2364,94.742,0.00,2.60,14.45,0.27,17.31,17.32,57.8,57.7,25.0,25.0,gstreamer_multi
2365,94.784,0.00,2.61,14.54,0.26,17.41,17.41,57.4,57.4,25.0,25.0,gstreamer_multi
2366,94.824,0.00,2.56,14.50,0.14,17.20,17.21,58.1,58.1,25.0,25.0,gstreamer_multi
2367,94.865,0.00,2.43,14.30,0.14,16.86,16.87,59.3,59.3,25.0,25.0,gstreamer_multi
2368,94.900,0.00,2.70,9.42,0.15,12.27,12.27,81.5,81.5,25.0,25.0,gstreamer_multi
2369,94.936,0.00,2.50,9.43,0.14,12.06,12.06,82.9,82.9,25.1,25.0,gstreamer_multi
2370,94.976,0.00,2.50,9.57,0.14,12.21,12.21,81.9,81.9,25.3,25.0,gstreamer_multi
2371,95.015,0.00,2.53,9.65,0.15,12.33,12.33,81.1,81.1,25.5,25.0,gstreamer_multi
2372,95.066,0.00,3.14,9.92,0.16,13.22,13.22,75.7,75.6,24.9,25.0,gstreamer_multi
2373,95.100,0.00,2.48,14.53,0.14,17.15,17.15,58.3,58.3,25.1,25.0,gstreamer_multi
2374,95.140,0.00,2.44,14.37,0.15,16.95,16.96,59.0,59.0,25.1,25.0,gstreamer_multi
2375,95.181,0.00,2.36,14.36,0.13,16.85,16.85,59.4,59.4,25.0,25.0,gstreamer_multi
2376,95.223,0.00,2.48,14.50,0.16,17.14,17.14,58.3,58.3,25.0,25.0,gstreamer_multi
2377,95.264,0.00,2.45,14.55,0.26,17.26,17.26,57.9,57.9,25.0,25.0,gstreamer_multi
2378,95.300,0.00,2.47,9.61,0.27,12.35,12.35,81.0,81.0,25.0,25.0,gstreamer_multi
2379,95.336,0.00,2.64,9.60,0.28,12.52,12.52,79.9,79.9,25.2,25.0,gstreamer_multi
2380,95.377,0.00,2.42,9.63,0.26,12.32,12.32,81.2,81.2,24.9,25.0,gstreamer_multi
2381,95.413,0.00,2.35,9.60,0.14,12.10,12.10,82.7,82.7,25.0,25.0,gstreamer_multi
2382,95.464,0.00,3.14,9.53,0.14,12.82,12.82,78.0,78.0,24.8,25.0,gstreamer_multi
2383,95.498,0.00,2.43,14.36,0.13,16.92,16.93,59.1,59.1,25.1,25.0,gstreamer_multi
2384,95.542,0.00,2.44,14.98,0.12,17.55,17.55,57.0,57.0,25.1,25.0,gstreamer_multi
2385,95.582,0.00,2.53,14.75,0.13,17.41,17.41,57.4,57.4,25.3,25.0,gstreamer_multi
2386,95.624,0.00,2.60,14.59,0.15,17.34,17.34,57.7,57.7,25.1,25.0,gstreamer_multi
2387,95.665,0.00,2.58,14.65,0.15,17.39,17.39,57.5,57.5,24.9,25.0,gstreamer_multi
2388,95.701,0.00,2.44,9.67,0.15,12.26,12.26,81.6,81.5,24.9,25.0,gstreamer_multi
2389,95.743,0.00,2.55,9.94,0.13,12.62,12.62,79.3,79.2,24.8,25.0,gstreamer_multi
2390,95.777,0.00,2.42,10.63,0.16,13.21,13.21,75.7,75.7,24.8,25.0,gstreamer_multi
2391,95.816,0.00,2.80,9.94,0.17,12.91,12.92,77.4,77.4,25.3,25.0,gstreamer_multi
2392,95.854,0.00,2.70,10.11,0.16,12.97,12.97,77.1,77.1,25.2,25.0,gstreamer_multi
2393,95.902,0.00,2.91,9.28,0.13,12.33,12.33,81.1,81.1,24.9,25.0,gstreamer_multi
2394,95.947,0.00,2.42,14.21,0.14,16.77,16.77,59.6,59.6,24.9,25.0,gstreamer_multi
2395,95.988,0.00,2.52,14.40,0.14,17.06,17.06,58.6,58.6,24.9,25.0,gstreamer_multi
2396,96.021,0.00,2.39,15.86,0.16,18.41,18.41,54.3,54.3,24.9,25.0,gstreamer_multi
2397,96.059,0.00,2.40,14.50,0.14,17.04,17.04,58.7,58.7,25.1,25.0,gstreamer_multi
2398,96.095,0.00,2.35,9.40,0.16,11.91,11.92,83.9,83.9,25.0,25.0,gstreamer_multi
2399,96.136,0.00,2.51,9.48,0.16,12.15,12.15,82.3,82.3,25.0,25.0,gstreamer_multi
2400,96.177,0.00,2.53,9.44,0.13,12.10,12.10,82.6,82.6,24.9,25.0,gstreamer_multi
2401,96.213,0.00,2.52,9.39,0.16,12.07,12.07,82.8,82.8,25.4,25.0,gstreamer_multi
2402,96.266,0.00,3.77,9.30,0.15,13.22,13.23,75.6,75.6,24.8,25.0,gstreamer_multi
2403,96.299,0.00,2.34,14.53,0.15,17.03,17.03,58.7,58.7,25.0,25.0,gstreamer_multi
2404,96.340,0.00,2.54,14.52,0.14,17.20,17.20,58.1,58.1,25.0,25.0,gstreamer_multi
2405,96.381,0.00,2.42,14.59,0.13,17.14,17.14,58.3,58.3,25.0,25.0,gstreamer_multi
2406,96.434,0.00,3.02,15.07,0.13,18.22,18.23,54.9,54.9,24.6,25.0,gstreamer_multi
2407,96.464,0.00,2.60,14.38,0.15,17.13,17.13,58.4,58.4,24.8,25.0,gstreamer_multi
2408,96.510,0.00,2.63,12.35,0.14,15.13,15.13,66.1,66.1,24.6,25.0,gstreamer_multi
2409,96.537,0.00,3.02,9.43,0.15,12.61,12.61,79.3,79.3,25.1,25.0,gstreamer_multi
2410,96.590,0.00,2.82,13.34,0.16,16.33,16.33,61.2,61.2,24.4,25.0,gstreamer_multi
2411,96.618,0.00,3.05,9.45,0.15,12.65,12.65,79.1,79.0,25.3,25.0,gstreamer_multi
2412,96.653,0.00,2.49,9.51,0.16,12.15,12.15,82.3,82.3,25.1,25.0,gstreamer_multi
2413,96.704,0.00,2.79,14.37,0.14,17.29,17.30,57.8,57.8,24.9,25.0,gstreamer_multi
2414,96.742,0.00,2.46,14.39,0.15,17.00,17.00,58.8,58.8,24.8,25.0,gstreamer_multi
2415,96.789,0.00,2.49,14.09,0.14,16.73,16.73,59.8,59.8,24.6,25.0,gstreamer_multi
2416,96.820,0.00,2.51,14.33,0.15,16.99,16.99,58.9,58.9,24.8,25.0,gstreamer_multi
2417,96.868,0.00,2.33,14.24,0.16,16.72,16.73,59.8,59.8,24.7,25.0,gstreamer_multi
2418,96.895,0.00,2.93,9.57,0.16,12.66,12.66,79.0,79.0,25.3,25.0,gstreamer_multi
2419,96.942,0.00,2.56,9.20,0.15,11.91,11.91,84.0,84.0,25.0,25.0,gstreamer_multi
2420,96.974,0.00,2.57,9.74,0.14,12.45,12.45,80.3,80.3,25.0,25.0,gstreamer_multi
2421,97.024,0.00,2.56,13.90,0.14,16.60,16.60,60.2,60.2,24.5,25.0,gstreamer_multi
2422,97.065,0.00,2.41,9.31,0.14,11.86,11.86,84.3,84.3,24.9,25.0,gstreamer_multi
2423,97.104,0.00,2.53,11.79,0.14,14.46,14.46,69.2,69.1,24.8,25.0,gstreamer_multi
2424,97.133,0.00,2.59,9.43,0.14,12.17,12.17,82.2,82.2,25.3,25.0,gstreamer_multi
2425,97.181,0.00,2.66,9.55,0.16,12.37,12.38,80.8,80.8,25.2,25.0,gstreamer_multi
2426,97.228,0.00,2.51,9.29,0.16,11.95,11.95,83.7,83.7,24.8,25.0,gstreamer_multi
2427,97.258,0.00,2.50,9.29,0.16,11.95,11.95,83.7,83.7,25.0,25.0,gstreamer_multi
2428,97.311,0.00,2.48,14.20,0.13,16.81,16.81,59.5,59.5,24.5,25.0,gstreamer_multi
2429,97.344,0.00,3.11,14.18,0.16,17.45,17.46,57.3,57.3,24.7,25.0,gstreamer_multi
2430,97.390,0.00,2.44,14.34,0.16,16.95,16.95,59.0,59.0,24.4,25.0,gstreamer_multi
2431,97.423,0.00,2.67,15.04,0.17,17.88,17.89,55.9,55.9,24.9,25.0,gstreamer_multi
2432,97.467,0.00,2.48,14.31,0.14,16.92,16.93,59.1,59.1,24.8,25.0,gstreamer_multi
2433,97.497,0.00,2.44,9.40,0.13,11.97,11.97,83.6,83.5,24.9,25.0,gstreamer_multi
2434,97.544,0.00,2.56,14.01,0.14,16.71,16.71,59.8,59.8,24.9,25.0,gstreamer_multi
2435,97.584,0.00,2.43,12.35,0.15,14.92,14.92,67.0,67.0,25.4,25.0,gstreamer_multi
2436,97.623,0.00,2.43,9.31,0.18,11.93,11.93,83.8,83.8,25.2,25.0,gstreamer_multi
2437,97.653,0.00,2.59,9.35,0.15,12.09,12.09,82.7,82.7,25.5,25.0,gstreamer_multi
2438,97.699,0.00,2.42,14.26,0.15,16.84,16.84,59.4,59.4,25.0,25.0,gstreamer_multi
2439,97.740,0.00,2.52,14.42,0.15,17.10,17.10,58.5,58.5,25.5,25.0,gstreamer_multi
2440,97.780,0.00,2.39,14.24,0.14,16.78,16.78,59.6,59.6,24.9,25.0,gstreamer_multi
2441,97.828,0.00,2.52,14.31,0.13,16.97,16.97,58.9,58.9,24.4,25.0,gstreamer_multi
2442,97.859,0.00,2.42,14.70,0.17,17.28,17.29,57.9,57.8,25.0,25.0,gstreamer_multi
2443,97.902,0.00,2.49,9.07,0.13,11.70,11.70,85.5,85.5,25.1,25.0,gstreamer_multi
2444,97.941,0.00,2.53,11.92,0.15,14.60,14.60,68.5,68.5,25.4,25.0,gstreamer_multi
2445,97.985,0.00,3.04,9.55,0.16,12.75,12.75,78.4,78.4,25.1,25.0,gstreamer_multi
2446,98.016,0.00,2.51,9.32,0.14,11.97,11.97,83.5,83.5,25.5,25.0,gstreamer_multi
2447,98.063,0.00,2.54,9.43,0.14,12.10,12.11,82.6,82.6,24.8,25.0,gstreamer_multi
2448,98.100,0.00,2.38,14.63,0.16,17.17,17.17,58.2,58.2,24.8,25.0,gstreamer_multi
2449,98.147,0.00,2.43,14.26,0.15,16.85,16.85,59.4,59.3,24.5,25.0,gstreamer_multi
2450,98.181,0.00,2.51,15.59,0.16,18.25,18.25,54.8,54.8,25.1,25.0,gstreamer_multi
2451,98.229,0.00,2.68,18.86,0.16,21.70,21.70,46.1,46.1,24.9,25.0,gstreamer_multi
2452,98.271,0.00,2.39,14.50,0.14,17.03,17.04,58.7,58.7,25.2,25.0,gstreamer_multi
2453,98.304,0.00,2.57,11.99,0.13,14.70,14.70,68.0,68.0,24.5,25.0,gstreamer_multi
2454,98.334,0.00,3.11,9.40,0.15,12.65,12.66,79.0,79.0,25.2,25.0,gstreamer_multi
2455,98.384,0.00,3.17,12.01,0.15,15.33,15.34,65.2,65.2,24.8,25.0,gstreamer_multi
2456,98.413,0.00,2.91,9.37,0.15,12.43,12.43,80.4,80.4,25.1,25.0,gstreamer_multi
2457,98.463,0.00,3.84,9.57,0.14,13.55,13.56,73.8,73.8,25.5,25.0,gstreamer_multi
2458,98.510,0.00,3.22,9.44,0.16,12.82,12.82,78.0,78.0,25.1,25.0,gstreamer_multi
2459,98.543,0.00,2.42,12.57,0.16,15.15,15.15,66.0,66.0,25.1,25.0,gstreamer_multi
2460,98.587,0.00,2.52,9.26,0.17,11.95,11.95,83.7,83.7,25.1,25.0,gstreamer_multi
2461,98.619,0.00,2.96,9.47,0.15,12.57,12.58,79.5,79.5,25.2,25.0,gstreamer_multi
2462,98.668,0.00,2.84,10.26,0.15,13.25,13.26,75.5,75.4,24.9,25.0,gstreamer_multi
2463,98.703,0.00,2.44,14.33,0.16,16.93,16.93,59.1,59.1,25.1,25.0,gstreamer_multi
2464,98.739,0.00,2.68,14.40,0.15,17.23,17.23,58.0,58.0,24.9,25.0,gstreamer_multi
2465,98.789,0.00,2.52,17.16,0.17,19.85,19.85,50.4,50.4,24.8,25.0,gstreamer_multi
2466,98.818,0.00,2.90,14.51,0.13,17.54,17.54,57.0,57.0,24.8,25.0,gstreamer_multi
2467,98.866,0.00,2.49,14.35,0.16,17.00,17.00,58.8,58.8,24.6,25.0,gstreamer_multi
2468,98.908,0.00,2.44,9.36,0.15,11.95,11.95,83.7,83.7,24.9,25.0,gstreamer_multi
2469,98.938,0.00,2.43,9.53,0.14,12.10,12.10,82.6,82.6,25.1,25.0,gstreamer_multi
2470,98.979,0.00,2.72,9.29,0.15,12.17,12.17,82.2,82.2,25.3,25.0,gstreamer_multi
2471,99.015,0.00,2.59,9.26,0.19,12.04,12.05,83.0,83.0,25.0,25.0,gstreamer_multi
2472,99.060,0.00,2.42,9.22,0.16,11.80,11.81,84.7,84.7,25.1,25.0,gstreamer_multi
2473,99.104,0.00,2.54,14.12,0.13,16.79,16.80,59.5,59.5,24.9,25.0,gstreamer_multi
2474,99.145,0.00,2.37,14.24,0.14,16.75,16.75,59.7,59.7,25.0,25.0,gstreamer_multi
2475,99.186,0.00,2.51,14.11,0.15,16.76,16.77,59.7,59.6,24.8,25.0,gstreamer_multi
2476,99.219,0.00,2.52,14.95,0.14,17.60,17.61,56.8,56.8,25.1,25.0,gstreamer_multi
2477,99.259,0.00,2.54,14.31,0.15,17.00,17.00,58.8,58.8,25.3,25.0,gstreamer_multi
2478,99.295,0.00,2.35,9.60,0.13,12.08,12.09,82.8,82.7,25.4,25.0,gstreamer_multi
2479,99.336,0.00,2.49,9.30,0.13,11.92,11.92,83.9,83.9,25.2,25.0,gstreamer_multi
2480,99.378,0.00,2.29,9.47,0.16,11.93,11.93,83.8,83.8,25.3,25.0,gstreamer_multi
2481,99.415,0.00,2.68,9.51,0.17,12.36,12.36,80.9,80.9,25.3,25.0,gstreamer_multi
2482,99.464,0.00,2.72,9.54,0.14,12.40,12.40,80.7,80.7,25.2,25.0,gstreamer_multi
2483,99.500,0.00,2.48,14.23,0.14,16.85,16.85,59.3,59.3,24.9,25.0,gstreamer_multi
2484,99.541,0.00,2.49,14.54,0.14,17.17,17.17,58.2,58.2,25.3,25.0,gstreamer_multi
2485,99.582,0.00,2.46,14.30,0.14,16.90,16.91,59.2,59.2,24.8,25.0,gstreamer_multi
2486,99.624,0.00,2.44,14.57,0.15,17.16,17.16,58.3,58.3,24.9,25.0,gstreamer_multi
2487,99.663,0.00,2.44,14.33,0.14,16.91,16.91,59.2,59.1,25.1,25.0,gstreamer_multi
2488,99.699,0.00,2.46,9.43,0.14,12.04,12.04,83.1,83.1,25.3,25.0,gstreamer_multi
2489,99.740,0.00,2.38,9.46,0.13,11.97,12.00,83.5,83.3,24.9,25.0,gstreamer_multi
2490,99.775,0.00,2.47,9.38,0.15,12.00,12.00,83.3,83.3,25.0,25.0,gstreamer_multi
2491,99.819,0.00,2.62,9.39,0.14,12.15,12.15,82.3,82.3,25.2,25.0,gstreamer_multi
2492,99.863,0.00,3.02,9.49,0.13,12.64,12.64,79.1,79.1,24.9,25.0,gstreamer_multi
2493,99.907,0.00,2.56,14.35,0.16,17.07,17.07,58.6,58.6,25.0,25.0,gstreamer_multi
2494,99.937,0.00,2.37,14.10,0.13,16.60,16.60,60.2,60.2,25.4,25.0,gstreamer_multi
2495,99.980,0.00,2.34,14.54,0.16,17.04,17.04,58.7,58.7,25.2,25.0,gstreamer_multi
2496,100.021,0.00,2.42,14.39,0.14,16.95,16.96,59.0,59.0,25.3,25.0,gstreamer_multi
2497,100.062,0.00,2.44,14.39,0.14,16.96,16.97,59.0,58.9,25.1,25.0,gstreamer_multi
2498,100.097,0.00,2.39,9.47,0.15,12.01,12.01,83.3,83.2,24.9,25.0,gstreamer_multi
2499,100.139,0.00,2.31,9.32,0.13,11.76,11.76,85.0,85.0,25.0,25.0,gstreamer_multi
2500,100.178,0.00,2.45,9.43,0.17,12.05,12.06,83.0,82.9,25.1,25.0,gstreamer_multi
2501,100.216,0.00,2.73,9.73,0.13,12.60,12.60,79.4,79.4,24.8,25.0,gstreamer_multi
2502,100.267,0.00,2.52,9.47,0.14,12.14,12.15,82.4,82.3,24.8,25.0,gstreamer_multi
2503,100.305,0.00,2.36,14.99,0.16,17.51,17.52,57.1,57.1,25.0,25.0,gstreamer_multi
2504,100.348,0.00,2.46,15.79,0.15,18.40,18.40,54.4,54.4,25.0,25.0,gstreamer_multi
2505,100.388,0.00,2.36,15.31,0.15,17.82,17.82,56.1,56.1,24.7,25.0,gstreamer_multi
2506,100.430,0.00,2.32,14.19,0.16,16.68,16.68,60.0,59.9,24.5,25.0,gstreamer_multi
2507,100.461,0.00,2.42,14.48,0.16,17.05,17.06,58.6,58.6,24.7,25.0,gstreamer_multi
2508,100.504,0.00,2.46,9.08,0.14,11.68,11.68,85.6,85.6,24.9,25.0,gstreamer_multi
2509,100.536,0.00,2.48,9.63,0.14,12.25,12.26,81.6,81.6,25.1,25.0,gstreamer_multi
2510,100.584,0.00,3.10,9.18,0.16,12.45,12.45,80.3,80.3,24.8,25.0,gstreamer_multi
2511,100.615,0.00,2.85,9.79,0.15,12.78,12.78,78.2,78.2,25.2,25.0,gstreamer_multi
2512,100.667,0.00,3.10,9.69,0.15,12.94,12.95,77.3,77.2,24.8,25.0,gstreamer_multi
2513,100.704,0.00,2.56,15.08,0.13,17.77,17.77,56.3,56.3,24.7,25.0,gstreamer_multi
2514,100.738,0.00,2.58,14.41,0.16,17.16,17.16,58.3,58.3,24.9,25.0,gstreamer_multi
2515,100.785,0.00,2.47,14.33,0.16,16.96,16.97,58.9,58.9,24.7,25.0,gstreamer_multi
2516,100.833,0.00,2.70,14.50,0.14,17.34,17.35,57.7,57.6,24.6,25.0,gstreamer_multi
2517,100.865,0.00,3.60,14.44,0.16,18.20,18.21,54.9,54.9,24.8,25.0,gstreamer_multi
2518,100.906,0.00,2.47,9.67,0.16,12.31,12.31,81.3,81.2,25.1,25.0,gstreamer_multi
2519,100.937,0.00,2.39,9.31,0.14,11.85,11.85,84.4,84.4,25.1,25.0,gstreamer_multi
2520,100.986,0.00,2.96,9.90,0.15,13.01,13.01,76.9,76.8,24.5,25.0,gstreamer_multi
2521,101.017,0.00,3.21,9.86,0.14,13.21,13.21,75.7,75.7,25.1,25.0,gstreamer_multi
2522,101.070,0.00,3.23,10.71,0.16,14.10,14.11,70.9,70.9,24.9,25.0,gstreamer_multi
2523,101.106,0.00,2.51,14.48,0.17,17.16,17.16,58.3,58.3,24.6,25.0,gstreamer_multi
2524,101.138,0.00,2.50,14.21,0.14,16.85,16.85,59.4,59.3,24.8,25.0,gstreamer_multi
2525,101.186,0.00,2.49,14.49,0.14,17.12,17.12,58.4,58.4,24.6,25.0,gstreamer_multi
2526,101.219,0.00,2.43,14.59,0.14,17.15,17.16,58.3,58.3,24.8,25.0,gstreamer_multi
2527,101.265,0.00,2.44,14.69,0.15,17.29,17.29,57.8,57.8,24.7,25.0,gstreamer_multi
2528,101.308,0.00,2.30,9.49,0.18,11.97,11.97,83.6,83.5,24.9,25.0,gstreamer_multi
2529,101.338,0.00,2.37,9.61,0.14,12.12,12.12,82.5,82.5,25.1,25.0,gstreamer_multi
2530,101.388,0.00,3.02,10.90,0.14,14.06,14.06,71.1,71.1,24.7,25.0,gstreamer_multi
2531,101.417,0.00,2.70,9.37,0.14,12.21,12.21,81.9,81.9,25.4,25.0,gstreamer_multi
2532,101.466,0.00,2.84,9.66,0.16,12.66,12.66,79.0,79.0,24.9,25.0,gstreamer_multi
2533,101.510,0.00,2.46,18.60,0.14,21.20,21.21,47.2,47.2,24.8,25.0,gstreamer_multi
2534,101.538,0.00,2.59,14.40,0.15,17.14,17.14,58.4,58.3,25.3,25.0,gstreamer_multi
2535,101.579,0.00,2.43,14.35,0.14,16.92,16.92,59.1,59.1,25.5,25.0,gstreamer_multi
2536,101.619,0.00,2.43,14.10,0.13,16.67,16.67,60.0,60.0,25.3,25.0,gstreamer_multi
2537,101.660,0.00,2.41,14.24,0.14,16.79,16.79,59.6,59.6,25.1,25.0,gstreamer_multi
2538,101.696,0.00,2.43,9.33,0.13,11.89,11.89,84.1,84.1,24.9,25.0,gstreamer_multi
2539,101.739,0.00,2.42,9.15,0.13,11.71,11.71,85.4,85.4,25.0,25.0,gstreamer_multi
2540,101.779,0.00,2.66,9.47,0.14,12.26,12.26,81.6,81.5,24.9,25.0,gstreamer_multi
2541,101.814,0.00,2.44,9.35,0.17,11.96,11.96,83.6,83.6,25.3,25.0,gstreamer_multi
2542,101.864,0.00,3.01,9.77,0.15,12.92,12.92,77.4,77.4,25.3,25.0,gstreamer_multi
2543,101.898,0.00,2.40,14.32,0.15,16.87,16.87,59.3,59.3,25.2,25.0,gstreamer_multi
2544,101.941,0.00,2.43,14.34,0.14,16.91,16.91,59.1,59.1,25.3,25.0,gstreamer_multi
2545,101.984,0.00,2.48,14.02,0.15,16.66,16.68,60.0,60.0,25.4,25.0,gstreamer_multi
2546,102.025,0.00,2.33,14.20,0.16,16.69,16.69,59.9,59.9,25.2,25.0,gstreamer_multi
2547,102.066,0.00,2.45,14.19,0.13,16.77,16.78,59.6,59.6,25.0,25.0,gstreamer_multi
2548,102.102,0.00,2.37,9.92,0.14,12.43,12.43,80.5,80.5,24.8,25.0,gstreamer_multi
2549,102.133,0.00,2.49,9.39,0.15,12.03,12.03,83.1,83.1,25.5,25.0,gstreamer_multi
2550,102.173,0.00,2.41,9.61,0.13,12.15,12.15,82.3,82.3,25.0,25.0,gstreamer_multi
2551,102.213,0.00,2.32,9.53,0.15,12.00,12.01,83.3,83.3,25.4,25.0,gstreamer_multi
2552,102.265,0.00,3.61,10.02,0.14,13.77,13.77,72.6,72.6,25.2,25.0,gstreamer_multi
2553,102.298,0.00,2.26,14.79,0.13,17.18,17.19,58.2,58.2,25.2,25.0,gstreamer_multi
2554,102.339,0.00,2.56,14.44,0.17,17.17,17.17,58.2,58.2,25.4,25.0,gstreamer_multi
2555,102.379,0.00,2.41,14.56,0.15,17.11,17.11,58.4,58.4,25.2,25.0,gstreamer_multi
2556,102.420,0.00,2.49,14.26,0.15,16.90,16.90,59.2,59.2,25.4,25.0,gstreamer_multi
2557,102.474,0.00,2.93,14.46,0.13,17.52,17.53,57.1,57.1,24.7,25.0,gstreamer_multi
2558,102.499,0.00,2.47,9.49,0.14,12.11,12.11,82.6,82.5,25.0,25.0,gstreamer_multi
2559,102.553,0.00,3.38,14.84,0.13,18.36,18.36,54.5,54.5,25.0,25.0,gstreamer_multi
2560,102.578,0.00,2.38,9.52,0.12,12.03,12.03,83.1,83.1,25.0,25.0,gstreamer_multi
2561,102.619,0.00,2.56,9.44,0.16,12.15,12.16,82.3,82.3,25.2,25.0,gstreamer_multi
2562,102.666,0.00,2.84,10.16,0.15,13.15,13.15,76.0,76.0,25.2,25.0,gstreamer_multi
2563,102.701,0.00,2.48,9.59,0.14,12.20,12.20,82.0,82.0,24.9,25.0,gstreamer_multi
2564,102.733,0.00,2.44,9.40,0.14,11.98,11.99,83.4,83.4,25.1,25.0,gstreamer_multi
2565,102.780,0.00,2.59,9.67,0.16,12.41,12.42,80.6,80.5,25.0,25.0,gstreamer_multi
2566,102.827,0.00,2.55,9.37,0.14,12.06,12.06,82.9,82.9,24.9,25.0,gstreamer_multi
2567,102.859,0.00,2.42,9.65,0.16,12.23,12.24,81.7,81.7,25.1,25.0,gstreamer_multi
2568,102.917,0.00,3.07,19.70,0.15,22.92,22.93,43.6,43.6,24.6,25.0,gstreamer_multi
2569,102.942,0.00,3.03,14.59,0.16,17.77,17.77,56.3,56.3,24.8,25.0,gstreamer_multi
2570,102.990,0.00,2.52,14.80,0.14,17.45,17.46,57.3,57.3,24.5,25.0,gstreamer_multi
2571,103.022,0.00,2.49,14.70,0.14,17.33,17.33,57.7,57.7,24.8,25.0,gstreamer_multi
2572,103.073,0.00,2.61,14.57,0.15,17.34,17.34,57.7,57.7,24.5,25.0,gstreamer_multi
2573,103.100,0.00,3.03,9.72,0.13,12.88,12.88,77.6,77.6,25.0,25.0,gstreamer_multi
2574,103.135,0.00,2.55,9.81,0.16,12.51,12.52,79.9,79.9,25.2,25.0,gstreamer_multi
2575,103.186,0.00,2.59,14.25,0.16,17.00,17.01,58.8,58.8,24.7,25.0,gstreamer_multi
2576,103.230,0.00,2.43,9.80,0.27,12.51,12.51,80.0,79.9,24.9,25.0,gstreamer_multi
2577,103.261,0.00,2.48,9.39,0.24,12.11,12.11,82.6,82.6,25.1,25.0,gstreamer_multi
2578,103.292,0.00,2.41,9.47,0.16,12.04,12.05,83.0,83.0,25.1,25.0,gstreamer_multi
2579,103.341,0.00,2.62,9.61,0.25,12.49,12.49,80.1,80.1,24.9,25.0,gstreamer_multi
2580,103.390,0.00,2.59,11.11,0.28,13.99,13.99,71.5,71.5,24.7,25.0,gstreamer_multi
2581,103.421,0.00,2.53,9.68,0.26,12.46,12.47,80.2,80.2,25.2,25.0,gstreamer_multi
2582,103.467,0.00,2.54,9.69,0.26,12.49,12.49,80.1,80.1,24.8,25.0,gstreamer_multi
2583,103.501,0.00,2.41,14.13,0.24,16.79,16.79,59.6,59.6,24.9,25.0,gstreamer_multi
2584,103.543,0.00,2.64,14.84,0.14,17.62,17.62,56.7,56.7,25.0,25.0,gstreamer_multi
2585,103.582,0.00,2.42,14.53,0.27,17.21,17.21,58.1,58.1,25.0,25.0,gstreamer_multi
2586,103.622,0.00,2.47,14.39,0.28,17.14,17.14,58.4,58.3,25.4,25.0,gstreamer_multi
2587,103.664,0.00,2.53,14.68,0.24,17.45,17.45,57.3,57.3,24.9,25.0,gstreamer_multi
2588,103.701,0.00,2.45,9.71,0.24,12.40,12.40,80.6,80.6,25.4,25.0,gstreamer_multi
2589,103.735,0.00,2.52,9.59,0.26,12.37,12.37,80.8,80.8,24.9,25.0,gstreamer_multi
2590,103.776,0.00,2.44,9.80,0.24,12.48,12.48,80.1,80.1,24.9,25.0,gstreamer_multi
2591,103.814,0.00,2.54,9.91,0.28,12.73,12.73,78.6,78.6,25.4,25.0,gstreamer_multi
2592,103.867,0.00,3.47,9.55,0.23,13.25,13.25,75.5,75.5,24.8,25.0,gstreamer_multi
2593,103.906,0.00,2.51,18.57,0.27,21.34,21.34,46.9,46.9,24.6,25.0,gstreamer_multi
2594,103.946,0.00,2.55,17.40,0.24,20.19,20.19,49.5,49.5,24.7,25.0,gstreamer_multi
2595,103.986,0.00,2.45,16.19,0.33,18.97,18.98,52.7,52.7,24.8,25.0,gstreamer_multi
2596,104.025,0.00,2.44,14.89,0.14,17.46,17.46,57.3,57.3,24.9,25.0,gstreamer_multi
2597,104.065,0.00,2.36,14.66,0.16,17.18,17.19,58.2,58.2,25.4,25.0,gstreamer_multi
2598,104.102,0.00,2.41,11.30,0.15,13.86,13.86,72.2,72.1,25.2,25.0,gstreamer_multi
2599,104.142,0.00,2.47,10.53,0.16,13.16,13.16,76.0,76.0,25.3,25.0,gstreamer_multi
2600,104.181,0.00,2.44,9.31,0.14,11.89,11.89,84.1,84.1,25.1,25.0,gstreamer_multi
2601,104.219,0.00,2.74,9.69,0.13,12.57,12.57,79.6,79.6,25.3,25.0,gstreamer_multi
2602,104.261,0.00,2.44,9.70,0.15,12.29,12.29,81.4,81.4,25.0,25.0,gstreamer_multi
2603,104.304,0.00,2.69,14.86,0.16,17.71,17.72,56.5,56.4,24.8,25.0,gstreamer_multi
2604,104.344,0.00,2.44,14.84,0.14,17.42,17.42,57.4,57.4,25.3,25.0,gstreamer_multi
2605,104.385,0.00,2.42,14.94,0.15,17.50,17.51,57.1,57.1,25.1,25.0,gstreamer_multi
2606,104.420,0.00,2.63,14.59,0.13,17.35,17.36,57.6,57.6,24.8,25.0,gstreamer_multi
2607,104.469,0.00,2.72,14.79,0.16,17.68,17.68,56.6,56.6,24.5,25.0,gstreamer_multi
2608,104.495,0.00,2.50,11.07,0.16,13.72,13.73,72.9,72.8,25.1,25.0,gstreamer_multi
2609,104.540,0.00,2.46,9.39,0.16,12.01,12.01,83.3,83.2,25.2,25.0,gstreamer_multi
2610,104.589,0.00,2.64,9.85,0.17,12.66,12.66,79.0,79.0,24.8,25.0,gstreamer_multi
2611,104.620,0.00,2.56,10.32,0.16,13.05,13.05,76.6,76.6,25.2,25.0,gstreamer_multi
2612,104.668,0.00,2.76,9.68,0.15,12.60,12.60,79.4,79.4,24.9,25.0,gstreamer_multi
2613,104.704,0.00,2.50,14.50,0.17,17.17,17.17,58.2,58.2,24.6,25.0,gstreamer_multi
2614,104.739,0.00,2.48,14.60,0.15,17.23,17.23,58.0,58.0,24.8,25.0,gstreamer_multi
2615,104.785,0.00,2.31,14.68,0.14,17.12,17.12,58.4,58.4,24.7,25.0,gstreamer_multi
2616,104.832,0.00,2.68,14.62,0.14,17.44,17.44,57.4,57.3,24.6,25.0,gstreamer_multi
2617,104.863,0.00,2.47,14.47,0.14,17.08,17.09,58.5,58.5,24.8,25.0,gstreamer_multi
2618,104.907,0.00,2.48,9.68,0.16,12.32,12.33,81.1,81.1,24.9,25.0,gstreamer_multi
2619,104.938,0.00,2.56,9.94,0.14,12.64,12.64,79.1,79.1,25.1,25.0,gstreamer_multi
2620,104.986,0.00,2.78,9.98,0.23,12.99,12.99,77.0,77.0,24.7,25.0,gstreamer_multi
2621,105.019,0.00,3.11,10.23,0.26,13.59,13.59,73.6,73.6,25.2,25.0,gstreamer_multi
2622,105.069,0.00,3.07,10.07,0.38,13.52,13.53,74.0,73.9,24.8,25.0,gstreamer_multi
2623,105.104,0.00,2.43,14.72,0.25,17.40,17.41,57.5,57.4,24.9,25.0,gstreamer_multi
2624,105.153,0.00,2.53,14.80,0.25,17.58,17.59,56.9,56.9,24.8,25.0,gstreamer_multi
2625,105.184,0.00,2.46,14.36,0.25,17.07,17.07,58.6,58.6,24.8,25.0,gstreamer_multi
2626,105.232,0.00,2.49,14.50,0.26,17.24,17.24,58.0,58.0,24.6,25.0,gstreamer_multi
2627,105.264,0.00,2.95,14.75,0.25,17.94,17.95,55.7,55.7,24.8,25.0,gstreamer_multi
2628,105.307,0.00,2.55,9.78,0.30,12.63,12.63,79.2,79.2,25.0,25.0,gstreamer_multi
2629,105.337,0.00,2.55,9.12,0.27,11.94,11.94,83.7,83.7,25.2,25.0,gstreamer_multi
2630,105.385,0.00,2.65,9.45,0.26,12.36,12.37,80.9,80.9,25.1,25.0,gstreamer_multi
2631,105.416,0.00,3.07,9.78,0.27,13.11,13.11,76.3,76.3,25.0,25.0,gstreamer_multi
2632,105.461,0.00,2.49,9.61,0.25,12.34,12.34,81.0,81.0,24.9,25.0,gstreamer_multi
2633,105.501,0.00,2.30,14.47,0.13,16.90,16.90,59.2,59.2,25.1,25.0,gstreamer_multi
2634,105.542,0.00,2.54,14.48,0.14,17.16,17.16,58.3,58.3,25.1,25.0,gstreamer_multi
2635,105.583,0.00,2.53,14.61,0.15,17.30,17.30,57.8,57.8,25.2,25.0,gstreamer_multi
2636,105.624,0.00,2.56,14.24,0.16,16.97,16.97,58.9,58.9,25.3,25.0,gstreamer_multi
2637,105.664,0.00,2.52,14.87,0.25,17.65,17.65,56.7,56.7,24.8,25.0,gstreamer_multi
2638,105.699,0.00,2.54,9.44,0.13,12.11,12.12,82.5,82.5,24.9,25.0,gstreamer_multi
2639,105.740,0.00,2.47,9.67,0.16,12.29,12.30,81.3,81.3,25.1,25.0,gstreamer_multi
2640,105.782,0.00,2.36,9.59,0.13,12.08,12.08,82.8,82.8,24.8,25.0,gstreamer_multi
2641,105.819,0.00,2.81,9.47,0.13,12.41,12.41,80.6,80.6,24.9,25.0,gstreamer_multi
2642,105.868,0.00,2.57,9.56,0.19,12.31,12.32,81.2,81.2,25.1,25.0,gstreamer_multi
2643,105.905,0.00,2.48,15.13,0.21,17.82,17.82,56.1,56.1,25.1,25.0,gstreamer_multi
2644,105.946,0.00,2.45,14.53,0.14,17.12,17.12,58.4,58.4,25.2,25.0,gstreamer_multi
2645,105.989,0.00,2.51,14.89,0.14,17.54,17.54,57.0,57.0,25.3,25.0,gstreamer_multi
2646,106.020,0.00,2.53,15.26,0.16,17.95,17.95,55.7,55.7,25.4,25.0,gstreamer_multi
2647,106.060,0.00,2.57,14.60,0.25,17.42,17.42,57.4,57.4,25.1,25.0,gstreamer_multi
2648,106.097,0.00,2.50,9.79,0.26,12.54,12.54,79.7,79.7,24.9,25.0,gstreamer_multi
2649,106.138,0.00,2.53,9.69,0.26,12.48,12.48,80.1,80.1,25.1,25.0,gstreamer_multi
2650,106.176,0.00,2.47,9.32,0.27,12.05,12.06,83.0,82.9,25.0,25.0,gstreamer_multi
2651,106.213,0.00,2.35,9.71,0.24,12.30,12.30,81.3,81.3,25.7,25.0,gstreamer_multi
2652,106.264,0.00,3.04,9.67,0.27,12.98,12.98,77.1,77.0,25.2,25.0,gstreamer_multi
2653,106.308,0.00,2.49,14.53,0.27,17.29,17.29,57.8,57.8,25.4,25.0,gstreamer_multi
2654,106.338,0.00,2.42,14.25,0.27,16.94,16.94,59.0,59.0,25.4,25.0,gstreamer_multi
2655,106.379,0.00,2.47,14.46,0.26,17.20,17.20,58.1,58.1,25.5,25.0,gstreamer_multi
2656,106.420,0.00,2.39,14.61,0.26,17.26,17.26,57.9,57.9,25.3,25.0,gstreamer_multi
2657,106.468,0.00,2.93,15.25,0.27,18.45,18.46,54.2,54.2,24.7,25.0,gstreamer_multi
2658,106.494,0.00,3.03,9.53,0.28,12.84,12.84,77.9,77.9,25.1,25.0,gstreamer_multi
2659,106.541,0.00,2.46,9.73,0.26,12.45,12.45,80.3,80.3,25.1,25.0,gstreamer_multi
2660,106.587,0.00,2.50,9.26,0.26,12.01,12.01,83.3,83.2,24.8,25.0,gstreamer_multi
2661,106.619,0.00,2.71,9.77,0.31,12.79,12.79,78.2,78.2,25.2,25.0,gstreamer_multi
2662,106.669,0.00,2.82,12.59,0.28,15.70,15.70,63.7,63.7,24.6,25.0,gstreamer_multi
2663,106.702,0.00,2.44,14.69,0.29,17.42,17.43,57.4,57.4,25.0,25.0,gstreamer_multi
2664,106.738,0.00,2.54,14.43,0.40,17.36,17.37,57.6,57.6,24.9,25.0,gstreamer_multi
2665,106.786,0.00,2.60,14.79,0.28,17.67,17.67,56.6,56.6,24.7,25.0,gstreamer_multi
2666,106.833,0.00,2.46,14.34,0.28,17.08,17.08,58.6,58.5,24.6,25.0,gstreamer_multi
2667,106.865,0.00,3.02,14.41,0.28,17.70,17.71,56.5,56.5,24.8,25.0,gstreamer_multi
2668,106.911,0.00,2.32,13.62,0.27,16.21,16.22,61.7,61.7,24.7,25.0,gstreamer_multi
2669,106.938,0.00,2.53,9.55,0.31,12.39,12.40,80.7,80.7,25.2,25.0,gstreamer_multi
2670,106.985,0.00,2.50,9.59,0.30,12.40,12.41,80.6,80.6,25.1,25.0,gstreamer_multi
2671,107.017,0.00,2.71,9.71,0.30,12.71,12.72,78.7,78.6,25.3,25.0,gstreamer_multi
2672,107.069,0.00,3.30,10.85,0.29,14.43,14.44,69.3,69.3,24.6,25.0,gstreamer_multi
2673,107.104,0.00,2.66,14.84,0.30,17.80,17.80,56.2,56.2,24.8,25.0,gstreamer_multi
2674,107.153,0.00,2.53,14.65,0.29,17.47,17.47,57.2,57.2,24.7,25.0,gstreamer_multi
2675,107.184,0.00,3.03,14.64,0.27,17.94,17.94,55.7,55.7,24.7,25.0,gstreamer_multi
2676,107.231,0.00,2.45,14.66,0.29,17.40,17.41,57.5,57.4,24.5,25.0,gstreamer_multi
2677,107.265,0.00,2.45,15.70,0.28,18.44,18.44,54.2,54.2,24.7,25.0,gstreamer_multi
2678,107.307,0.00,2.49,9.63,0.31,12.44,12.44,80.4,80.4,24.9,25.0,gstreamer_multi
2679,107.342,0.00,2.43,13.96,0.30,16.69,16.70,59.9,59.9,24.7,25.0,gstreamer_multi
2680,107.385,0.00,2.45,9.59,0.28,12.33,12.33,81.1,81.1,24.7,25.0,gstreamer_multi
2681,107.422,0.00,2.70,13.75,0.70,17.16,17.16,58.3,58.3,24.8,25.0,gstreamer_multi
2682,107.466,0.00,2.52,9.31,0.30,12.13,12.13,82.4,82.4,25.0,25.0,gstreamer_multi
2683,107.501,0.00,2.37,14.72,0.30,17.38,17.38,57.5,57.5,25.0,25.0,gstreamer_multi
2684,107.541,0.00,2.45,14.80,0.30,17.56,17.56,57.0,57.0,25.0,25.0,gstreamer_multi
2685,107.586,0.00,2.37,19.12,0.29,21.79,21.79,45.9,45.9,24.8,25.0,gstreamer_multi
2686,107.625,0.00,2.49,17.38,0.29,20.15,20.15,49.6,49.6,25.1,25.0,gstreamer_multi
2687,107.662,0.00,2.40,14.59,0.28,17.27,17.27,57.9,57.9,24.8,25.0,gstreamer_multi
2688,107.701,0.00,2.54,12.64,0.29,15.47,15.47,64.6,64.6,25.0,25.0,gstreamer_multi
2689,107.739,0.00,2.56,9.98,0.31,12.84,12.84,77.9,77.9,25.1,25.0,gstreamer_multi
2690,107.784,0.00,2.36,12.39,0.28,15.03,15.03,66.5,66.5,24.9,25.0,gstreamer_multi
2691,107.816,0.00,2.78,9.63,0.30,12.71,12.71,78.7,78.7,25.6,25.0,gstreamer_multi
2692,107.855,0.00,2.68,9.67,0.32,12.67,12.67,78.9,78.9,25.0,25.0,gstreamer_multi
2693,107.908,0.00,2.89,16.32,0.29,19.50,19.50,51.3,51.3,25.0,25.0,gstreamer_multi
2694,107.955,0.00,2.93,14.91,0.29,18.12,18.13,55.2,55.2,24.8,25.0,gstreamer_multi
2695,107.984,0.00,2.62,14.52,0.28,17.42,17.42,57.4,57.4,25.4,25.0,gstreamer_multi
2696,108.028,0.00,2.48,16.68,0.29,19.45,19.45,51.4,51.4,25.0,25.0,gstreamer_multi
2697,108.069,0.00,2.44,14.94,0.30,17.67,17.68,56.6,56.6,25.3,25.0,gstreamer_multi
2698,108.104,0.00,2.48,10.29,0.29,13.06,13.06,76.6,76.5,24.8,25.0,gstreamer_multi
2699,108.134,0.00,2.52,9.36,0.28,12.15,12.15,82.3,82.3,25.1,25.0,gstreamer_multi
2700,108.175,0.00,2.51,9.62,0.29,12.42,12.42,80.5,80.5,25.0,25.0,gstreamer_multi
2701,108.219,0.00,2.66,9.74,0.31,12.71,12.71,78.7,78.7,25.6,25.0,gstreamer_multi
2702,108.262,0.00,2.45,9.45,0.29,12.19,12.19,82.0,82.0,25.2,25.0,gstreamer_multi
2703,108.294,0.00,2.53,9.40,0.29,12.22,12.22,81.8,81.8,25.5,25.0,gstreamer_multi
2704,108.336,0.00,2.75,10.12,0.31,13.17,13.18,75.9,75.9,25.3,25.0,gstreamer_multi
2705,108.380,0.00,2.62,9.68,0.29,12.59,12.59,79.4,79.4,25.5,25.0,gstreamer_multi
2706,108.426,0.00,2.42,9.33,0.30,12.04,12.05,83.0,83.0,25.2,25.0,gstreamer_multi
2707,108.459,0.00,2.50,9.42,0.30,12.23,12.23,81.8,81.8,25.2,25.0,gstreamer_multi
2708,108.513,0.00,3.19,14.64,0.28,18.10,18.11,55.2,55.2,24.8,25.0,gstreamer_multi
2709,108.542,0.00,3.01,14.58,0.29,17.88,17.88,55.9,55.9,24.9,25.0,gstreamer_multi
2710,108.589,0.00,2.52,14.69,0.33,17.54,17.54,57.0,57.0,24.9,25.0,gstreamer_multi
2711,108.621,0.00,2.77,14.87,0.29,17.93,17.93,55.8,55.8,24.9,25.0,gstreamer_multi
2712,108.672,0.00,2.75,14.78,0.29,17.82,17.82,56.1,56.1,24.5,25.0,gstreamer_multi
2713,108.706,0.00,2.64,14.68,0.28,17.60,17.60,56.8,56.8,24.6,25.0,gstreamer_multi
2714,108.733,0.00,2.59,9.76,0.29,12.63,12.63,79.2,79.2,25.4,25.0,gstreamer_multi
2715,108.782,0.00,2.93,10.16,0.31,13.39,13.39,74.7,74.7,25.2,25.0,gstreamer_multi
2716,108.830,0.00,2.98,9.83,0.39,13.20,13.21,75.7,75.7,24.6,25.0,gstreamer_multi
2717,108.859,0.00,2.99,9.51,0.29,12.79,12.80,78.2,78.2,25.1,25.0,gstreamer_multi
2718,108.906,0.00,2.61,9.46,0.29,12.37,12.37,80.9,80.9,24.9,25.0,gstreamer_multi
2719,108.939,0.00,2.61,9.75,0.30,12.66,12.66,79.0,79.0,25.2,25.0,gstreamer_multi
2720,108.986,0.00,2.57,9.28,0.28,12.14,12.14,82.4,82.3,24.8,25.0,gstreamer_multi
2721,109.017,0.00,2.71,9.68,0.32,12.70,12.70,78.7,78.7,25.1,25.0,gstreamer_multi
2722,109.068,0.00,2.56,9.64,0.28,12.48,12.48,80.1,80.1,25.0,25.0,gstreamer_multi
2723,109.104,0.00,2.60,14.93,0.28,17.81,17.82,56.1,56.1,25.1,25.0,gstreamer_multi
2724,109.139,0.00,2.55,15.12,0.31,17.98,17.98,55.6,55.6,24.9,25.0,gstreamer_multi
2725,109.187,0.00,2.80,14.87,0.30,17.96,17.96,55.7,55.7,25.0,25.0,gstreamer_multi
2726,109.218,0.00,2.73,14.58,0.28,17.59,17.60,56.8,56.8,25.0,25.0,gstreamer_multi
2727,109.266,0.00,2.43,14.47,0.28,17.18,17.18,58.2,58.2,24.8,25.0,gstreamer_multi
2728,109.311,0.00,2.57,11.68,0.46,14.71,14.71,68.0,68.0,24.4,25.0,gstreamer_multi
2729,109.340,0.00,2.54,9.15,0.30,11.99,11.99,83.4,83.4,25.0,25.0,gstreamer_multi
2730,109.388,0.00,3.02,9.46,0.28,12.77,12.77,78.3,78.3,24.8,25.0,gstreamer_multi
2731,109.414,0.00,2.78,9.96,0.30,13.05,13.05,76.6,76.6,25.3,25.0,gstreamer_multi
2732,109.461,0.00,2.55,10.35,0.30,13.21,13.21,75.7,75.7,24.8,25.0,gstreamer_multi
2733,109.501,0.00,2.58,14.70,0.31,17.58,17.59,56.9,56.9,25.1,25.0,gstreamer_multi
2734,109.541,0.00,2.51,14.71,0.27,17.50,17.50,57.2,57.1,25.0,25.0,gstreamer_multi
2735,109.584,0.00,2.60,15.56,0.29,18.46,18.46,54.2,54.2,24.9,25.0,gstreamer_multi
2736,109.622,0.00,2.37,14.65,0.28,17.31,17.31,57.8,57.8,24.9,25.0,gstreamer_multi
2737,109.663,0.00,2.67,14.75,0.28,17.70,17.70,56.5,56.5,25.4,25.0,gstreamer_multi
2738,109.700,0.00,2.87,9.57,0.28,12.72,12.72,78.6,78.6,25.2,25.0,gstreamer_multi
2739,109.740,0.00,2.63,9.32,0.28,12.23,12.24,81.7,81.7,25.4,25.0,gstreamer_multi
2740,109.781,0.00,2.51,9.79,0.29,12.59,12.59,79.5,79.4,25.1,25.0,gstreamer_multi
2741,109.818,0.00,2.68,9.79,0.30,12.78,12.78,78.3,78.2,25.4,25.0,gstreamer_multi
2742,109.867,0.00,2.86,9.21,0.29,12.36,12.36,80.9,80.9,25.1,25.0,gstreamer_multi
2743,109.904,0.00,2.78,14.69,0.31,17.78,17.79,56.2,56.2,24.8,25.0,gstreamer_multi
2744,109.946,0.00,2.71,14.90,0.30,17.92,17.92,55.8,55.8,24.9,25.0,gstreamer_multi
2745,109.986,0.00,2.56,14.48,0.30,17.33,17.33,57.7,57.7,25.4,25.0,gstreamer_multi
2746,110.027,0.00,2.63,14.92,0.28,17.83,17.84,56.1,56.1,24.8,25.0,gstreamer_multi
2747,110.068,0.00,2.63,14.96,0.30,17.88,17.88,55.9,55.9,25.0,25.0,gstreamer_multi
2748,110.095,0.00,2.50,12.11,0.13,14.75,14.75,67.8,67.8,25.0,25.0,gstreamer_multi
2749,110.135,0.00,2.54,10.53,0.26,13.33,13.33,75.0,75.0,25.2,25.0,gstreamer_multi
2750,110.175,0.00,2.46,10.19,0.26,12.92,12.92,77.4,77.4,25.0,25.0,gstreamer_multi
2751,110.229,0.00,3.73,9.44,0.25,13.42,13.43,74.5,74.5,24.8,25.0,gstreamer_multi
2752,110.265,0.00,2.54,9.42,0.26,12.23,12.23,81.8,81.8,25.2,25.0,gstreamer_multi
2753,110.300,0.00,2.47,14.30,0.28,17.05,17.05,58.7,58.6,25.2,25.0,gstreamer_multi
2754,110.342,0.00,2.49,14.59,0.26,17.33,17.33,57.7,57.7,25.4,25.0,gstreamer_multi
2755,110.383,0.00,2.50,14.77,0.28,17.55,17.55,57.0,57.0,25.1,25.0,gstreamer_multi
2756,110.424,0.00,2.55,14.64,0.26,17.45,17.45,57.3,57.3,25.1,25.0,gstreamer_multi
2757,110.466,0.00,2.34,14.84,0.27,17.45,17.46,57.3,57.3,25.2,25.0,gstreamer_multi
2758,110.509,0.00,2.48,9.50,0.28,12.25,12.25,81.6,81.6,24.8,25.0,gstreamer_multi
2759,110.541,0.00,2.45,9.67,0.30,12.42,12.42,80.5,80.5,25.1,25.0,gstreamer_multi
2760,110.588,0.00,2.57,9.67,0.27,12.52,12.52,79.9,79.9,24.7,25.0,gstreamer_multi
2761,110.621,0.00,2.62,10.13,0.27,13.01,13.01,76.9,76.9,24.9,25.0,gstreamer_multi
2762,110.666,0.00,2.77,9.98,0.27,13.02,13.02,76.8,76.8,24.9,25.0,gstreamer_multi
2763,110.702,0.00,2.55,14.73,0.25,17.53,17.53,57.0,57.0,24.7,25.0,gstreamer_multi
2764,110.752,0.00,2.50,14.47,0.28,17.26,17.26,57.9,57.9,24.8,25.0,gstreamer_multi
2765,110.784,0.00,2.42,14.48,0.27,17.17,17.17,58.2,58.2,24.7,25.0,gstreamer_multi
2766,110.832,0.00,2.52,15.16,0.26,17.94,17.94,55.7,55.7,24.6,25.0,gstreamer_multi
2767,110.864,0.00,2.45,15.29,0.28,18.02,18.02,55.5,55.5,24.8,25.0,gstreamer_multi
2768,110.908,0.00,2.47,10.64,0.33,13.44,13.44,74.4,74.4,24.9,25.0,gstreamer_multi
2769,110.939,0.00,2.48,9.78,0.28,12.53,12.53,79.8,79.8,25.2,25.0,gstreamer_multi
2770,110.987,0.00,2.56,10.24,0.28,13.08,13.08,76.5,76.4,25.0,25.0,gstreamer_multi
2771,111.019,0.00,2.71,9.77,0.28,12.76,12.76,78.4,78.4,25.3,25.0,gstreamer_multi
2772,111.066,0.00,2.69,9.78,0.27,12.74,12.74,78.5,78.5,25.0,25.0,gstreamer_multi
2773,111.103,0.00,2.55,14.62,0.26,17.43,17.43,57.4,57.4,25.1,25.0,gstreamer_multi
2774,111.156,0.00,2.65,16.01,0.26,18.92,18.92,52.9,52.8,24.6,25.0,gstreamer_multi
2775,111.186,0.00,3.02,14.71,0.25,17.98,17.98,55.6,55.6,24.8,25.0,gstreamer_multi
2776,111.218,0.00,2.54,14.73,0.27,17.54,17.55,57.0,57.0,25.0,25.0,gstreamer_multi
2777,111.265,0.00,2.43,14.93,0.27,17.63,17.63,56.7,56.7,24.6,25.0,gstreamer_multi
2778,111.306,0.00,2.53,9.47,0.27,12.26,12.26,81.6,81.5,24.8,25.0,gstreamer_multi
2779,111.339,0.00,2.53,9.71,0.28,12.52,12.52,79.9,79.9,25.0,25.0,gstreamer_multi
2780,111.387,0.00,2.85,9.45,0.26,12.56,12.56,79.6,79.6,25.2,25.0,gstreamer_multi
2781,111.418,0.00,2.65,10.02,0.28,12.96,12.96,77.2,77.1,25.3,25.0,gstreamer_multi
2782,111.466,0.00,2.47,9.80,0.29,12.57,12.58,79.6,79.5,24.9,25.0,gstreamer_multi
2783,111.501,0.00,2.44,14.70,0.27,17.41,17.41,57.4,57.4,25.0,25.0,gstreamer_multi
2784,111.542,0.00,2.65,15.07,0.28,18.00,18.01,55.5,55.5,25.0,25.0,gstreamer_multi
2785,111.582,0.00,2.45,15.38,0.26,18.08,18.08,55.3,55.3,25.2,25.0,gstreamer_multi
2786,111.622,0.00,2.33,14.60,0.25,17.18,17.18,58.2,58.2,25.3,25.0,gstreamer_multi
2787,111.663,0.00,2.52,14.74,0.25,17.52,17.52,57.1,57.1,25.1,25.0,gstreamer_multi
2788,111.699,0.00,2.49,9.71,0.27,12.47,12.47,80.2,80.2,25.0,25.0,gstreamer_multi
2789,111.739,0.00,2.62,9.71,0.26,12.59,12.59,79.5,79.4,25.1,25.0,gstreamer_multi
2790,111.779,0.00,2.53,9.78,0.25,12.56,12.56,79.6,79.6,25.2,25.0,gstreamer_multi
2791,111.816,0.00,2.61,10.11,0.27,13.00,13.00,76.9,76.9,25.0,25.0,gstreamer_multi
2792,111.858,0.00,2.53,9.51,0.27,12.31,12.32,81.2,81.2,25.3,25.0,gstreamer_multi
2793,111.904,0.00,2.42,14.80,0.24,17.47,17.47,57.2,57.2,25.4,25.0,gstreamer_multi
2794,111.945,0.00,2.57,14.59,0.24,17.40,17.41,57.5,57.4,25.2,25.0,gstreamer_multi
2795,111.985,0.00,2.60,14.89,0.25,17.73,17.74,56.4,56.4,25.4,25.0,gstreamer_multi
2796,112.026,0.00,2.58,14.74,0.26,17.59,17.59,56.9,56.8,25.2,25.0,gstreamer_multi
2797,112.067,0.00,2.44,14.78,0.27,17.50,17.50,57.2,57.1,25.0,25.0,gstreamer_multi
2798,112.103,0.00,2.55,9.85,0.24,12.64,12.64,79.1,79.1,24.8,25.0,gstreamer_multi
2799,112.142,0.00,2.42,9.68,0.24,12.34,12.35,81.0,81.0,25.0,25.0,gstreamer_multi
2800,112.183,0.00,2.67,9.82,0.23,12.71,12.72,78.7,78.6,24.8,25.0,gstreamer_multi
2801,112.218,0.00,2.68,9.79,0.24,12.71,12.71,78.7,78.7,24.9,25.0,gstreamer_multi
2802,112.260,0.00,2.60,9.82,0.25,12.67,12.67,78.9,78.9,25.0,25.0,gstreamer_multi
2803,112.300,0.00,2.40,9.71,0.23,12.34,12.34,81.0,81.0,25.5,25.0,gstreamer_multi
2804,112.340,0.00,2.51,9.99,0.26,12.75,12.75,78.4,78.4,25.3,25.0,gstreamer_multi
2805,112.377,0.00,2.52,9.87,0.27,12.65,12.66,79.0,79.0,25.3,25.0,gstreamer_multi
2806,112.427,0.00,3.39,10.91,0.25,14.54,14.55,68.8,68.7,24.9,25.0,gstreamer_multi
2807,112.455,0.00,2.47,9.76,0.25,12.48,12.48,80.1,80.1,25.3,25.0,gstreamer_multi
2808,112.511,0.00,2.71,17.07,0.25,20.04,20.04,49.9,49.9,24.6,25.0,gstreamer_multi
2809,112.540,0.00,2.46,14.59,0.24,17.29,17.30,57.8,57.8,24.9,25.0,gstreamer_multi
2810,112.588,0.00,2.52,14.63,0.24,17.40,17.40,57.5,57.5,24.6,25.0,gstreamer_multi
2811,112.625,0.00,2.99,19.88,0.26,23.13,23.13,43.2,43.2,24.8,25.0,gstreamer_multi
2812,112.671,0.00,2.69,15.10,0.26,18.05,18.05,55.4,55.4,24.5,25.0,gstreamer_multi
2813,112.698,0.00,3.05,9.40,0.25,12.70,12.71,78.7,78.7,25.0,25.0,gstreamer_multi
2814,112.749,0.00,2.99,9.64,0.25,12.88,12.89,77.6,77.6,24.9,25.0,gstreamer_multi
2815,112.779,0.00,2.42,9.21,0.26,11.89,11.89,84.1,84.1,25.1,25.0,gstreamer_multi
2816,112.828,0.00,3.30,9.80,0.26,13.36,13.36,74.9,74.9,24.9,25.0,gstreamer_multi
2817,112.859,0.00,2.50,9.59,0.26,12.35,12.35,81.0,81.0,25.1,25.0,gstreamer_multi
2818,112.906,0.00,2.50,9.39,0.26,12.15,12.15,82.3,82.3,24.9,25.0,gstreamer_multi
2819,112.937,0.00,2.47,9.49,0.26,12.22,12.22,81.8,81.8,25.1,25.0,gstreamer_multi
2820,112.985,0.00,2.42,9.80,0.27,12.48,12.48,80.1,80.1,25.1,25.0,gstreamer_multi
2821,113.016,0.00,2.64,9.79,0.27,12.70,12.70,78.7,78.7,25.0,25.0,gstreamer_multi
2822,113.069,0.00,2.82,10.55,0.26,13.63,13.64,73.4,73.3,24.6,25.0,gstreamer_multi
2823,113.104,0.00,2.71,14.67,0.27,17.65,17.65,56.7,56.7,24.7,25.0,gstreamer_multi
2824,113.156,0.00,2.66,16.77,0.26,19.69,19.69,50.8,50.8,24.6,25.0,gstreamer_multi
2825,113.184,0.00,2.57,14.31,0.25,17.13,17.13,58.4,58.4,24.8,25.0,gstreamer_multi
2826,113.236,0.00,2.57,17.53,0.26,20.36,20.37,49.1,49.1,24.6,25.0,gstreamer_multi
2827,113.264,0.00,2.90,14.84,0.25,17.98,17.99,55.6,55.6,24.8,25.0,gstreamer_multi
2828,113.311,0.00,2.47,14.09,0.25,16.81,16.81,59.5,59.5,24.7,25.0,gstreamer_multi
2829,113.337,0.00,2.48,9.48,0.26,12.22,12.22,81.9,81.8,25.2,25.0,gstreamer_multi
2830,113.385,0.00,2.97,9.35,0.27,12.59,12.59,79.4,79.4,25.1,25.0,gstreamer_multi
2831,113.417,0.00,2.53,9.15,0.24,11.92,11.92,83.9,83.9,24.8,25.0,gstreamer_multi
2832,113.460,0.00,2.59,9.85,0.25,12.68,12.69,78.8,78.8,25.1,25.0,gstreamer_multi
2833,113.502,0.00,2.56,14.79,0.25,17.60,17.60,56.8,56.8,25.1,25.0,gstreamer_multi
2834,113.542,0.00,2.47,14.49,0.26,17.22,17.22,58.1,58.1,24.9,25.0,gstreamer_multi
2835,113.584,0.00,2.60,14.84,0.26,17.70,17.70,56.5,56.5,25.4,25.0,gstreamer_multi
2836,113.625,0.00,2.65,14.79,0.27,17.71,17.71,56.5,56.5,24.8,25.0,gstreamer_multi
2837,113.664,0.00,2.58,14.72,0.26,17.56,17.57,56.9,56.9,25.4,25.0,gstreamer_multi
2838,113.699,0.00,2.49,9.67,0.26,12.41,12.42,80.5,80.5,25.2,25.0,gstreamer_multi
2839,113.739,0.00,2.42,9.33,0.27,12.02,12.02,83.2,83.2,25.3,25.0,gstreamer_multi
2840,113.781,0.00,2.72,9.75,0.26,12.73,12.73,78.6,78.6,25.2,25.0,gstreamer_multi
2841,113.818,0.00,2.65,9.57,0.24,12.46,12.46,80.3,80.2,25.3,25.0,gstreamer_multi
2842,113.859,0.00,2.51,9.60,0.24,12.35,12.36,81.0,80.9,25.0,25.0,gstreamer_multi
2843,113.903,0.00,2.56,15.04,0.26,17.86,17.86,56.0,56.0,25.1,25.0,gstreamer_multi
2844,113.945,0.00,2.46,15.01,0.14,17.61,17.61,56.8,56.8,24.9,25.0,gstreamer_multi
2845,113.986,0.00,2.47,14.71,0.15,17.34,17.34,57.7,57.7,25.0,25.0,gstreamer_multi
2846,114.027,0.00,2.53,14.81,0.14,17.48,17.49,57.2,57.2,24.8,25.0,gstreamer_multi
2847,114.069,0.00,2.86,15.52,0.13,18.51,18.52,54.0,54.0,25.0,25.0,gstreamer_multi
2848,114.094,0.00,2.68,9.28,0.16,12.13,12.13,82.5,82.4,25.0,25.0,gstreamer_multi
2849,114.136,0.00,2.52,9.53,0.15,12.20,12.20,82.0,82.0,25.1,25.0,gstreamer_multi
2850,114.178,0.00,2.46,9.49,0.15,12.10,12.10,82.7,82.6,24.9,25.0,gstreamer_multi
2851,114.216,0.00,2.55,9.83,0.16,12.54,12.54,79.8,79.8,25.5,25.0,gstreamer_multi
2852,114.267,0.00,2.57,9.38,0.16,12.11,12.11,82.6,82.5,25.2,25.0,gstreamer_multi
2853,114.298,0.00,2.47,14.53,0.15,17.15,17.15,58.3,58.3,25.6,25.0,gstreamer_multi
2854,114.339,0.00,2.47,14.85,0.14,17.47,17.47,57.3,57.2,25.4,25.0,gstreamer_multi
2855,114.380,0.00,2.43,14.51,0.14,17.07,17.07,58.6,58.6,25.5,25.0,gstreamer_multi
2856,114.428,0.00,3.06,14.97,0.15,18.18,18.18,55.0,55.0,24.9,25.0,gstreamer_multi
2857,114.474,0.00,2.69,14.95,0.15,17.79,17.79,56.2,56.2,24.9,25.0,gstreamer_multi
2858,114.502,0.00,3.94,10.15,0.15,14.25,14.25,70.2,70.2,24.9,25.0,gstreamer_multi
2859,114.553,0.00,2.70,14.44,0.14,17.28,17.28,57.9,57.9,24.6,25.0,gstreamer_multi
2860,114.579,0.00,2.93,9.63,0.15,12.71,12.71,78.7,78.7,25.2,25.0,gstreamer_multi
2861,114.614,0.00,2.82,9.52,0.16,12.50,12.51,80.0,80.0,25.1,25.0,gstreamer_multi
2862,114.665,0.00,2.80,9.90,0.16,12.86,12.86,77.8,77.8,24.9,25.0,gstreamer_multi
2863,114.699,0.00,2.47,9.16,0.15,11.78,11.79,84.9,84.8,25.1,25.0,gstreamer_multi
2864,114.747,0.00,3.15,9.51,0.16,12.82,12.82,78.0,78.0,24.9,25.0,gstreamer_multi
2865,114.778,0.00,2.57,9.60,0.17,12.33,12.33,81.1,81.1,25.1,25.0,gstreamer_multi
2866,114.826,0.00,3.31,9.58,0.13,13.02,13.02,76.8,76.8,25.0,25.0,gstreamer_multi
2867,114.856,0.00,2.54,9.87,0.15,12.56,12.56,79.6,79.6,25.2,25.0,gstreamer_multi
2868,114.909,0.00,3.50,14.91,0.13,18.54,18.55,53.9,53.9,24.7,25.0,gstreamer_multi
2869,114.939,0.00,2.49,14.56,0.15,17.20,17.20,58.2,58.1,24.9,25.0,gstreamer_multi
2870,114.989,0.00,2.79,17.09,0.15,20.02,20.03,49.9,49.9,24.8,25.0,gstreamer_multi
2871,115.020,0.00,3.46,15.42,0.16,19.04,19.04,52.5,52.5,24.7,25.0,gstreamer_multi
2872,115.072,0.00,2.54,14.99,0.14,17.67,17.67,56.6,56.6,24.6,25.0,gstreamer_multi
2873,115.097,0.00,3.17,9.41,0.14,12.72,12.72,78.6,78.6,25.1,25.0,gstreamer_multi
2874,115.150,0.00,2.65,9.96,0.14,12.74,12.75,78.5,78.5,24.9,25.0,gstreamer_multi
2875,115.181,0.00,2.71,9.54,0.16,12.40,12.40,80.6,80.6,25.1,25.0,gstreamer_multi
2876,115.231,0.00,3.72,9.87,0.17,13.75,13.76,72.7,72.7,25.0,25.0,gstreamer_multi
2877,115.261,0.00,2.52,9.85,0.16,12.53,12.53,79.8,79.8,25.0,25.0,gstreamer_multi
2878,115.310,0.00,3.55,9.88,0.14,13.56,13.57,73.7,73.7,24.8,25.0,gstreamer_multi
2879,115.340,0.00,2.44,9.50,0.16,12.10,12.10,82.7,82.7,25.1,25.0,gstreamer_multi
2880,115.387,0.00,2.75,9.60,0.15,12.51,12.51,79.9,79.9,24.8,25.0,gstreamer_multi
2881,115.419,0.00,2.79,9.70,0.20,12.70,12.70,78.7,78.7,25.2,25.0,gstreamer_multi
2882,115.466,0.00,2.99,9.47,0.15,12.61,12.61,79.3,79.3,24.8,25.0,gstreamer_multi
2883,115.502,0.00,2.54,14.34,0.22,17.10,17.10,58.5,58.5,24.6,25.0,gstreamer_multi
2884,115.553,0.00,2.41,15.14,0.16,17.71,17.71,56.5,56.5,24.5,25.0,gstreamer_multi
2885,115.586,0.00,3.11,15.39,0.14,18.64,18.65,53.6,53.6,25.1,25.0,gstreamer_multi
2886,115.632,0.00,2.58,14.94,0.15,17.68,17.68,56.6,56.6,25.1,25.0,gstreamer_multi
2887,115.663,0.00,2.98,14.77,0.13,17.88,17.89,55.9,55.9,24.7,25.0,gstreamer_multi
2888,115.705,0.00,2.43,9.71,0.17,12.31,12.31,81.3,81.2,25.4,25.0,gstreamer_multi
2889,115.737,0.00,2.43,9.25,0.20,11.88,11.89,84.1,84.1,25.0,25.0,gstreamer_multi
2890,115.787,0.00,3.61,9.64,0.14,13.39,13.39,74.7,74.7,24.8,25.0,gstreamer_multi
2891,115.817,0.00,2.75,9.67,0.15,12.56,12.56,79.6,79.6,25.2,25.0,gstreamer_multi
2892,115.867,0.00,3.37,9.89,0.20,13.46,13.46,74.3,74.3,24.9,25.0,gstreamer_multi
2893,115.902,0.00,2.46,14.65,0.14,17.25,17.25,58.0,58.0,24.8,25.0,gstreamer_multi
2894,115.952,0.00,2.49,14.68,0.16,17.34,17.34,57.7,57.7,24.5,25.0,gstreamer_multi
2895,115.984,0.00,2.42,14.73,0.15,17.30,17.30,57.8,57.8,24.8,25.0,gstreamer_multi
2896,116.030,0.00,2.50,15.07,0.14,17.71,17.71,56.5,56.5,24.5,25.0,gstreamer_multi
2897,116.061,0.00,2.49,14.42,0.15,17.06,17.06,58.6,58.6,25.2,25.0,gstreamer_multi
2898,116.103,0.00,2.48,9.54,0.17,12.19,12.19,82.0,82.0,25.1,25.0,gstreamer_multi
2899,116.135,0.00,2.55,10.71,0.16,13.42,13.42,74.5,74.5,25.5,25.0,gstreamer_multi
2900,116.184,0.00,3.55,10.32,0.14,14.02,14.02,71.3,71.3,24.9,25.0,gstreamer_multi
2901,116.217,0.00,3.16,10.12,0.18,13.46,13.46,74.3,74.3,25.5,25.0,gstreamer_multi
2902,116.266,0.00,3.04,10.78,0.13,13.95,13.95,71.7,71.7,24.6,25.0,gstreamer_multi
2903,116.303,0.00,2.67,14.45,0.19,17.31,17.31,57.8,57.8,24.8,25.0,gstreamer_multi
2904,116.339,0.00,2.76,15.91,0.13,18.81,18.81,53.2,53.2,24.8,25.0,gstreamer_multi
2905,116.385,0.00,2.60,14.41,0.15,17.16,17.16,58.3,58.3,24.8,25.0,gstreamer_multi
2906,116.433,0.00,2.59,14.43,0.15,17.17,17.17,58.2,58.2,24.5,25.0,gstreamer_multi
2907,116.465,0.00,2.41,15.41,0.14,17.96,17.96,55.7,55.7,24.9,25.0,gstreamer_multi
2908,116.506,0.00,2.39,9.52,0.16,12.07,12.07,82.9,82.8,24.9,25.0,gstreamer_multi
2909,116.536,0.00,2.32,9.13,0.15,11.60,11.61,86.2,86.2,25.2,25.0,gstreamer_multi
2910,116.586,0.00,3.01,9.29,0.13,12.43,12.44,80.4,80.4,24.8,25.0,gstreamer_multi
2911,116.617,0.00,2.54,9.95,0.15,12.64,12.64,79.1,79.1,25.2,25.0,gstreamer_multi
2912,116.670,0.00,3.57,10.95,0.13,14.65,14.65,68.3,68.3,24.9,25.0,gstreamer_multi
2913,116.703,0.00,2.56,15.52,0.15,18.23,18.23,54.8,54.8,25.2,25.0,gstreamer_multi
2914,116.753,0.00,2.42,15.78,0.17,18.37,18.37,54.4,54.4,24.8,25.0,gstreamer_multi
2915,116.784,0.00,2.98,14.80,0.14,17.93,17.93,55.8,55.8,25.1,25.0,gstreamer_multi
2916,116.831,0.00,2.60,14.43,0.15,17.18,17.19,58.2,58.2,24.8,25.0,gstreamer_multi
2917,116.865,0.00,2.97,15.24,0.15,18.36,18.38,54.5,54.4,24.8,25.0,gstreamer_multi
2918,116.907,0.00,2.47,9.61,0.15,12.23,12.23,81.8,81.8,24.8,25.0,gstreamer_multi
2919,116.942,0.00,2.45,13.42,0.14,16.01,16.01,62.5,62.5,24.8,25.0,gstreamer_multi
2920,116.985,0.00,2.56,9.49,0.15,12.20,12.20,82.0,82.0,24.9,25.0,gstreamer_multi
2921,117.016,0.00,2.61,9.66,0.15,12.42,12.42,80.5,80.5,25.2,25.0,gstreamer_multi
2922,117.067,0.00,2.94,9.96,0.14,13.05,13.05,76.6,76.6,24.9,25.0,gstreamer_multi
2923,117.106,0.00,2.84,18.23,0.15,21.22,21.22,47.1,47.1,25.1,25.0,gstreamer_multi
2924,117.138,0.00,2.63,14.78,0.14,17.56,17.57,56.9,56.9,25.1,25.0,gstreamer_multi
2925,117.185,0.00,2.48,14.42,0.14,17.04,17.04,58.7,58.7,25.1,25.0,gstreamer_multi
2926,117.235,0.00,2.49,17.14,0.15,19.78,19.78,50.6,50.5,24.8,25.0,gstreamer_multi
2927,117.264,0.00,2.51,15.83,0.14,18.47,18.47,54.1,54.1,24.8,25.0,gstreamer_multi
2928,117.306,0.00,2.55,9.51,0.16,12.22,12.22,81.8,81.8,24.7,25.0,gstreamer_multi
2929,117.336,0.00,2.33,9.47,0.14,11.94,11.94,83.8,83.8,25.4,25.0,gstreamer_multi
2930,117.385,0.00,2.58,9.72,0.16,12.46,12.46,80.2,80.2,24.8,25.0,gstreamer_multi
2931,117.422,0.00,2.55,14.72,0.31,17.58,17.58,56.9,56.9,25.2,25.0,gstreamer_multi
2932,117.466,0.00,2.43,9.59,0.16,12.17,12.17,82.2,82.1,25.2,25.0,gstreamer_multi
2933,117.499,0.00,2.40,14.96,0.14,17.50,17.51,57.1,57.1,25.2,25.0,gstreamer_multi
2934,117.542,0.00,2.46,15.21,0.14,17.81,17.81,56.2,56.1,25.3,25.0,gstreamer_multi
2935,117.585,0.00,2.57,17.14,0.14,19.86,19.86,50.4,50.4,25.2,25.0,gstreamer_multi
2936,117.624,0.00,2.42,14.84,0.14,17.40,17.40,57.5,57.5,25.2,25.0,gstreamer_multi
2937,117.665,0.00,2.45,14.60,0.15,17.20,17.20,58.1,58.1,25.1,25.0,gstreamer_multi
2938,117.700,0.00,2.56,9.51,0.16,12.23,12.23,81.8,81.7,24.9,25.0,gstreamer_multi
2939,117.739,0.00,2.54,9.57,0.16,12.26,12.26,81.5,81.5,25.1,25.0,gstreamer_multi
2940,117.779,0.00,2.45,9.61,0.14,12.20,12.21,81.9,81.9,24.9,25.0,gstreamer_multi
2941,117.816,0.00,2.87,9.90,0.15,12.92,12.92,77.4,77.4,25.5,25.0,gstreamer_multi
2942,117.865,0.00,2.54,9.66,0.15,12.35,12.35,81.0,80.9,25.1,25.0,gstreamer_multi
2943,117.904,0.00,2.51,14.23,0.19,16.93,16.93,59.1,59.1,25.4,25.0,gstreamer_multi
2944,117.950,0.00,2.45,14.65,0.16,17.26,17.27,57.9,57.9,25.0,25.0,gstreamer_multi
2945,117.984,0.00,2.49,14.42,0.15,17.05,17.06,58.6,58.6,25.4,25.0,gstreamer_multi
2946,118.024,0.00,2.70,14.62,0.16,17.48,17.49,57.2,57.2,25.3,25.0,gstreamer_multi
2947,118.063,0.00,2.46,14.54,0.15,17.15,17.15,58.3,58.3,25.1,25.0,gstreamer_multi
2948,118.099,0.00,2.57,9.96,0.13,12.65,12.66,79.0,79.0,25.2,25.0,gstreamer_multi
2949,118.140,0.00,2.82,9.78,0.16,12.76,12.76,78.4,78.4,25.0,25.0,gstreamer_multi
2950,118.181,0.00,2.51,9.69,0.15,12.34,12.34,81.0,81.0,24.8,25.0,gstreamer_multi
2951,118.217,0.00,2.53,9.78,0.16,12.46,12.46,80.3,80.2,25.3,25.0,gstreamer_multi
2952,118.258,0.00,2.54,9.49,0.14,12.18,12.18,82.1,82.1,25.4,25.0,gstreamer_multi
2953,118.302,0.00,2.45,14.53,0.16,17.14,17.14,58.3,58.3,25.2,25.0,gstreamer_multi
2954,118.342,0.00,2.58,14.45,0.13,17.17,17.17,58.2,58.2,25.3,25.0,gstreamer_multi
2955,118.383,0.00,2.45,14.38,0.14,16.97,16.97,58.9,58.9,25.3,25.0,gstreamer_multi
2956,118.425,0.00,2.43,14.90,0.14,17.47,17.47,57.2,57.2,25.0,25.0,gstreamer_multi
2957,118.473,0.00,2.52,15.05,0.14,17.70,17.71,56.5,56.5,24.6,25.0,gstreamer_multi
2958,118.499,0.00,2.70,9.72,0.15,12.57,12.57,79.5,79.5,25.0,25.0,gstreamer_multi
2959,118.552,0.00,3.77,13.26,0.13,17.16,17.16,58.3,58.3,24.6,25.0,gstreamer_multi
2960,118.579,0.00,3.06,9.65,0.15,12.87,12.87,77.7,77.7,25.4,25.0,gstreamer_multi
2961,118.614,0.00,2.56,9.60,0.16,12.32,12.32,81.2,81.2,25.2,25.0,gstreamer_multi
2962,118.666,0.00,3.02,9.97,0.18,13.16,13.17,76.0,75.9,24.8,25.0,gstreamer_multi
2963,118.698,0.00,2.76,9.85,0.15,12.77,12.77,78.3,78.3,25.1,25.0,gstreamer_multi
2964,118.749,0.00,3.25,12.27,0.16,15.67,15.67,63.8,63.8,24.8,25.0,gstreamer_multi
2965,118.777,0.00,2.52,10.17,0.15,12.83,12.83,78.0,77.9,25.2,25.0,gstreamer_multi
2966,118.825,0.00,3.14,9.51,0.16,12.80,12.81,78.1,78.1,25.0,25.0,gstreamer_multi
2967,118.856,0.00,2.43,9.74,0.15,12.32,12.32,81.2,81.2,25.2,25.0,gstreamer_multi
2968,118.903,0.00,2.64,9.61,0.16,12.41,12.41,80.6,80.6,25.0,25.0,gstreamer_multi
2969,118.934,0.00,2.50,9.60,0.14,12.25,12.25,81.7,81.6,25.2,25.0,gstreamer_multi
2970,118.983,0.00,3.35,9.52,0.14,13.01,13.02,76.8,76.8,24.9,25.0,gstreamer_multi
2971,119.014,0.00,2.70,9.58,0.15,12.44,12.44,80.4,80.4,25.4,25.0,gstreamer_multi
2972,119.067,0.00,2.61,9.79,0.16,12.57,12.57,79.6,79.6,24.9,25.0,gstreamer_multi
2973,119.103,0.00,2.59,14.71,0.15,17.46,17.46,57.3,57.3,25.3,25.0,gstreamer_multi
2974,119.138,0.00,2.65,14.72,0.14,17.51,17.51,57.1,57.1,24.9,25.0,gstreamer_multi
2975,119.185,0.00,2.50,14.68,0.15,17.33,17.33,57.7,57.7,24.7,25.0,gstreamer_multi
2976,119.232,0.00,2.43,14.54,0.16,17.13,17.13,58.4,58.4,24.6,25.0,gstreamer_multi
2977,119.263,0.00,2.49,14.56,0.14,17.19,17.20,58.2,58.1,24.8,25.0,gstreamer_multi
2978,119.306,0.00,2.36,9.31,0.17,11.85,11.85,84.4,84.4,25.0,25.0,gstreamer_multi
2979,119.337,0.00,2.43,9.60,0.14,12.18,12.18,82.1,82.1,25.2,25.0,gstreamer_multi
2980,119.385,0.00,2.79,9.54,0.15,12.48,12.49,80.1,80.1,25.1,25.0,gstreamer_multi
2981,119.416,0.00,2.70,9.96,0.16,12.83,12.83,78.0,78.0,25.1,25.0,gstreamer_multi
2982,119.459,0.00,2.82,9.80,0.16,12.78,12.78,78.2,78.2,24.9,25.0,gstreamer_multi
2983,119.500,0.00,2.60,14.87,0.14,17.61,17.61,56.8,56.8,25.0,25.0,gstreamer_multi
2984,119.541,0.00,2.57,15.05,0.14,17.75,17.75,56.3,56.3,25.2,25.0,gstreamer_multi
2985,119.582,0.00,2.46,14.75,0.14,17.34,17.34,57.7,57.7,25.3,25.0,gstreamer_multi
2986,119.623,0.00,2.67,15.49,0.14,18.30,18.30,54.6,54.6,25.5,25.0,gstreamer_multi
2987,119.662,0.00,2.30,14.77,0.13,17.20,17.21,58.1,58.1,24.9,25.0,gstreamer_multi
2988,119.699,0.00,2.51,9.77,0.16,12.44,12.44,80.4,80.4,25.4,25.0,gstreamer_multi
2989,119.740,0.00,2.55,10.04,0.15,12.75,12.75,78.4,78.4,24.9,25.0,gstreamer_multi
2990,119.781,0.00,2.62,9.98,0.15,12.74,12.74,78.5,78.5,24.8,25.0,gstreamer_multi
2991,119.817,0.00,2.45,9.41,0.13,11.99,12.00,83.4,83.4,25.0,25.0,gstreamer_multi
2992,119.859,0.00,2.52,9.74,0.16,12.43,12.43,80.5,80.5,24.9,25.0,gstreamer_multi
2993,119.903,0.00,2.93,15.18,0.14,18.25,18.25,54.8,54.8,25.4,25.0,gstreamer_multi
2994,119.944,0.00,2.51,14.72,0.14,17.36,17.36,57.6,57.6,24.8,25.0,gstreamer_multi
2995,119.985,0.00,2.65,14.95,0.15,17.74,17.75,56.4,56.4,25.0,25.0,gstreamer_multi
2996,120.020,0.00,2.48,14.37,0.19,17.04,17.05,58.7,58.7,24.9,25.0,gstreamer_multi
2997,120.063,0.00,2.49,14.71,0.14,17.34,17.34,57.7,57.7,25.0,25.0,gstreamer_multi
2998,120.099,0.00,2.45,9.68,0.15,12.28,12.28,81.4,81.4,24.8,25.0,gstreamer_multi
2999,120.141,0.00,2.57,9.81,0.13,12.51,12.51,79.9,79.9,24.9,25.0,gstreamer_multi
3000,120.182,0.00,2.56,9.66,0.13,12.35,12.35,81.0,80.9,24.7,25.0,gstreamer_multi
3001,120.217,0.00,2.53,9.53,0.15,12.21,12.21,81.9,81.9,25.0,25.0,gstreamer_multi
3002,120.257,0.00,2.39,9.83,0.14,12.36,12.36,80.9,80.9,25.1,25.0,gstreamer_multi
3003,120.300,0.00,2.61,12.93,0.13,15.67,15.67,63.8,63.8,25.1,25.0,gstreamer_multi
3004,120.343,0.00,2.47,14.50,0.15,17.13,17.13,58.4,58.4,25.3,25.0,gstreamer_multi
3005,120.385,0.00,2.62,14.92,0.15,17.69,17.69,56.5,56.5,25.4,25.0,gstreamer_multi
3006,120.426,0.00,2.70,14.62,0.15,17.47,17.47,57.2,57.2,25.2,25.0,gstreamer_multi
3007,120.462,0.00,2.80,14.80,0.13,17.73,17.73,56.4,56.4,24.9,25.0,gstreamer_multi
3008,120.504,0.00,2.44,9.59,0.17,12.20,12.20,82.0,82.0,24.9,25.0,gstreamer_multi
3009,120.535,0.00,2.51,9.38,0.15,12.05,12.05,83.0,83.0,25.2,25.0,gstreamer_multi
3010,120.585,0.00,2.97,10.08,0.15,13.20,13.21,75.7,75.7,24.5,25.0,gstreamer_multi
3011,120.616,0.00,3.01,10.14,0.16,13.31,13.32,75.1,75.1,25.2,25.0,gstreamer_multi
3012,120.666,0.00,3.08,9.87,0.13,13.08,13.09,76.4,76.4,24.9,25.0,gstreamer_multi
3013,120.702,0.00,2.54,14.46,0.14,17.13,17.13,58.4,58.4,25.0,25.0,gstreamer_multi
3014,120.754,0.00,2.80,14.68,0.13,17.61,17.62,56.8,56.8,24.5,25.0,gstreamer_multi
3015,120.785,0.00,2.53,15.80,0.16,18.48,18.49,54.1,54.1,24.7,25.0,gstreamer_multi
3016,120.833,0.00,2.58,15.25,0.15,17.98,17.98,55.6,55.6,24.6,25.0,gstreamer_multi
3017,120.864,0.00,3.12,14.41,0.13,17.66,17.67,56.6,56.6,24.7,25.0,gstreamer_multi
3018,120.907,0.00,2.64,9.75,0.16,12.54,12.55,79.7,79.7,25.0,25.0,gstreamer_multi
3019,120.938,0.00,2.56,9.92,0.14,12.62,12.62,79.2,79.2,25.2,25.0,gstreamer_multi
3020,120.985,0.00,2.89,9.82,0.15,12.86,12.86,77.8,77.7,25.1,25.0,gstreamer_multi
3021,121.016,0.00,2.83,9.75,0.14,12.72,12.72,78.6,78.6,25.1,25.0,gstreamer_multi
3022,121.068,0.00,3.04,9.52,0.13,12.68,12.69,78.8,78.8,24.9,25.0,gstreamer_multi
3023,121.104,0.00,2.51,14.52,0.16,17.18,17.18,58.2,58.2,24.7,25.0,gstreamer_multi
3024,121.153,0.00,2.69,14.39,0.16,17.23,17.23,58.0,58.0,24.6,25.0,gstreamer_multi
3025,121.185,0.00,3.04,14.52,0.14,17.71,17.71,56.5,56.5,24.7,25.0,gstreamer_multi
3026,121.232,0.00,2.50,15.33,0.14,17.97,17.97,55.6,55.6,24.6,25.0,gstreamer_multi
3027,121.264,0.00,2.98,14.74,0.13,17.86,17.86,56.0,56.0,24.7,25.0,gstreamer_multi
3028,121.307,0.00,2.64,9.58,0.14,12.37,12.37,80.8,80.8,25.0,25.0,gstreamer_multi
3029,121.338,0.00,2.40,9.54,0.16,12.10,12.11,82.7,82.6,25.2,25.0,gstreamer_multi
3030,121.392,0.00,3.24,14.09,0.13,17.46,17.46,57.3,57.3,24.6,25.0,gstreamer_multi
3031,121.419,0.00,2.64,10.15,0.15,12.93,12.94,77.3,77.3,24.7,25.0,gstreamer_multi
3032,121.465,0.00,2.55,9.71,0.16,12.43,12.43,80.5,80.5,25.0,25.0,gstreamer_multi
3033,121.498,0.00,2.41,14.64,0.15,17.20,17.20,58.2,58.1,25.1,25.0,gstreamer_multi
3034,121.538,0.00,2.42,14.14,0.16,16.72,16.73,59.8,59.8,25.1,25.0,gstreamer_multi
3035,121.579,0.00,2.41,14.17,0.13,16.71,16.71,59.8,59.8,25.1,25.0,gstreamer_multi
3036,121.622,0.00,2.67,14.25,0.16,17.08,17.08,58.6,58.6,25.2,25.0,gstreamer_multi
3037,121.662,0.00,2.45,14.59,0.14,17.18,17.18,58.2,58.2,25.1,25.0,gstreamer_multi
3038,121.697,0.00,2.46,9.23,0.13,11.83,11.83,84.6,84.6,24.9,25.0,gstreamer_multi
3039,121.738,0.00,2.56,9.72,0.16,12.43,12.44,80.4,80.4,25.4,25.0,gstreamer_multi
3040,121.779,0.00,2.50,9.90,0.14,12.54,12.54,79.8,79.7,24.9,25.0,gstreamer_multi
3041,121.817,0.00,2.68,10.68,0.14,13.50,13.51,74.1,74.0,25.0,25.0,gstreamer_multi
3042,121.856,0.00,2.47,9.47,0.15,12.09,12.09,82.7,82.7,25.1,25.0,gstreamer_multi
3043,121.904,0.00,2.80,14.67,0.15,17.62,17.62,56.8,56.8,25.4,25.0,gstreamer_multi
3044,121.945,0.00,2.42,15.14,0.14,17.69,17.69,56.5,56.5,25.2,25.0,gstreamer_multi
3045,121.984,0.00,2.46,14.14,0.16,16.75,16.75,59.7,59.7,25.4,25.0,gstreamer_multi
3046,122.026,0.00,2.29,14.62,0.14,17.04,17.04,58.7,58.7,25.2,25.0,gstreamer_multi
3047,122.067,0.00,2.48,14.79,0.14,17.41,17.41,57.4,57.4,25.0,25.0,gstreamer_multi
3048,122.102,0.00,2.39,9.54,0.15,12.08,12.08,82.8,82.8,24.8,25.0,gstreamer_multi
3049,122.142,0.00,2.50,9.47,0.16,12.13,12.13,82.4,82.4,24.9,25.0,gstreamer_multi
3050,122.173,0.00,2.45,9.58,0.14,12.18,12.19,82.1,82.1,25.0,25.0,gstreamer_multi
3051,122.217,0.00,2.61,9.92,0.16,12.69,12.69,78.8,78.8,25.2,25.0,gstreamer_multi
3052,122.260,0.00,2.57,9.36,0.16,12.08,12.08,82.8,82.8,25.2,25.0,gstreamer_multi
3053,122.306,0.00,2.45,14.68,0.14,17.27,17.27,57.9,57.9,25.4,25.0,gstreamer_multi
3054,122.346,0.00,2.45,14.78,0.14,17.36,17.36,57.6,57.6,25.2,25.0,gstreamer_multi
3055,122.384,0.00,2.39,14.37,0.15,16.91,16.92,59.1,59.1,25.3,25.0,gstreamer_multi
3056,122.427,0.00,2.47,14.63,0.18,17.28,17.28,57.9,57.9,25.0,25.0,gstreamer_multi
3057,122.474,0.00,2.37,14.59,0.15,17.12,17.12,58.4,58.4,24.6,25.0,gstreamer_multi
3058,122.500,0.00,2.45,9.58,0.16,12.19,12.19,82.0,82.0,25.0,25.0,gstreamer_multi
3059,122.549,0.00,3.43,9.71,0.15,13.29,13.29,75.3,75.2,25.3,25.0,gstreamer_multi
3060,122.579,0.00,2.34,9.63,0.16,12.12,12.13,82.5,82.5,25.3,25.0,gstreamer_multi
3061,122.616,0.00,2.60,9.31,0.16,12.07,12.07,82.9,82.8,25.2,25.0,gstreamer_multi
3062,122.665,0.00,3.02,9.60,0.41,13.03,13.03,76.8,76.7,24.8,25.0,gstreamer_multi
3063,122.699,0.00,2.60,9.65,0.16,12.41,12.41,80.6,80.6,25.0,25.0,gstreamer_multi
3064,122.747,0.00,2.89,9.41,0.16,12.46,12.46,80.3,80.3,24.9,25.0,gstreamer_multi
3065,122.778,0.00,2.45,9.25,0.16,11.86,11.87,84.3,84.3,25.1,25.0,gstreamer_multi
3066,122.827,0.00,3.69,9.95,0.18,13.82,13.83,72.4,72.3,24.6,25.0,gstreamer_multi
3067,122.856,0.00,2.36,9.40,0.16,11.92,11.92,83.9,83.9,25.1,25.0,gstreamer_multi
3068,122.907,0.00,2.29,14.72,0.13,17.14,17.14,58.3,58.3,24.7,25.0,gstreamer_multi
3069,122.939,0.00,3.01,14.48,0.14,17.63,17.63,56.7,56.7,24.9,25.0,gstreamer_multi
3070,122.986,0.00,2.44,14.44,0.15,17.03,17.03,58.7,58.7,24.7,25.0,gstreamer_multi
3071,123.019,0.00,3.16,14.87,0.15,18.17,18.17,55.0,55.0,25.0,25.0,gstreamer_multi
3072,123.071,0.00,2.63,14.82,0.13,17.58,17.59,56.9,56.9,24.6,25.0,gstreamer_multi
3073,123.097,0.00,3.07,9.55,0.14,12.76,12.77,78.4,78.3,25.1,25.0,gstreamer_multi
3074,123.154,0.00,3.29,14.26,0.15,17.70,17.70,56.5,56.5,24.6,25.0,gstreamer_multi
3075,123.181,0.00,3.63,9.68,0.16,13.47,13.47,74.2,74.2,25.1,25.0,gstreamer_multi
3076,123.228,0.00,2.88,9.44,0.15,12.46,12.47,80.2,80.2,25.0,25.0,gstreamer_multi
3077,123.259,0.00,2.30,9.37,0.15,11.83,11.83,84.6,84.5,25.1,25.0,gstreamer_multi
3078,123.307,0.00,2.76,9.63,0.16,12.54,12.54,79.7,79.7,25.0,25.0,gstreamer_multi
3079,123.337,0.00,2.49,9.27,0.14,11.90,11.90,84.0,84.0,25.0,25.0,gstreamer_multi
3080,123.387,0.00,2.88,10.98,0.14,14.00,14.00,71.4,71.4,24.8,25.0,gstreamer_multi
3081,123.417,0.00,2.57,9.63,0.14,12.34,12.35,81.0,81.0,25.2,25.0,gstreamer_multi
3082,123.467,0.00,2.89,9.79,0.16,12.84,12.85,77.9,77.8,25.0,25.0,gstreamer_multi
3083,123.502,0.00,2.45,14.30,0.16,16.91,16.92,59.1,59.1,25.1,25.0,gstreamer_multi
3084,123.555,0.00,3.59,14.87,0.13,18.59,18.60,53.8,53.8,24.7,25.0,gstreamer_multi
3085,123.584,0.00,2.56,14.55,0.13,17.25,17.25,58.0,58.0,25.0,25.0,gstreamer_multi
3086,123.631,0.00,2.55,14.46,0.14,17.15,17.15,58.3,58.3,25.0,25.0,gstreamer_multi
3087,123.664,0.00,2.42,16.09,0.16,18.66,18.66,53.6,53.6,24.7,25.0,gstreamer_multi
3088,123.705,0.00,2.47,9.53,0.14,12.13,12.14,82.4,82.4,25.0,25.0,gstreamer_multi
3089,123.736,0.00,2.38,9.51,0.18,12.08,12.08,82.8,82.8,25.0,25.0,gstreamer_multi
3090,123.784,0.00,2.67,9.67,0.16,12.50,12.50,80.0,80.0,24.8,25.0,gstreamer_multi
3091,123.815,0.00,2.58,9.68,0.16,12.42,12.42,80.5,80.5,25.2,25.0,gstreamer_multi
3092,123.868,0.00,3.35,10.22,0.15,13.73,13.73,72.8,72.8,24.5,25.0,gstreamer_multi
3093,123.902,0.00,2.55,14.20,0.16,16.92,16.92,59.1,59.1,24.8,25.0,gstreamer_multi
3094,123.950,0.00,2.47,14.68,0.15,17.31,17.31,57.8,57.8,24.5,25.0,gstreamer_multi
3095,123.981,0.00,2.44,14.53,0.14,17.11,17.11,58.5,58.5,25.2,25.0,gstreamer_multi
3096,124.027,0.00,2.46,14.46,0.15,17.07,17.07,58.6,58.6,24.5,25.0,gstreamer_multi
3097,124.059,0.00,2.44,14.38,0.15,16.97,16.97,58.9,58.9,25.2,25.0,gstreamer_multi
3098,124.101,0.00,2.43,9.31,0.15,11.89,11.90,84.1,84.1,25.2,25.0,gstreamer_multi
3099,124.132,0.00,2.46,9.36,0.14,11.96,11.96,83.6,83.6,25.5,25.0,gstreamer_multi
3100,124.181,0.00,2.57,9.72,0.14,12.43,12.43,80.5,80.4,24.9,25.0,gstreamer_multi
3101,124.217,0.00,2.60,9.77,0.14,12.51,12.51,79.9,79.9,25.6,25.0,gstreamer_multi
3102,124.266,0.00,3.33,9.79,0.14,13.26,13.27,75.4,75.4,24.5,25.0,gstreamer_multi
3103,124.302,0.00,2.47,14.48,0.17,17.12,17.12,58.4,58.4,25.2,25.0,gstreamer_multi
3104,124.351,0.00,2.45,14.80,0.16,17.40,17.40,57.5,57.5,24.5,25.0,gstreamer_multi
3105,124.383,0.00,2.97,14.27,0.15,17.39,17.40,57.5,57.5,24.9,25.0,gstreamer_multi
3106,124.429,0.00,2.47,14.44,0.14,17.05,17.05,58.7,58.6,24.5,25.0,gstreamer_multi
3107,124.462,0.00,2.53,14.42,0.16,17.11,17.11,58.5,58.4,24.8,25.0,gstreamer_multi
3108,124.504,0.00,2.44,9.34,0.15,11.94,11.94,83.8,83.8,24.9,25.0,gstreamer_multi
3109,124.536,0.00,2.42,9.55,0.16,12.13,12.13,82.4,82.4,25.2,25.0,gstreamer_multi
3110,124.584,0.00,2.62,9.55,0.13,12.30,12.30,81.3,81.3,24.9,25.0,gstreamer_multi
3111,124.616,0.00,2.59,9.58,0.14,12.31,12.31,81.3,81.2,25.2,25.0,gstreamer_multi
3112,124.664,0.00,2.47,9.54,0.14,12.15,12.15,82.3,82.3,24.9,25.0,gstreamer_multi
3113,124.702,0.00,2.31,14.48,0.13,16.93,16.93,59.1,59.1,25.2,25.0,gstreamer_multi
3114,124.753,0.00,2.55,14.51,0.18,17.24,17.24,58.0,58.0,24.8,25.0,gstreamer_multi
3115,124.785,0.00,2.46,15.45,0.15,18.06,18.06,55.4,55.4,25.2,25.0,gstreamer_multi
3116,124.832,0.00,2.56,14.50,0.13,17.19,17.19,58.2,58.2,24.8,25.0,gstreamer_multi
3117,124.863,0.00,2.79,14.57,0.13,17.49,17.49,57.2,57.2,24.8,25.0,gstreamer_multi
3118,124.906,0.00,2.43,9.99,0.15,12.57,12.57,79.6,79.5,24.8,25.0,gstreamer_multi
3119,124.938,0.00,2.67,9.64,0.15,12.47,12.47,80.2,80.2,25.1,25.0,gstreamer_multi
3120,124.986,0.00,3.02,9.40,0.13,12.55,12.55,79.7,79.7,24.8,25.0,gstreamer_multi
3121,125.018,0.00,2.76,9.95,0.16,12.87,12.88,77.7,77.7,25.5,25.0,gstreamer_multi
3122,125.065,0.00,3.55,9.61,0.13,13.29,13.30,75.2,75.2,25.2,25.0,gstreamer_multi
3123,125.102,0.00,2.59,14.40,0.13,17.12,17.12,58.4,58.4,25.1,25.0,gstreamer_multi
3124,125.152,0.00,2.60,14.85,0.13,17.58,17.58,56.9,56.9,24.8,25.0,gstreamer_multi
3125,125.184,0.00,2.81,14.61,0.16,17.58,17.58,56.9,56.9,25.1,25.0,gstreamer_multi
3126,125.232,0.00,2.53,14.78,0.25,17.56,17.57,56.9,56.9,24.7,25.0,gstreamer_multi
3127,125.264,0.00,2.58,14.60,0.24,17.42,17.42,57.4,57.4,24.7,25.0,gstreamer_multi
3128,125.307,0.00,2.52,9.82,0.25,12.59,12.59,79.4,79.4,24.7,25.0,gstreamer_multi
3129,125.338,0.00,2.43,9.75,0.27,12.45,12.45,80.3,80.3,25.1,25.0,gstreamer_multi
3130,125.387,0.00,3.20,9.45,0.25,12.90,12.90,77.5,77.5,24.8,25.0,gstreamer_multi
3131,125.419,0.00,2.76,10.28,0.27,13.31,13.31,75.1,75.1,25.5,25.0,gstreamer_multi
3132,125.466,0.00,2.87,9.57,0.24,12.68,12.68,78.9,78.9,25.2,25.0,gstreamer_multi
3133,125.498,0.00,2.47,14.24,0.26,16.97,16.97,58.9,58.9,25.5,25.0,gstreamer_multi
3134,125.538,0.00,2.53,14.52,0.27,17.33,17.33,57.7,57.7,25.3,25.0,gstreamer_multi
3135,125.578,0.00,2.49,14.83,0.26,17.57,17.57,56.9,56.9,25.5,25.0,gstreamer_multi
3136,125.620,0.00,2.66,14.62,0.27,17.55,17.55,57.0,57.0,25.3,25.0,gstreamer_multi
3137,125.662,0.00,2.60,14.45,0.25,17.30,17.30,57.8,57.8,25.1,25.0,gstreamer_multi
3138,125.697,0.00,2.60,9.49,0.24,12.34,12.34,81.0,81.0,24.9,25.0,gstreamer_multi
3139,125.738,0.00,2.47,9.81,0.24,12.52,12.52,79.9,79.9,25.0,25.0,gstreamer_multi
3140,125.779,0.00,2.68,9.66,0.25,12.60,12.60,79.4,79.4,24.8,25.0,gstreamer_multi
3141,125.817,0.00,2.67,10.36,0.26,13.29,13.29,75.3,75.2,25.0,25.0,gstreamer_multi
3142,125.857,0.00,2.66,9.52,0.26,12.44,12.44,80.4,80.4,25.4,25.0,gstreamer_multi
3143,125.903,0.00,2.64,15.01,0.25,17.91,17.91,55.8,55.8,25.5,25.0,gstreamer_multi
3144,125.944,0.00,2.58,14.78,0.25,17.61,17.62,56.8,56.8,25.2,25.0,gstreamer_multi
3145,125.984,0.00,2.71,14.55,0.24,17.50,17.50,57.1,57.1,25.4,25.0,gstreamer_multi
3146,126.025,0.00,2.54,14.36,0.24,17.14,17.14,58.3,58.3,25.2,25.0,gstreamer_multi
3147,126.068,0.00,2.72,15.19,0.25,18.16,18.16,55.1,55.1,25.0,25.0,gstreamer_multi
3148,126.105,0.00,2.59,11.98,0.13,14.71,14.71,68.0,68.0,24.8,25.0,gstreamer_multi
3149,126.133,0.00,2.62,9.68,0.15,12.45,12.45,80.3,80.3,25.2,25.0,gstreamer_multi
3150,126.173,0.00,2.54,9.79,0.14,12.47,12.47,80.2,80.2,25.0,25.0,gstreamer_multi
3151,126.226,0.00,2.59,11.53,0.25,14.37,14.37,69.6,69.6,25.0,25.0,gstreamer_multi
3152,126.259,0.00,2.47,10.32,0.24,13.02,13.02,76.8,76.8,25.2,25.0,gstreamer_multi
3153,126.300,0.00,2.45,9.96,0.23,12.64,12.64,79.1,79.1,25.4,25.0,gstreamer_multi
3154,126.341,0.00,2.52,9.78,0.25,12.55,12.55,79.7,79.7,25.2,25.0,gstreamer_multi
3155,126.385,0.00,2.89,12.22,0.27,15.38,15.39,65.0,65.0,25.4,25.0,gstreamer_multi
3156,126.426,0.00,2.53,13.22,0.24,15.99,15.99,62.5,62.5,25.2,25.0,gstreamer_multi
3157,126.470,0.00,2.50,11.00,0.27,13.77,13.77,72.6,72.6,25.0,25.0,gstreamer_multi
3158,126.505,0.00,2.52,14.82,0.24,17.59,17.59,56.9,56.8,24.6,25.0,gstreamer_multi
3159,126.553,0.00,2.64,14.97,0.33,17.94,17.94,55.7,55.7,24.6,25.0,gstreamer_multi
3160,126.584,0.00,2.65,14.48,0.26,17.39,17.40,57.5,57.5,24.6,25.0,gstreamer_multi
3161,126.619,0.00,2.68,15.45,0.31,18.44,18.44,54.2,54.2,24.9,25.0,gstreamer_multi
3162,126.668,0.00,2.62,14.89,0.26,17.76,17.76,56.3,56.3,24.5,25.0,gstreamer_multi
3163,126.698,0.00,2.94,9.55,0.26,12.74,12.75,78.5,78.5,25.0,25.0,gstreamer_multi
3164,126.746,0.00,2.93,9.62,0.27,12.82,12.83,78.0,78.0,24.8,25.0,gstreamer_multi
3165,126.777,0.00,2.45,9.47,0.26,12.18,12.18,82.1,82.1,25.1,25.0,gstreamer_multi
3166,126.826,0.00,3.21,9.39,0.16,12.75,12.75,78.4,78.4,24.9,25.0,gstreamer_multi
3167,126.857,0.00,2.49,9.62,0.25,12.36,12.36,80.9,80.9,25.1,25.0,gstreamer_multi
3168,126.904,0.00,2.57,9.45,0.26,12.28,12.28,81.4,81.4,25.0,25.0,gstreamer_multi
3169,126.936,0.00,2.48,9.55,0.31,12.33,12.33,81.1,81.1,25.2,25.0,gstreamer_multi
3170,126.983,0.00,2.64,9.62,0.26,12.52,12.52,79.9,79.9,25.1,25.0,gstreamer_multi
3171,127.015,0.00,2.63,9.60,0.25,12.48,12.49,80.1,80.1,25.0,25.0,gstreamer_multi
3172,127.063,0.00,2.48,9.58,0.28,12.35,12.35,81.0,81.0,24.9,25.0,gstreamer_multi
3173,127.102,0.00,2.51,14.28,0.41,17.20,17.21,58.1,58.1,24.7,25.0,gstreamer_multi
3174,127.153,0.00,2.46,14.94,0.26,17.66,17.66,56.6,56.6,24.6,25.0,gstreamer_multi
3175,127.184,0.00,2.95,14.14,0.27,17.36,17.36,57.6,57.6,24.8,25.0,gstreamer_multi
3176,127.231,0.00,2.43,14.53,0.25,17.22,17.22,58.1,58.1,24.7,25.0,gstreamer_multi
3177,127.262,0.00,2.41,14.26,0.26,16.94,16.94,59.0,59.0,24.9,25.0,gstreamer_multi
3178,127.304,0.00,2.42,9.55,0.26,12.23,12.23,81.8,81.8,24.9,25.0,gstreamer_multi
3179,127.337,0.00,2.47,9.50,0.26,12.22,12.23,81.8,81.8,25.0,25.0,gstreamer_multi
3180,127.384,0.00,2.41,10.00,0.27,12.67,12.67,78.9,78.9,25.0,25.0,gstreamer_multi
3181,127.416,0.00,2.81,9.90,0.25,12.96,12.97,77.1,77.1,25.1,25.0,gstreamer_multi
3182,127.463,0.00,2.91,9.57,0.26,12.74,12.75,78.5,78.4,25.0,25.0,gstreamer_multi
3183,127.503,0.00,2.49,14.73,0.25,17.48,17.48,57.2,57.2,25.0,25.0,gstreamer_multi
3184,127.545,0.00,2.62,15.33,0.25,18.20,18.21,54.9,54.9,25.0,25.0,gstreamer_multi
3185,127.585,0.00,3.00,14.67,0.27,17.94,17.94,55.8,55.7,25.0,25.0,gstreamer_multi
3186,127.627,0.00,2.52,14.56,0.24,17.32,17.32,57.7,57.7,25.0,25.0,gstreamer_multi
3187,127.668,0.00,2.56,15.04,0.25,17.84,17.85,56.0,56.0,25.2,25.0,gstreamer_multi
3188,127.693,0.00,2.46,9.81,0.24,12.52,12.52,79.9,79.9,25.6,25.0,gstreamer_multi
3189,127.734,0.00,2.52,9.08,0.24,11.84,11.84,84.5,84.5,25.3,25.0,gstreamer_multi
3190,127.777,0.00,2.84,10.23,0.27,13.34,13.35,74.9,74.9,25.2,25.0,gstreamer_multi
3191,127.828,0.00,2.65,11.19,0.25,14.09,14.09,71.0,71.0,25.0,25.0,gstreamer_multi
3192,127.856,0.00,2.49,9.51,0.14,12.15,12.15,82.3,82.3,25.0,25.0,gstreamer_multi
3193,127.902,0.00,2.49,9.24,0.15,11.89,11.89,84.1,84.1,25.0,25.0,gstreamer_multi
3194,127.932,0.00,2.56,9.23,0.13,11.92,11.92,83.9,83.9,25.1,25.0,gstreamer_multi
3195,127.975,0.00,2.73,9.71,0.16,12.60,12.60,79.4,79.4,25.1,25.0,gstreamer_multi
3196,128.017,0.00,2.60,10.35,0.23,13.17,13.18,75.9,75.9,24.9,25.0,gstreamer_multi
3197,128.057,0.00,2.99,9.46,0.14,12.59,12.60,79.4,79.4,25.1,25.0,gstreamer_multi
3198,128.103,0.00,2.75,14.94,0.14,17.83,17.83,56.1,56.1,24.9,25.0,gstreamer_multi
3199,128.144,0.00,2.72,14.78,0.15,17.66,17.66,56.6,56.6,25.0,25.0,gstreamer_multi
3200,128.185,0.00,2.48,14.92,0.27,17.67,17.67,56.6,56.6,24.8,25.0,gstreamer_multi
3201,128.231,0.00,2.51,14.60,0.25,17.36,17.36,57.6,57.6,24.7,25.0,gstreamer_multi
3202,128.262,0.00,2.99,14.73,0.16,17.88,17.88,55.9,55.9,25.1,25.0,gstreamer_multi
3203,128.297,0.00,2.60,9.31,0.13,12.04,12.04,83.1,83.0,25.4,25.0,gstreamer_multi
3204,128.339,0.00,2.54,9.57,0.14,12.25,12.25,81.6,81.6,25.2,25.0,gstreamer_multi
3205,128.381,0.00,2.61,9.96,0.14,12.71,12.71,78.7,78.7,25.3,25.0,gstreamer_multi
3206,128.423,0.00,2.67,9.69,0.16,12.53,12.53,79.8,79.8,25.1,25.0,gstreamer_multi
3207,128.464,0.00,2.46,10.64,0.14,13.23,13.23,75.6,75.6,24.9,25.0,gstreamer_multi
3208,128.498,0.00,2.54,14.77,0.15,17.45,17.46,57.3,57.3,25.0,25.0,gstreamer_multi
3209,128.539,0.00,2.32,14.55,0.13,17.01,17.01,58.8,58.8,25.1,25.0,gstreamer_multi
3210,128.581,0.00,2.49,14.60,0.26,17.35,17.35,57.6,57.6,24.9,25.0,gstreamer_multi
3211,128.627,0.00,2.28,15.00,0.24,17.51,17.51,57.1,57.1,24.8,25.0,gstreamer_multi
3212,128.669,0.00,2.49,14.71,0.15,17.35,17.35,57.6,57.6,24.8,25.0,gstreamer_multi
3213,128.697,0.00,2.49,9.51,0.13,12.13,12.14,82.4,82.4,25.0,25.0,gstreamer_multi
3214,128.738,0.00,2.86,9.41,0.24,12.51,12.51,80.0,80.0,25.1,25.0,gstreamer_multi
3215,128.778,0.00,2.53,9.55,0.24,12.32,12.32,81.2,81.2,25.0,25.0,gstreamer_multi
3216,128.820,0.00,2.50,9.79,0.25,12.54,12.54,79.7,79.7,25.1,25.0,gstreamer_multi
3217,128.861,0.00,2.59,10.01,0.13,12.73,12.73,78.6,78.5,24.8,25.0,gstreamer_multi
3218,128.906,0.00,2.52,14.76,0.15,17.43,17.43,57.4,57.4,24.9,25.0,gstreamer_multi
3219,128.948,0.00,2.47,14.86,0.23,17.56,17.57,56.9,56.9,24.9,25.0,gstreamer_multi
3220,128.978,0.00,2.34,14.88,0.24,17.46,17.46,57.3,57.3,25.5,25.0,gstreamer_multi
3221,129.024,0.00,2.49,14.49,0.25,17.23,17.23,58.0,58.0,24.8,25.0,gstreamer_multi
3222,129.062,0.00,2.50,14.43,0.26,17.19,17.20,58.2,58.1,24.9,25.0,gstreamer_multi
3223,129.096,0.00,2.60,9.55,0.25,12.40,12.41,80.6,80.6,24.8,25.0,gstreamer_multi
3224,129.137,0.00,2.48,9.40,0.26,12.14,12.14,82.4,82.4,25.0,25.0,gstreamer_multi
3225,129.178,0.00,2.53,9.59,0.24,12.36,12.36,80.9,80.9,25.0,25.0,gstreamer_multi
3226,129.219,0.00,2.74,9.79,0.16,12.69,12.69,78.8,78.8,25.0,25.0,gstreamer_multi
3227,129.259,0.00,2.60,9.52,0.14,12.26,12.26,81.6,81.5,25.0,25.0,gstreamer_multi
3228,129.304,0.00,2.56,14.53,0.13,17.23,17.23,58.0,58.0,25.0,25.0,gstreamer_multi
3229,129.345,0.00,2.53,15.06,0.14,17.73,17.73,56.4,56.4,25.0,25.0,gstreamer_multi
3230,129.385,0.00,2.57,14.83,0.26,17.66,17.66,56.6,56.6,25.4,25.0,gstreamer_multi
3231,129.431,0.00,2.42,14.52,0.26,17.20,17.20,58.1,58.1,24.8,25.0,gstreamer_multi
3232,129.462,0.00,2.53,14.56,0.23,17.32,17.32,57.7,57.7,24.9,25.0,gstreamer_multi
3233,129.498,0.00,2.76,9.70,0.15,12.61,12.61,79.3,79.3,25.2,25.0,gstreamer_multi
3234,129.547,0.00,4.07,9.45,0.16,13.67,13.67,73.2,73.1,24.7,25.0,gstreamer_multi
3235,129.576,0.00,2.92,9.55,0.14,12.61,12.61,79.3,79.3,25.2,25.0,gstreamer_multi
3236,129.627,0.00,3.31,10.16,0.32,13.79,13.79,72.5,72.5,24.7,25.0,gstreamer_multi
3237,129.657,0.00,2.51,9.59,0.34,12.44,12.44,80.4,80.4,25.0,25.0,gstreamer_multi
3238,129.711,0.00,3.07,14.87,0.32,18.25,18.26,54.8,54.8,24.5,25.0,gstreamer_multi
3239,129.742,0.00,2.79,14.54,0.33,17.67,17.67,56.6,56.6,24.8,25.0,gstreamer_multi
3240,129.791,0.00,2.57,17.34,0.32,20.23,20.23,49.4,49.4,24.9,25.0,gstreamer_multi
3241,129.821,0.00,2.65,15.29,0.34,18.28,18.29,54.7,54.7,25.0,25.0,gstreamer_multi
3242,129.870,0.00,2.65,15.05,0.34,18.04,18.04,55.4,55.4,24.6,25.0,gstreamer_multi
3243,129.896,0.00,3.67,10.44,0.33,14.44,14.45,69.2,69.2,25.1,25.0,gstreamer_multi
3244,129.949,0.00,2.96,9.62,0.45,13.04,13.04,76.7,76.7,24.6,25.0,gstreamer_multi
3245,129.979,0.00,2.98,9.68,0.34,13.00,13.01,76.9,76.9,25.1,25.0,gstreamer_multi
3246,130.028,0.00,3.76,9.80,0.32,13.88,13.88,72.1,72.0,24.7,25.0,gstreamer_multi
3247,130.058,0.00,2.91,9.74,0.36,13.01,13.01,76.9,76.8,25.2,25.0,gstreamer_multi
3248,130.107,0.00,2.72,10.76,0.45,13.93,13.94,71.8,71.8,24.7,25.0,gstreamer_multi
3249,130.136,0.00,2.43,9.54,0.36,12.33,12.33,81.1,81.1,25.0,25.0,gstreamer_multi
3250,130.185,0.00,2.77,10.02,0.37,13.16,13.16,76.0,76.0,25.0,25.0,gstreamer_multi
3251,130.216,0.00,2.79,10.16,0.39,13.33,13.33,75.0,75.0,25.3,25.0,gstreamer_multi
3252,130.264,0.00,2.90,9.75,0.36,13.01,13.01,76.9,76.8,24.9,25.0,gstreamer_multi
3253,130.303,0.00,2.64,14.41,0.39,17.44,17.44,57.3,57.3,24.8,25.0,gstreamer_multi
3254,130.350,0.00,2.47,14.51,0.37,17.36,17.36,57.6,57.6,24.6,25.0,gstreamer_multi
3255,130.381,0.00,2.49,14.90,0.34,17.72,17.73,56.4,56.4,24.8,25.0,gstreamer_multi
3256,130.430,0.00,2.40,14.53,0.33,17.26,17.26,57.9,57.9,24.6,25.0,gstreamer_multi
3257,130.462,0.00,3.25,14.61,0.32,18.18,18.18,55.0,55.0,24.9,25.0,gstreamer_multi
3258,130.503,0.00,2.49,9.42,0.32,12.23,12.23,81.8,81.8,24.9,25.0,gstreamer_multi
3259,130.534,0.00,2.58,9.79,0.33,12.71,12.71,78.7,78.7,25.2,25.0,gstreamer_multi
3260,130.574,0.00,2.64,9.91,0.34,12.88,12.88,77.6,77.6,25.5,25.0,gstreamer_multi
3261,130.615,0.00,2.55,9.81,0.33,12.69,12.69,78.8,78.8,25.3,25.0,gstreamer_multi
3262,130.661,0.00,2.91,10.72,0.33,13.96,13.97,71.6,71.6,24.9,25.0,gstreamer_multi
3263,130.707,0.00,2.50,15.37,0.31,18.19,18.19,55.0,55.0,25.3,25.0,gstreamer_multi
3264,130.748,0.00,2.48,14.81,0.32,17.61,17.61,56.8,56.8,24.8,25.0,gstreamer_multi
3265,130.778,0.00,2.45,14.68,0.33,17.46,17.46,57.3,57.3,25.5,25.0,gstreamer_multi
3266,130.820,0.00,2.49,14.50,0.34,17.34,17.34,57.7,57.7,24.9,25.0,gstreamer_multi
3267,130.860,0.00,2.57,14.34,0.33,17.24,17.24,58.0,58.0,25.5,25.0,gstreamer_multi
3268,130.901,0.00,2.36,14.69,0.34,17.38,17.38,57.5,57.5,25.2,25.0,gstreamer_multi
3269,130.938,0.00,2.40,9.99,0.35,12.75,12.75,78.5,78.4,25.4,25.0,gstreamer_multi
3270,130.978,0.00,2.46,9.76,0.35,12.57,12.57,79.6,79.5,25.2,25.0,gstreamer_multi
3271,131.015,0.00,2.50,9.99,0.32,12.81,12.81,78.1,78.0,25.3,25.0,gstreamer_multi
3272,131.056,0.00,2.52,9.77,0.33,12.62,12.62,79.2,79.2,25.1,25.0,gstreamer_multi
3273,131.096,0.00,2.60,9.52,0.31,12.43,12.43,80.4,80.4,25.5,25.0,gstreamer_multi
3274,131.137,0.00,2.50,9.23,0.33,12.07,12.07,82.9,82.9,24.9,25.0,gstreamer_multi
3275,131.179,0.00,2.53,9.67,0.33,12.52,12.53,79.8,79.8,25.4,25.0,gstreamer_multi
3276,131.220,0.00,2.47,9.87,0.33,12.68,12.68,78.9,78.9,24.9,25.0,gstreamer_multi
3277,131.259,0.00,2.44,10.46,0.33,13.23,13.24,75.6,75.5,25.4,25.0,gstreamer_multi
3278,131.304,0.00,2.49,14.84,0.32,17.66,17.66,56.6,56.6,24.9,25.0,gstreamer_multi
3279,131.344,0.00,2.40,14.59,0.32,17.30,17.30,57.8,57.8,25.0,25.0,gstreamer_multi
3280,131.384,0.00,2.51,14.67,0.38,17.56,17.56,56.9,56.9,24.8,25.0,gstreamer_multi
3281,131.431,0.00,2.57,15.00,0.37,17.93,17.94,55.8,55.8,24.8,25.0,gstreamer_multi
3282,131.470,0.00,2.51,14.99,0.34,17.85,17.85,56.0,56.0,25.1,25.0,gstreamer_multi
3283,131.496,0.00,2.45,9.44,0.34,12.24,12.24,81.7,81.7,25.4,25.0,gstreamer_multi
3284,131.537,0.00,2.45,9.58,0.36,12.39,12.39,80.7,80.7,25.2,25.0,gstreamer_multi
3285,131.579,0.00,2.58,10.03,0.34,12.95,12.95,77.2,77.2,25.4,25.0,gstreamer_multi
3286,131.619,0.00,2.49,9.75,0.37,12.61,12.61,79.3,79.3,25.1,25.0,gstreamer_multi
3287,131.659,0.00,2.44,9.86,0.35,12.65,12.65,79.1,79.0,25.1,25.0,gstreamer_multi
3288,131.699,0.00,2.47,10.05,0.31,12.83,12.84,77.9,77.9,24.9,25.0,gstreamer_multi
3289,131.740,0.00,2.44,9.73,0.32,12.49,12.50,80.0,80.0,24.9,25.0,gstreamer_multi
3290,131.780,0.00,2.58,9.53,0.32,12.44,12.44,80.4,80.4,24.8,25.0,gstreamer_multi
3291,131.816,0.00,2.49,9.73,0.29,12.50,12.51,80.0,80.0,25.2,25.0,gstreamer_multi
3292,131.866,0.00,3.17,9.64,0.31,13.12,13.12,76.2,76.2,24.9,25.0,gstreamer_multi
3293,131.903,0.00,2.70,14.67,0.32,17.69,17.69,56.5,56.5,24.9,25.0,gstreamer_multi
3294,131.951,0.00,2.62,14.85,0.32,17.79,17.80,56.2,56.2,24.5,25.0,gstreamer_multi
3295,131.981,0.00,2.72,14.42,0.30,17.44,17.44,57.3,57.3,24.7,25.0,gstreamer_multi
3296,132.029,0.00,2.50,14.63,0.33,17.45,17.45,57.3,57.3,24.6,25.0,gstreamer_multi
3297,132.065,0.00,2.54,18.77,0.29,21.60,21.60,46.3,46.3,24.8,25.0,gstreamer_multi
3298,132.104,0.00,2.53,9.77,0.33,12.63,12.63,79.2,79.2,25.0,25.0,gstreamer_multi
3299,132.137,0.00,2.38,10.57,0.35,13.29,13.29,75.2,75.2,25.1,25.0,gstreamer_multi
3300,132.184,0.00,2.62,10.40,0.15,13.17,13.17,76.0,75.9,25.0,25.0,gstreamer_multi
3301,132.216,0.00,2.95,10.86,0.17,13.98,13.98,71.5,71.5,25.0,25.0,gstreamer_multi
3302,132.265,0.00,3.83,9.88,0.14,13.85,13.86,72.2,72.2,24.9,25.0,gstreamer_multi
3303,132.305,0.00,2.52,17.61,0.15,20.29,20.29,49.3,49.3,24.7,25.0,gstreamer_multi
3304,132.352,0.00,2.48,14.61,0.38,17.48,17.48,57.2,57.2,24.6,25.0,gstreamer_multi
3305,132.386,0.00,2.57,17.35,0.19,20.12,20.12,49.7,49.7,24.8,25.0,gstreamer_multi
3306,132.430,0.00,2.51,15.05,0.15,17.71,17.71,56.5,56.5,24.7,25.0,gstreamer_multi
3307,132.464,0.00,3.00,18.49,0.14,21.63,21.63,46.2,46.2,24.8,25.0,gstreamer_multi
3308,132.505,0.00,2.53,10.51,0.14,13.19,13.19,75.8,75.8,25.0,25.0,gstreamer_multi
3309,132.535,0.00,2.46,9.78,0.16,12.41,12.41,80.6,80.6,25.2,25.0,gstreamer_multi
3310,132.583,0.00,2.49,10.26,0.14,12.89,12.89,77.6,77.6,25.2,25.0,gstreamer_multi
3311,132.616,0.00,2.76,10.98,0.16,13.91,13.92,71.9,71.9,25.3,25.0,gstreamer_multi
3312,132.665,0.00,2.65,9.61,0.14,12.39,12.39,80.7,80.7,24.9,25.0,gstreamer_multi
3313,132.705,0.00,2.64,16.95,0.13,19.71,19.71,50.7,50.7,24.8,25.0,gstreamer_multi
3314,132.750,0.00,2.49,14.70,0.27,17.47,17.47,57.3,57.2,24.6,25.0,gstreamer_multi
3315,132.783,0.00,3.46,14.83,0.16,18.45,18.46,54.2,54.2,24.8,25.0,gstreamer_multi
3316,132.832,0.00,2.51,17.26,0.14,19.90,19.91,50.2,50.2,24.6,25.0,gstreamer_multi
3317,132.864,0.00,2.99,16.90,0.25,20.14,20.14,49.6,49.6,24.8,25.0,gstreamer_multi
3318,132.905,0.00,2.38,11.21,0.15,13.74,13.74,72.8,72.8,25.0,25.0,gstreamer_multi
3319,132.936,0.00,2.27,11.14,0.18,13.59,13.60,73.6,73.6,24.9,25.0,gstreamer_multi
3320,132.983,0.00,2.57,10.96,0.27,13.80,13.80,72.5,72.4,24.9,25.0,gstreamer_multi
3321,133.014,0.00,2.77,10.10,0.16,13.02,13.02,76.8,76.8,25.4,25.0,gstreamer_multi
3322,133.065,0.00,3.47,10.78,0.14,14.38,14.39,69.5,69.5,25.2,25.0,gstreamer_multi
3323,133.105,0.00,2.79,16.78,0.25,19.82,19.82,50.5,50.5,25.2,25.0,gstreamer_multi
3324,133.150,0.00,2.61,14.57,0.15,17.33,17.34,57.7,57.7,24.8,25.0,gstreamer_multi
3325,133.185,0.00,3.04,17.70,0.17,20.90,20.90,47.8,47.8,25.2,25.0,gstreamer_multi
3326,133.229,0.00,2.58,14.19,0.25,17.02,17.02,58.8,58.7,24.9,25.0,gstreamer_multi
3327,133.259,0.00,2.49,14.47,0.16,17.12,17.12,58.4,58.4,24.9,25.0,gstreamer_multi
3328,133.303,0.00,2.59,10.66,0.16,13.41,13.42,74.6,74.5,24.9,25.0,gstreamer_multi
3329,133.333,0.00,2.43,9.88,0.17,12.49,12.49,80.1,80.1,25.2,25.0,gstreamer_multi
3330,133.381,0.00,2.76,9.96,0.15,12.87,12.88,77.7,77.7,24.9,25.0,gstreamer_multi
3331,133.414,0.00,2.54,9.92,0.28,12.74,12.74,78.5,78.5,25.2,25.0,gstreamer_multi
3332,133.464,0.00,3.41,10.03,0.17,13.61,13.61,73.5,73.5,24.9,25.0,gstreamer_multi
3333,133.499,0.00,3.14,14.47,0.27,17.87,17.88,55.9,55.9,25.2,25.0,gstreamer_multi
3334,133.550,0.00,2.50,14.94,0.28,17.72,17.72,56.4,56.4,24.8,25.0,gstreamer_multi
3335,133.582,0.00,3.07,14.60,0.22,17.89,17.89,55.9,55.9,25.1,25.0,gstreamer_multi
3336,133.630,0.00,2.71,14.65,0.13,17.49,17.49,57.2,57.2,24.8,25.0,gstreamer_multi
3337,133.661,0.00,3.09,14.62,0.14,17.85,17.86,56.0,56.0,24.8,25.0,gstreamer_multi
3338,133.704,0.00,2.50,10.68,0.16,13.33,13.34,75.0,75.0,24.8,25.0,gstreamer_multi
3339,133.735,0.00,2.62,10.20,0.27,13.10,13.10,76.4,76.3,25.2,25.0,gstreamer_multi
3340,133.784,0.00,2.61,12.00,0.14,14.75,14.75,67.8,67.8,24.6,25.0,gstreamer_multi
3341,133.818,0.00,2.70,10.82,0.22,13.74,13.74,72.8,72.8,25.2,25.0,gstreamer_multi
3342,133.865,0.00,3.32,10.95,0.15,14.42,14.42,69.3,69.3,25.2,25.0,gstreamer_multi
3343,133.903,0.00,2.57,15.10,0.16,17.83,17.84,56.1,56.1,25.2,25.0,gstreamer_multi
3344,133.950,0.00,2.74,14.41,0.17,17.31,17.32,57.8,57.7,25.1,25.0,gstreamer_multi
3345,133.982,0.00,2.45,15.44,0.17,18.07,18.07,55.3,55.3,25.4,25.0,gstreamer_multi
3346,134.024,0.00,2.66,14.61,0.27,17.53,17.54,57.0,57.0,25.2,25.0,gstreamer_multi
3347,134.066,0.00,2.63,14.73,0.15,17.50,17.51,57.1,57.1,24.9,25.0,gstreamer_multi
3348,134.101,0.00,2.43,9.54,0.15,12.11,12.12,82.5,82.5,25.1,25.0,gstreamer_multi
3349,134.144,0.00,2.59,10.88,0.25,13.71,13.71,72.9,72.9,24.9,25.0,gstreamer_multi
3350,134.172,0.00,2.48,9.28,0.16,11.92,11.92,83.9,83.9,24.9,25.0,gstreamer_multi
3351,134.230,0.00,4.01,10.82,0.25,15.09,15.09,66.3,66.3,24.6,25.0,gstreamer_multi
3352,134.260,0.00,3.57,10.63,0.15,14.34,14.35,69.7,69.7,25.2,25.0,gstreamer_multi
3353,134.303,0.00,2.55,14.28,0.15,16.99,16.99,58.9,58.9,25.4,25.0,gstreamer_multi
3354,134.344,0.00,2.52,14.29,0.26,17.06,17.06,58.6,58.6,25.2,25.0,gstreamer_multi
3355,134.384,0.00,2.39,14.78,0.16,17.33,17.33,57.7,57.7,25.3,25.0,gstreamer_multi
3356,134.425,0.00,2.49,14.47,0.14,17.09,17.09,58.5,58.5,25.1,25.0,gstreamer_multi
3357,134.460,0.00,2.53,14.27,0.14,16.94,16.95,59.0,59.0,24.8,25.0,gstreamer_multi
3358,134.503,0.00,2.42,9.37,0.14,11.93,11.93,83.8,83.8,24.8,25.0,gstreamer_multi
3359,134.536,0.00,2.65,9.47,0.16,12.28,12.29,81.4,81.4,25.1,25.0,gstreamer_multi
3360,134.583,0.00,2.83,9.40,0.17,12.40,12.40,80.6,80.6,24.8,25.0,gstreamer_multi
3361,134.617,0.00,2.76,11.37,0.14,14.28,14.28,70.0,70.0,25.5,25.0,gstreamer_multi
3362,134.664,0.00,2.53,10.82,0.16,13.51,13.51,74.0,74.0,25.2,25.0,gstreamer_multi
3363,134.702,0.00,2.61,14.54,0.16,17.30,17.30,57.8,57.8,25.2,25.0,gstreamer_multi
3364,134.753,0.00,2.51,17.96,0.25,20.72,20.72,48.3,48.3,24.8,25.0,gstreamer_multi
3365,134.782,0.00,2.82,14.79,0.16,17.77,17.77,56.3,56.3,25.2,25.0,gstreamer_multi
3366,134.832,0.00,2.48,18.44,0.14,21.05,21.06,47.5,47.5,24.8,25.0,gstreamer_multi
3367,134.860,0.00,2.46,14.74,0.14,17.35,17.35,57.6,57.6,24.9,25.0,gstreamer_multi
3368,134.903,0.00,2.59,10.49,0.26,13.35,13.35,74.9,74.9,24.8,25.0,gstreamer_multi
3369,134.950,0.00,2.65,10.10,0.17,12.92,12.92,77.4,77.4,25.2,25.0,gstreamer_multi
3370,134.982,0.00,2.54,10.35,0.25,13.14,13.14,76.1,76.1,24.9,25.0,gstreamer_multi
3371,135.030,0.00,3.35,9.93,0.45,13.73,13.73,72.8,72.8,24.8,25.0,gstreamer_multi
3372,135.065,0.00,2.40,10.46,0.25,13.11,13.12,76.3,76.2,25.2,25.0,gstreamer_multi
3373,135.100,0.00,3.14,14.77,0.15,18.07,18.07,55.4,55.3,25.2,25.0,gstreamer_multi
3374,135.152,0.00,2.84,14.20,0.15,17.19,17.19,58.2,58.2,24.5,25.0,gstreamer_multi
3375,135.184,0.00,3.13,14.79,0.17,18.09,18.09,55.3,55.3,24.8,25.0,gstreamer_multi
3376,135.230,0.00,2.57,14.91,0.13,17.61,17.61,56.8,56.8,24.7,25.0,gstreamer_multi
3377,135.261,0.00,2.62,14.30,0.15,17.07,17.08,58.6,58.6,24.9,25.0,gstreamer_multi
3378,135.305,0.00,2.51,10.48,0.16,13.16,13.16,76.0,76.0,25.1,25.0,gstreamer_multi
3379,135.336,0.00,2.45,10.06,0.15,12.66,12.66,79.0,79.0,25.0,25.0,gstreamer_multi
3380,135.383,0.00,2.75,9.72,0.21,12.67,12.68,78.9,78.9,25.4,25.0,gstreamer_multi
3381,135.415,0.00,2.68,9.87,0.16,12.72,12.72,78.6,78.6,25.2,25.0,gstreamer_multi
3382,135.465,0.00,2.37,12.85,0.14,15.36,15.37,65.1,65.1,25.0,25.0,gstreamer_multi
3383,135.509,0.00,2.58,16.69,0.16,19.43,19.43,51.5,51.5,24.7,25.0,gstreamer_multi
3384,135.538,0.00,2.51,14.46,0.16,17.14,17.14,58.3,58.3,25.1,25.0,gstreamer_multi
3385,135.580,0.00,2.50,14.64,0.16,17.30,17.30,57.8,57.8,25.1,25.0,gstreamer_multi
3386,135.620,0.00,2.58,14.54,0.26,17.38,17.38,57.5,57.5,25.3,25.0,gstreamer_multi
3387,135.662,0.00,2.67,14.77,0.16,17.60,17.60,56.8,56.8,25.1,25.0,gstreamer_multi
3388,135.697,0.00,2.70,9.50,0.25,12.45,12.46,80.3,80.3,24.9,25.0,gstreamer_multi
3389,135.737,0.00,2.47,10.44,0.25,13.16,13.16,76.0,76.0,25.0,25.0,gstreamer_multi
3390,135.779,0.00,2.39,9.98,0.16,12.53,12.53,79.8,79.8,24.8,25.0,gstreamer_multi
3391,135.815,0.00,2.39,9.76,0.14,12.29,12.29,81.4,81.4,25.0,25.0,gstreamer_multi
3392,135.857,0.00,2.49,10.75,0.16,13.40,13.40,74.6,74.6,25.4,25.0,gstreamer_multi
3393,135.900,0.00,2.56,14.97,0.27,17.80,17.80,56.2,56.2,25.5,25.0,gstreamer_multi
3394,135.941,0.00,2.50,14.50,0.14,17.14,17.14,58.3,58.3,25.2,25.0,gstreamer_multi
3395,135.982,0.00,2.36,14.95,0.14,17.45,17.45,57.3,57.3,25.4,25.0,gstreamer_multi
3396,136.023,0.00,2.63,14.52,0.16,17.30,17.31,57.8,57.8,25.2,25.0,gstreamer_multi
3397,136.062,0.00,2.43,14.54,0.28,17.25,17.25,58.0,58.0,25.0,25.0,gstreamer_multi
3398,136.099,0.00,2.43,9.57,0.25,12.25,12.25,81.6,81.6,25.1,25.0,gstreamer_multi
3399,136.145,0.00,2.89,13.60,0.27,16.76,16.76,59.7,59.7,24.9,25.0,gstreamer_multi
3400,136.185,0.00,2.51,12.72,0.51,15.73,15.73,63.6,63.6,25.1,25.0,gstreamer_multi
3401,136.214,0.00,2.81,9.95,0.33,13.10,13.10,76.3,76.3,25.2,25.0,gstreamer_multi
3402,136.266,0.00,2.48,11.02,0.51,14.01,14.01,71.4,71.4,24.6,25.0,gstreamer_multi
3403,136.310,0.00,2.52,15.05,0.34,17.91,17.93,55.8,55.8,25.3,25.0,gstreamer_multi
3404,136.340,0.00,2.53,14.72,0.36,17.61,17.62,56.8,56.8,25.3,25.0,gstreamer_multi
3405,136.381,0.00,2.63,14.73,0.41,17.78,17.78,56.3,56.2,25.2,25.0,gstreamer_multi
3406,136.430,0.00,2.47,17.25,0.37,20.09,20.10,49.8,49.7,24.9,25.0,gstreamer_multi
3407,136.459,0.00,3.10,14.70,0.42,18.22,18.22,54.9,54.9,24.9,25.0,gstreamer_multi
3408,136.503,0.00,2.47,12.47,0.40,15.34,15.34,65.2,65.2,24.6,25.0,gstreamer_multi
3409,136.548,0.00,2.41,10.01,0.42,12.84,12.84,77.9,77.9,24.9,25.0,gstreamer_multi
3410,136.579,0.00,2.48,9.82,0.43,12.73,12.73,78.6,78.6,24.9,25.0,gstreamer_multi
3411,136.614,0.00,2.64,9.63,0.40,12.67,12.68,78.9,78.9,25.2,25.0,gstreamer_multi
3412,136.664,0.00,3.12,10.72,0.38,14.23,14.23,70.3,70.3,25.3,25.0,gstreamer_multi
3413,136.701,0.00,2.67,14.45,0.44,17.55,17.55,57.0,57.0,24.7,25.0,gstreamer_multi
3414,136.748,0.00,2.31,14.77,0.56,17.64,17.64,56.7,56.7,24.6,25.0,gstreamer_multi
3415,136.780,0.00,3.14,14.31,0.38,17.83,17.83,56.1,56.1,24.8,25.0,gstreamer_multi
3416,136.827,0.00,2.44,14.60,0.39,17.44,17.44,57.3,57.3,24.7,25.0,gstreamer_multi
3417,136.874,0.00,2.51,14.80,0.46,17.76,17.77,56.3,56.3,24.5,25.0,gstreamer_multi
3418,136.900,0.00,2.50,9.38,0.43,12.32,12.32,81.2,81.2,25.0,25.0,gstreamer_multi
3419,136.947,0.00,2.48,9.53,0.37,12.38,12.38,80.8,80.8,24.9,25.0,gstreamer_multi
3420,136.979,0.00,2.50,9.62,0.38,12.49,12.50,80.0,80.0,25.1,25.0,gstreamer_multi
3421,137.018,0.00,2.86,11.22,0.51,14.59,14.60,68.5,68.5,24.7,25.0,gstreamer_multi
3422,137.062,0.00,2.99,10.89,0.41,14.29,14.29,70.0,70.0,25.0,25.0,gstreamer_multi
3423,137.098,0.00,2.42,10.71,0.36,13.49,13.49,74.1,74.1,25.1,25.0,gstreamer_multi
3424,137.145,0.00,2.64,9.66,0.36,12.66,12.66,79.0,79.0,24.9,25.0,gstreamer_multi
3425,137.177,0.00,2.51,9.54,0.36,12.42,12.42,80.5,80.5,25.1,25.0,gstreamer_multi
3426,137.228,0.00,2.94,11.40,0.36,14.71,14.71,68.0,68.0,24.6,25.0,gstreamer_multi
3427,137.257,0.00,3.02,9.72,0.36,13.09,13.09,76.4,76.4,25.1,25.0,gstreamer_multi
3428,137.309,0.00,2.29,14.48,0.42,17.20,17.20,58.2,58.1,24.7,25.0,gstreamer_multi
3429,137.342,0.00,2.44,14.49,0.42,17.36,17.36,57.6,57.6,24.9,25.0,gstreamer_multi
3430,137.389,0.00,2.72,14.50,0.43,17.65,17.65,56.7,56.7,24.4,25.0,gstreamer_multi
3431,137.425,0.00,2.49,19.39,0.46,22.35,22.35,44.8,44.7,25.2,25.0,gstreamer_multi
3432,137.468,0.00,2.54,14.26,0.41,17.20,17.20,58.1,58.1,24.9,25.0,gstreamer_multi
3433,137.502,0.00,2.46,10.87,0.36,13.69,13.69,73.1,73.1,24.9,25.0,gstreamer_multi
3434,137.541,0.00,2.45,9.67,0.40,12.51,12.51,79.9,79.9,25.1,25.0,gstreamer_multi
3435,137.581,0.00,2.42,8.99,0.37,11.78,11.78,84.9,84.9,25.2,25.0,gstreamer_multi
3436,137.614,0.00,2.36,9.48,0.42,12.26,12.27,81.5,81.5,25.2,25.0,gstreamer_multi
3437,137.656,0.00,2.37,11.14,0.41,13.93,13.93,71.8,71.8,25.3,25.0,gstreamer_multi
3438,137.698,0.00,2.33,10.70,0.36,13.40,13.40,74.6,74.6,25.1,25.0,gstreamer_multi
3439,137.740,0.00,2.37,10.82,0.37,13.56,13.56,73.7,73.7,24.9,25.0,gstreamer_multi
3440,137.781,0.00,2.49,10.93,0.40,13.82,13.82,72.4,72.4,24.8,25.0,gstreamer_multi
3441,137.815,0.00,2.50,9.84,0.41,12.75,12.75,78.4,78.4,25.0,25.0,gstreamer_multi
3442,137.857,0.00,2.46,10.71,0.41,13.58,13.58,73.7,73.7,25.3,25.0,gstreamer_multi
3443,137.902,0.00,2.54,14.72,0.36,17.62,17.62,56.7,56.7,25.3,25.0,gstreamer_multi
3444,137.943,0.00,2.42,14.69,0.41,17.52,17.52,57.1,57.1,25.1,25.0,gstreamer_multi
3445,137.984,0.00,2.51,14.67,0.42,17.59,17.61,56.8,56.8,25.1,25.0,gstreamer_multi
3446,138.032,0.00,2.43,15.84,0.40,18.66,18.66,53.6,53.6,25.0,25.0,gstreamer_multi
3447,138.064,0.00,3.66,15.02,0.14,18.82,18.82,53.1,53.1,24.7,25.0,gstreamer_multi
3448,138.108,0.00,2.51,12.54,0.13,15.17,15.18,65.9,65.9,24.7,25.0,gstreamer_multi
3449,138.136,0.00,2.50,9.11,0.17,11.78,11.78,84.9,84.9,25.1,25.0,gstreamer_multi
3450,138.184,0.00,2.51,10.48,0.16,13.15,13.15,76.1,76.0,25.1,25.0,gstreamer_multi
3451,138.215,0.00,2.56,9.48,0.17,12.20,12.20,82.0,81.9,25.1,25.0,gstreamer_multi
3452,138.265,0.00,2.82,10.96,0.15,13.94,13.94,71.7,71.7,24.9,25.0,gstreamer_multi
3453,138.305,0.00,2.35,18.39,0.18,20.92,20.92,47.8,47.8,24.8,25.0,gstreamer_multi
3454,138.348,0.00,2.51,14.22,0.15,16.88,16.88,59.2,59.2,24.5,25.0,gstreamer_multi
3455,138.381,0.00,3.13,14.80,0.14,18.06,18.07,55.4,55.4,25.2,25.0,gstreamer_multi
3456,138.427,0.00,2.50,14.68,0.14,17.31,17.32,57.8,57.8,24.6,25.0,gstreamer_multi
3457,138.458,0.00,2.85,14.34,0.16,17.35,17.36,57.6,57.6,25.3,25.0,gstreamer_multi
3458,138.499,0.00,2.42,9.39,0.13,11.94,11.94,83.7,83.7,25.3,25.0,gstreamer_multi
3459,138.552,0.00,2.83,13.40,0.14,16.37,16.37,61.1,61.1,24.9,25.0,gstreamer_multi
3460,138.580,0.00,2.98,9.41,0.13,12.52,12.53,79.9,79.8,25.1,25.0,gstreamer_multi
3461,138.627,0.00,2.68,9.63,0.18,12.49,12.49,80.1,80.0,25.2,25.0,gstreamer_multi
3462,138.663,0.00,2.73,9.41,0.16,12.30,12.30,81.3,81.3,25.1,25.0,gstreamer_multi
3463,138.699,0.00,2.56,14.15,0.17,16.87,16.88,59.3,59.3,25.2,25.0,gstreamer_multi
3464,138.750,0.00,2.84,15.00,0.13,17.97,17.97,55.6,55.6,24.7,25.0,gstreamer_multi
3465,138.783,0.00,3.68,14.57,0.19,18.43,18.44,54.2,54.2,24.7,25.0,gstreamer_multi
3466,138.830,0.00,2.62,14.66,0.16,17.44,17.44,57.4,57.3,24.6,25.0,gstreamer_multi
3467,138.861,0.00,2.53,14.16,0.15,16.84,16.84,59.4,59.4,24.8,25.0,gstreamer_multi
3468,138.904,0.00,2.46,10.71,0.17,13.34,13.34,75.0,75.0,25.0,25.0,gstreamer_multi
3469,138.934,0.00,2.44,9.28,0.20,11.92,11.92,83.9,83.9,25.2,25.0,gstreamer_multi
3470,138.983,0.00,3.30,9.97,0.15,13.42,13.42,74.5,74.5,25.1,25.0,gstreamer_multi
3471,139.014,0.00,2.78,10.05,0.15,12.98,12.98,77.0,77.0,25.0,25.0,gstreamer_multi
3472,139.063,0.00,2.97,9.37,0.16,12.51,12.51,80.0,79.9,25.1,25.0,gstreamer_multi
3473,139.101,0.00,2.34,14.45,0.16,16.96,16.96,59.0,58.9,24.9,25.0,gstreamer_multi
3474,139.148,0.00,2.49,14.61,0.14,17.24,17.24,58.0,58.0,24.9,25.0,gstreamer_multi
3475,139.179,0.00,2.39,14.34,0.13,16.86,16.86,59.3,59.3,25.3,25.0,gstreamer_multi
3476,139.227,0.00,2.47,14.55,0.15,17.18,17.18,58.2,58.2,24.9,25.0,gstreamer_multi
3477,139.259,0.00,3.10,14.65,0.16,17.91,17.91,55.8,55.8,25.2,25.0,gstreamer_multi
3478,139.301,0.00,2.72,11.02,0.15,13.89,13.89,72.0,72.0,24.9,25.0,gstreamer_multi
3479,139.347,0.00,2.44,9.78,0.12,12.35,12.35,81.0,81.0,24.9,25.0,gstreamer_multi
3480,139.379,0.00,2.27,10.04,0.14,12.45,12.45,80.3,80.3,24.9,25.0,gstreamer_multi
3481,139.415,0.00,2.61,11.54,0.16,14.31,14.31,69.9,69.9,25.2,25.0,gstreamer_multi
3482,139.463,0.00,2.44,11.16,0.13,13.74,13.74,72.8,72.8,24.9,25.0,gstreamer_multi
3483,139.502,0.00,2.39,14.45,0.16,17.00,17.00,58.8,58.8,25.1,25.0,gstreamer_multi
3484,139.549,0.00,2.39,14.56,0.17,17.12,17.13,58.4,58.4,24.8,25.0,gstreamer_multi
3485,139.581,0.00,3.04,14.38,0.14,17.56,17.56,57.0,57.0,25.1,25.0,gstreamer_multi
3486,139.629,0.00,2.45,14.31,0.14,16.90,16.90,59.2,59.2,24.8,25.0,gstreamer_multi
3487,139.661,0.00,2.76,14.31,0.14,17.21,17.21,58.1,58.1,24.8,25.0,gstreamer_multi
3488,139.704,0.00,2.41,10.70,0.17,13.27,13.28,75.3,75.3,25.5,25.0,gstreamer_multi
3489,139.735,0.00,2.43,10.08,0.17,12.68,12.68,78.9,78.9,25.1,25.0,gstreamer_multi
3490,139.783,0.00,2.62,9.88,0.16,12.66,12.66,79.0,79.0,25.1,25.0,gstreamer_multi
3491,139.814,0.00,2.62,9.31,0.15,12.08,12.08,82.8,82.8,25.2,25.0,gstreamer_multi
3492,139.865,0.00,2.78,10.58,0.15,13.52,13.52,74.0,73.9,24.9,25.0,gstreamer_multi
3493,139.902,0.00,2.46,14.61,0.14,17.21,17.21,58.1,58.1,25.2,25.0,gstreamer_multi
3494,139.950,0.00,2.55,14.50,0.15,17.21,17.21,58.1,58.1,25.1,25.0,gstreamer_multi
3495,139.979,0.00,2.47,14.33,0.15,16.95,16.95,59.0,59.0,25.4,25.0,gstreamer_multi
3496,140.022,0.00,2.49,14.48,0.17,17.13,17.14,58.4,58.4,25.2,25.0,gstreamer_multi
3497,140.061,0.00,2.43,14.26,0.14,16.83,16.83,59.4,59.4,25.0,25.0,gstreamer_multi
3498,140.100,0.00,2.49,13.17,0.13,15.79,15.80,63.3,63.3,24.9,25.0,gstreamer_multi
3499,140.139,0.00,2.47,11.28,0.14,13.89,13.89,72.0,72.0,25.0,25.0,gstreamer_multi
3500,140.178,0.00,2.55,9.78,0.15,12.47,12.48,80.2,80.2,24.8,25.0,gstreamer_multi
3501,140.213,0.00,2.47,9.38,0.16,12.01,12.02,83.3,83.2,24.9,25.0,gstreamer_multi
3502,140.257,0.00,2.42,11.13,0.14,13.70,13.70,73.0,73.0,25.4,25.0,gstreamer_multi
3503,140.295,0.00,2.54,11.47,0.13,14.15,14.15,70.7,70.7,25.4,25.0,gstreamer_multi
3504,140.334,0.00,2.56,9.30,0.16,12.02,12.02,83.2,83.2,25.3,25.0,gstreamer_multi
3505,140.376,0.00,2.49,10.65,0.14,13.28,13.28,75.3,75.3,25.4,25.0,gstreamer_multi
3506,140.417,0.00,2.38,10.17,0.17,12.72,12.72,78.6,78.6,25.2,25.0,gstreamer_multi
3507,140.458,0.00,2.51,9.42,0.15,12.08,12.09,82.8,82.7,25.0,25.0,gstreamer_multi
3508,140.510,0.00,2.38,14.53,0.13,17.04,17.04,58.7,58.7,24.7,25.0,gstreamer_multi
3509,140.542,0.00,2.45,14.33,0.15,16.92,16.92,59.1,59.1,24.7,25.0,gstreamer_multi
3510,140.590,0.00,2.31,14.81,0.14,17.26,17.26,57.9,57.9,24.5,25.0,gstreamer_multi
3511,140.621,0.00,2.89,14.83,0.33,18.04,18.05,55.4,55.4,25.1,25.0,gstreamer_multi
3512,140.668,0.00,2.47,14.74,0.34,17.56,17.56,56.9,56.9,24.9,25.0,gstreamer_multi
3513,140.694,0.00,3.01,10.68,0.28,13.97,13.97,71.6,71.6,25.5,25.0,gstreamer_multi
3514,140.752,0.00,3.34,14.34,0.28,17.96,17.96,55.7,55.7,24.8,25.0,gstreamer_multi
3515,140.776,0.00,2.94,9.12,0.28,12.34,12.34,81.0,81.0,25.5,25.0,gstreamer_multi
3516,140.827,0.00,3.64,10.61,0.32,14.57,14.57,68.6,68.6,24.8,25.0,gstreamer_multi
3517,140.857,0.00,2.46,10.10,0.34,12.90,12.90,77.5,77.5,25.2,25.0,gstreamer_multi
3518,140.905,0.00,2.79,10.31,0.57,13.66,13.67,73.2,73.2,24.5,25.0,gstreamer_multi
3519,140.935,0.00,2.74,9.57,0.32,12.63,12.64,79.2,79.1,25.2,25.0,gstreamer_multi
3520,140.982,0.00,2.59,10.14,0.29,13.01,13.01,76.9,76.8,24.9,25.0,gstreamer_multi
3521,141.014,0.00,2.66,9.49,0.27,12.42,12.42,80.5,80.5,25.2,25.0,gstreamer_multi
3522,141.065,0.00,3.21,10.65,0.24,14.10,14.11,70.9,70.9,24.9,25.0,gstreamer_multi
3523,141.098,0.00,2.53,14.16,0.28,16.97,16.97,58.9,58.9,25.3,25.0,gstreamer_multi
3524,141.149,0.00,2.59,14.35,0.26,17.19,17.20,58.2,58.2,24.6,25.0,gstreamer_multi
3525,141.181,0.00,2.49,14.73,0.27,17.49,17.50,57.2,57.2,24.8,25.0,gstreamer_multi
3526,141.228,0.00,2.43,15.62,0.29,18.34,18.34,54.5,54.5,24.7,25.0,gstreamer_multi
3527,141.259,0.00,2.84,15.33,0.28,18.46,18.46,54.2,54.2,24.8,25.0,gstreamer_multi
3528,141.304,0.00,2.43,13.31,0.33,16.07,16.07,62.2,62.2,24.7,25.0,gstreamer_multi
3529,141.348,0.00,2.50,10.84,0.28,13.62,13.62,73.4,73.4,24.9,25.0,gstreamer_multi
3530,141.379,0.00,2.42,9.91,0.28,12.62,12.62,79.3,79.2,25.1,25.0,gstreamer_multi
3531,141.415,0.00,2.39,12.04,0.30,14.73,14.73,67.9,67.9,25.0,25.0,gstreamer_multi
3532,141.462,0.00,2.74,9.61,0.27,12.63,12.63,79.2,79.2,24.9,25.0,gstreamer_multi
3533,141.499,0.00,2.53,15.59,0.28,18.40,18.40,54.4,54.4,25.0,25.0,gstreamer_multi
3534,141.538,0.00,2.39,14.24,0.38,17.01,17.01,58.8,58.8,25.1,25.0,gstreamer_multi
3535,141.580,0.00,2.45,14.59,0.29,17.32,17.33,57.7,57.7,25.0,25.0,gstreamer_multi
3536,141.620,0.00,2.46,14.44,0.26,17.17,17.17,58.3,58.2,24.9,25.0,gstreamer_multi
3537,141.661,0.00,2.46,14.10,0.25,16.81,16.81,59.5,59.5,25.4,25.0,gstreamer_multi
3538,141.696,0.00,2.50,9.10,0.26,11.86,11.86,84.3,84.3,25.3,25.0,gstreamer_multi
3539,141.739,0.00,2.48,11.92,0.29,14.69,14.69,68.1,68.1,25.4,25.0,gstreamer_multi
3540,141.778,0.00,2.46,9.60,0.26,12.33,12.33,81.1,81.1,25.2,25.0,gstreamer_multi
3541,141.814,0.00,2.50,9.40,0.27,12.17,12.17,82.2,82.2,25.3,25.0,gstreamer_multi
3542,141.863,0.00,2.62,9.65,0.28,12.55,12.55,79.7,79.7,24.7,25.0,gstreamer_multi
3543,141.901,0.00,2.68,14.76,0.35,17.79,17.79,56.2,56.2,25.4,25.0,gstreamer_multi
3544,141.942,0.00,2.46,14.37,0.29,17.12,17.12,58.4,58.4,24.9,25.0,gstreamer_multi
3545,141.988,0.00,2.47,19.46,0.30,22.23,22.24,45.0,45.0,25.2,25.0,gstreamer_multi
3546,142.028,0.00,2.33,18.69,0.31,21.34,21.34,46.9,46.9,24.6,25.0,gstreamer_multi
3547,142.064,0.00,2.48,15.29,0.29,18.06,18.07,55.4,55.4,25.3,25.0,gstreamer_multi
3548,142.102,0.00,2.26,12.85,0.30,15.41,15.41,64.9,64.9,24.8,25.0,gstreamer_multi
3549,142.142,0.00,2.41,11.90,0.28,14.58,14.58,68.6,68.6,24.9,25.0,gstreamer_multi
3550,142.181,0.00,2.37,9.79,0.32,12.47,12.47,80.2,80.2,24.8,25.0,gstreamer_multi
3551,142.215,0.00,2.55,9.44,0.27,12.25,12.26,81.6,81.6,25.3,25.0,gstreamer_multi
3552,142.255,0.00,2.39,9.42,0.29,12.10,12.11,82.6,82.6,25.0,25.0,gstreamer_multi
3553,142.295,0.00,2.57,10.68,0.30,13.54,13.55,73.8,73.8,25.5,25.0,gstreamer_multi
3554,142.340,0.00,2.44,14.37,0.30,17.11,17.11,58.4,58.4,25.2,25.0,gstreamer_multi
3555,142.382,0.00,2.48,14.45,0.31,17.24,17.24,58.0,58.0,25.3,25.0,gstreamer_multi
3556,142.418,0.00,2.46,14.60,0.30,17.36,17.37,57.6,57.6,25.0,25.0,gstreamer_multi
3557,142.467,0.00,2.50,15.13,0.32,17.94,17.94,55.7,55.7,25.0,25.0,gstreamer_multi
3558,142.509,0.00,2.47,10.29,0.34,13.10,13.10,76.3,76.3,25.0,25.0,gstreamer_multi
3559,142.542,0.00,2.42,12.06,0.29,14.77,14.77,67.7,67.7,24.7,25.0,gstreamer_multi
3560,142.588,0.00,2.49,10.35,0.31,13.15,13.15,76.0,76.0,24.7,25.0,gstreamer_multi
3561,142.622,0.00,2.42,12.76,0.32,15.49,15.49,64.6,64.5,24.8,25.0,gstreamer_multi
3562,142.662,0.00,2.32,9.18,0.29,11.79,11.79,84.8,84.8,24.9,25.0,gstreamer_multi
3563,142.698,0.00,2.44,14.20,0.28,16.92,16.92,59.1,59.1,25.0,25.0,gstreamer_multi
3564,142.750,0.00,2.87,14.66,0.26,17.78,17.79,56.2,56.2,24.6,25.0,gstreamer_multi
3565,142.780,0.00,2.36,14.54,0.28,17.17,17.18,58.2,58.2,24.8,25.0,gstreamer_multi
3566,142.828,0.00,2.40,14.50,0.27,17.17,17.17,58.3,58.2,24.6,25.0,gstreamer_multi
3567,142.859,0.00,2.43,14.18,0.27,16.88,16.89,59.2,59.2,24.8,25.0,gstreamer_multi
3568,142.904,0.00,2.54,10.74,0.27,13.55,13.55,73.8,73.8,25.0,25.0,gstreamer_multi
3569,142.935,0.00,2.83,10.48,0.28,13.59,13.59,73.6,73.6,25.2,25.0,gstreamer_multi
3570,142.981,0.00,2.54,9.53,0.26,12.34,12.34,81.0,81.0,25.1,25.0,gstreamer_multi
3571,143.016,0.00,2.61,9.57,0.28,12.46,12.47,80.2,80.2,25.3,25.0,gstreamer_multi
3572,143.060,0.00,2.57,9.56,0.26,12.40,12.40,80.7,80.6,25.0,25.0,gstreamer_multi
3573,143.101,0.00,2.52,14.50,0.29,17.31,17.32,57.8,57.8,25.0,25.0,gstreamer_multi
3574,143.141,0.00,2.68,14.29,0.28,17.25,17.25,58.0,58.0,25.3,25.0,gstreamer_multi
3575,143.181,0.00,2.60,14.40,0.27,17.27,17.27,57.9,57.9,25.3,25.0,gstreamer_multi
3576,143.219,0.00,2.60,15.04,0.14,17.77,17.77,56.3,56.3,24.8,25.0,gstreamer_multi
3577,143.260,0.00,2.30,14.16,0.24,16.70,16.70,59.9,59.9,25.1,25.0,gstreamer_multi
3578,143.299,0.00,2.45,12.14,0.25,14.83,14.84,67.4,67.4,25.1,25.0,gstreamer_multi
3579,143.335,0.00,2.56,11.16,0.30,14.02,14.02,71.3,71.3,25.3,25.0,gstreamer_multi
3580,143.383,0.00,2.42,10.81,0.38,13.61,13.62,73.5,73.4,24.8,25.0,gstreamer_multi
3581,143.415,0.00,2.47,10.57,0.31,13.35,13.36,74.9,74.9,25.0,25.0,gstreamer_multi
3582,143.458,0.00,2.46,10.66,0.40,13.51,13.51,74.0,74.0,25.0,25.0,gstreamer_multi
3583,143.506,0.00,2.42,10.81,0.30,13.53,13.53,73.9,73.9,24.7,25.0,gstreamer_multi
3584,143.544,0.00,2.72,9.21,0.31,12.24,12.24,81.7,81.7,24.8,25.0,gstreamer_multi
3585,143.575,0.00,2.48,9.48,0.29,12.26,12.26,81.6,81.5,25.3,25.0,gstreamer_multi
3586,143.621,0.00,2.38,9.35,0.30,12.03,12.04,83.1,83.1,25.2,25.0,gstreamer_multi
3587,143.654,0.00,2.41,9.15,0.29,11.85,11.85,84.4,84.4,25.2,25.0,gstreamer_multi
3588,143.701,0.00,3.27,12.64,0.29,16.21,16.21,61.7,61.7,25.3,25.0,gstreamer_multi
3589,143.744,0.00,2.79,14.64,0.27,17.71,17.71,56.5,56.5,25.1,25.0,gstreamer_multi
3590,143.794,0.00,3.50,17.59,0.41,21.50,21.50,46.5,46.5,24.8,25.0,gstreamer_multi
3591,143.824,0.00,4.02,15.46,0.36,19.84,19.84,50.4,50.4,24.9,25.0,gstreamer_multi
3592,143.864,0.00,3.46,14.91,0.35,18.72,18.72,53.4,53.4,24.9,25.0,gstreamer_multi
3593,143.901,0.00,2.43,9.09,0.26,11.79,11.79,84.9,84.8,25.3,25.0,gstreamer_multi
3594,143.942,0.00,2.52,9.49,0.33,12.35,12.35,81.0,81.0,25.1,25.0,gstreamer_multi
3595,143.974,0.00,2.55,10.77,0.28,13.61,13.61,73.5,73.5,25.4,25.0,gstreamer_multi
3596,144.013,0.00,2.75,9.41,0.25,12.41,12.41,80.6,80.6,25.3,25.0,gstreamer_multi
3597,144.064,0.00,2.65,10.08,0.26,12.99,12.99,77.0,77.0,24.9,25.0,gstreamer_multi
3598,144.098,0.00,2.69,14.35,0.27,17.31,17.32,57.8,57.7,24.9,25.0,gstreamer_multi
3599,144.139,0.00,2.62,13.94,0.25,16.81,16.81,59.5,59.5,25.0,25.0,gstreamer_multi
3600,144.180,0.00,2.61,14.33,0.26,17.19,17.20,58.2,58.2,24.9,25.0,gstreamer_multi
3601,144.219,0.00,2.60,14.40,0.27,17.27,17.27,57.9,57.9,24.9,25.0,gstreamer_multi
3602,144.260,0.00,2.57,14.95,0.14,17.66,17.66,56.6,56.6,24.8,25.0,gstreamer_multi
3603,144.304,0.00,2.53,11.87,0.35,14.76,14.76,67.8,67.8,24.6,25.0,gstreamer_multi
3604,144.334,0.00,2.82,10.82,0.16,13.80,13.81,72.4,72.4,25.1,25.0,gstreamer_multi
3605,144.380,0.00,2.53,9.47,0.27,12.27,12.27,81.5,81.5,25.2,25.0,gstreamer_multi
3606,144.429,0.00,2.66,10.47,0.48,13.62,13.62,73.4,73.4,24.5,25.0,gstreamer_multi
3607,144.459,0.00,3.05,11.27,0.30,14.62,14.62,68.4,68.4,25.0,25.0,gstreamer_multi
3608,144.501,0.00,2.59,14.52,0.28,17.39,17.39,57.5,57.5,24.6,25.0,gstreamer_multi
3609,144.551,0.00,2.77,16.86,0.25,19.88,19.88,50.3,50.3,24.9,25.0,gstreamer_multi
3610,144.580,0.00,2.50,14.37,0.24,17.12,17.12,58.4,58.4,24.7,25.0,gstreamer_multi
3611,144.627,0.00,2.46,14.29,0.28,17.03,17.03,58.7,58.7,24.6,25.0,gstreamer_multi
3612,144.673,0.00,2.38,14.41,0.25,17.04,17.04,58.7,58.7,24.8,25.0,gstreamer_multi
3613,144.704,0.00,2.55,13.69,0.24,16.49,16.49,60.6,60.6,24.7,25.0,gstreamer_multi
3614,144.742,0.00,4.21,12.60,0.19,17.00,17.00,58.8,58.8,24.8,25.0,gstreamer_multi
3615,144.782,0.00,2.59,9.37,0.16,12.13,12.13,82.5,82.4,25.0,25.0,gstreamer_multi
3616,144.822,0.00,2.59,9.39,0.15,12.13,12.13,82.4,82.4,24.8,25.0,gstreamer_multi
3617,144.854,0.00,2.57,9.27,0.17,12.01,12.01,83.3,83.3,25.2,25.0,gstreamer_multi
3618,144.907,0.00,3.48,10.81,0.13,14.42,14.42,69.3,69.3,24.8,25.0,gstreamer_multi
3619,144.938,0.00,2.46,9.13,0.15,11.74,11.74,85.2,85.2,25.4,25.0,gstreamer_multi
3620,144.985,0.00,2.43,9.65,0.22,12.30,12.30,81.3,81.3,25.0,25.0,gstreamer_multi
3621,145.015,0.00,2.93,9.61,0.18,12.72,12.72,78.6,78.6,25.0,25.0,gstreamer_multi
3622,145.056,0.00,3.03,9.34,0.17,12.54,12.54,79.8,79.7,25.1,25.0,gstreamer_multi
3623,145.108,0.00,2.55,14.63,0.14,17.33,17.33,57.7,57.7,25.0,25.0,gstreamer_multi
3624,145.139,0.00,2.57,14.96,0.15,17.68,17.68,56.6,56.6,25.1,25.0,gstreamer_multi
3625,145.180,0.00,2.76,14.66,0.15,17.56,17.56,56.9,56.9,24.9,25.0,gstreamer_multi
3626,145.221,0.00,2.51,14.71,0.14,17.36,17.37,57.6,57.6,25.2,25.0,gstreamer_multi
3627,145.272,0.00,2.48,15.24,0.17,17.90,17.90,55.9,55.9,24.5,25.0,gstreamer_multi
3628,145.301,0.00,3.22,11.65,0.14,15.01,15.01,66.6,66.6,24.7,25.0,gstreamer_multi
3629,145.347,0.00,2.69,10.85,0.14,13.68,13.68,73.1,73.1,24.9,25.0,gstreamer_multi
3630,145.376,0.00,2.64,9.34,0.16,12.15,12.15,82.3,82.3,25.1,25.0,gstreamer_multi
3631,145.425,0.00,2.52,10.73,0.16,13.41,13.42,74.5,74.5,25.1,25.0,gstreamer_multi
3632,145.456,0.00,2.56,9.54,0.17,12.26,12.27,81.5,81.5,25.5,25.0,gstreamer_multi
3633,145.503,0.00,2.69,9.44,0.16,12.29,12.29,81.4,81.3,24.8,25.0,gstreamer_multi
3634,145.538,0.00,2.47,10.69,0.15,13.32,13.32,75.1,75.1,24.9,25.0,gstreamer_multi
3635,145.582,0.00,2.46,9.31,0.16,11.93,11.93,83.8,83.8,25.3,25.0,gstreamer_multi
3636,145.614,0.00,2.33,10.67,0.16,13.16,13.16,76.0,76.0,25.2,25.0,gstreamer_multi
3637,145.663,0.00,2.82,10.86,0.16,13.84,13.84,72.3,72.3,25.2,25.0,gstreamer_multi
3638,145.715,0.00,2.48,17.29,0.16,19.93,19.93,50.2,50.2,24.9,25.0,gstreamer_multi
3639,145.744,0.00,2.48,14.79,0.16,17.43,17.43,57.4,57.4,24.9,25.0,gstreamer_multi
3640,145.790,0.00,2.54,14.45,0.16,17.15,17.15,58.3,58.3,24.9,25.0,gstreamer_multi
3641,145.821,0.00,2.77,14.50,0.16,17.44,17.44,57.4,57.3,25.5,25.0,gstreamer_multi
3642,145.866,0.00,2.48,14.42,0.14,17.05,17.05,58.6,58.6,25.1,25.0,gstreamer_multi
3643,145.902,0.00,2.35,10.51,0.14,13.00,13.00,76.9,76.9,25.0,25.0,gstreamer_multi
3644,145.947,0.00,2.59,13.78,0.14,16.51,16.51,60.6,60.6,25.0,25.0,gstreamer_multi
3645,145.984,0.00,2.53,11.63,0.14,14.30,14.30,69.9,69.9,25.0,25.0,gstreamer_multi
3646,146.022,0.00,2.39,9.16,0.15,11.70,11.70,85.5,85.5,24.7,25.0,gstreamer_multi
3647,146.052,0.00,2.32,9.31,0.13,11.75,11.76,85.1,85.1,25.3,25.0,gstreamer_multi
3648,146.098,0.00,2.51,14.40,0.13,17.04,17.04,58.7,58.7,25.1,25.0,gstreamer_multi
3649,146.139,0.00,2.55,14.49,0.14,17.18,17.19,58.2,58.2,24.9,25.0,gstreamer_multi
3650,146.186,0.00,2.46,14.57,0.15,17.17,17.18,58.2,58.2,24.7,25.0,gstreamer_multi
3651,146.219,0.00,2.86,14.93,0.15,17.94,17.95,55.7,55.7,24.8,25.0,gstreamer_multi
3652,146.265,0.00,2.65,14.64,0.17,17.46,17.47,57.3,57.3,24.8,25.0,gstreamer_multi
3653,146.310,0.00,2.45,13.27,0.16,15.88,15.90,63.0,62.9,24.5,25.0,gstreamer_multi
3654,146.337,0.00,3.09,9.34,0.17,12.60,12.60,79.4,79.3,25.0,25.0,gstreamer_multi
3655,146.376,0.00,2.52,9.37,0.16,12.05,12.05,83.0,83.0,25.0,25.0,gstreamer_multi
3656,146.417,0.00,2.48,9.66,0.16,12.30,12.30,81.3,81.3,25.5,25.0,gstreamer_multi
3657,146.457,0.00,2.44,9.44,0.16,12.03,12.03,83.1,83.1,25.3,25.0,gstreamer_multi
3658,146.502,0.00,2.81,13.16,0.15,16.12,16.12,62.0,62.0,25.1,25.0,gstreamer_multi
3659,146.544,0.00,2.45,14.51,0.15,17.10,17.11,58.5,58.5,24.9,25.0,gstreamer_multi
3660,146.583,0.00,2.46,14.51,0.16,17.13,17.13,58.4,58.4,25.0,25.0,gstreamer_multi
3661,146.620,0.00,2.54,14.53,0.16,17.23,17.23,58.0,58.0,24.8,25.0,gstreamer_multi
3662,146.667,0.00,2.63,14.86,0.17,17.66,17.66,56.6,56.6,24.9,25.0,gstreamer_multi
3663,146.693,0.00,2.46,9.37,0.15,11.98,11.98,83.5,83.4,25.2,25.0,gstreamer_multi
3664,146.741,0.00,2.41,11.08,0.36,13.85,13.85,72.2,72.2,25.2,25.0,gstreamer_multi
3665,146.781,0.00,2.41,12.70,0.14,15.25,15.25,65.6,65.6,24.8,25.0,gstreamer_multi
3666,146.829,0.00,4.26,11.17,0.20,15.62,15.63,64.0,64.0,24.6,25.0,gstreamer_multi
3667,146.855,0.00,3.83,10.06,0.19,14.08,14.08,71.0,71.0,25.6,25.0,gstreamer_multi
3668,146.907,0.00,4.27,14.68,0.20,19.15,19.15,52.2,52.2,25.0,25.0,gstreamer_multi
3669,146.945,0.00,2.47,15.18,0.20,17.85,17.86,56.0,56.0,25.4,25.0,gstreamer_multi
3670,146.985,0.00,2.41,14.63,0.18,17.22,17.23,58.1,58.0,25.0,25.0,gstreamer_multi
3671,147.027,0.00,2.65,14.17,0.16,16.98,16.98,58.9,58.9,24.9,25.0,gstreamer_multi
3672,147.060,0.00,2.63,14.52,0.14,17.29,17.29,57.8,57.8,25.1,25.0,gstreamer_multi
3673,147.096,0.00,2.60,10.87,0.18,13.64,13.64,73.3,73.3,25.1,25.0,gstreamer_multi
3674,147.141,0.00,2.52,12.53,0.17,15.22,15.23,65.7,65.7,25.1,25.0,gstreamer_multi
3675,147.181,0.00,2.56,12.28,0.18,15.01,15.02,66.6,66.6,25.1,25.0,gstreamer_multi
3676,147.221,0.00,3.27,14.33,0.19,17.79,17.79,56.2,56.2,24.9,25.0,gstreamer_multi
3677,147.261,0.00,2.50,11.11,0.14,13.75,13.75,72.7,72.7,24.9,25.0,gstreamer_multi
3678,147.305,0.00,2.63,14.93,0.16,17.73,17.73,56.4,56.4,25.1,25.0,gstreamer_multi
3679,147.346,0.00,2.51,14.67,0.17,17.35,17.35,57.6,57.6,25.3,25.0,gstreamer_multi
3680,147.387,0.00,2.43,14.42,0.16,17.01,17.01,58.8,58.8,25.0,25.0,gstreamer_multi
