frame_id,timestamp_s,decode_ms,preprocess_ms,inference_ms,postprocess_ms,ai_total_ms,pipeline_total_ms,ai_fps,pipeline_fps,display_fps,video_source_fps,method
1,45.980,0.00,2.96,45961.68,14.82,45979.46,45979.51,0.0,0.0,0.0,25.0,gstreamer_single
2,46.104,0.00,3.99,85.02,14.88,103.90,104.22,9.6,9.6,8.0,25.0,gstreamer_single
3,46.150,0.00,4.77,12.28,15.48,32.54,32.86,30.7,30.4,11.7,25.0,gstreamer_single
4,46.201,0.00,4.49,11.55,16.54,32.58,32.86,30.7,30.4,13.5,25.0,gstreamer_single
5,46.250,0.00,4.04,11.09,15.86,30.98,31.24,32.3,32.0,14.8,25.0,gstreamer_single
6,46.285,0.00,3.83,11.32,16.25,31.40,31.71,31.8,31.5,16.4,25.0,gstreamer_single
7,46.361,0.00,3.85,40.89,14.58,59.33,59.63,16.9,16.8,15.7,25.0,gstreamer_single
8,46.427,0.00,2.97,38.95,15.27,57.18,57.42,17.5,17.4,15.6,25.0,gstreamer_single
9,46.496,0.00,3.62,39.16,16.27,59.04,59.39,16.9,16.8,15.5,25.0,gstreamer_single
10,46.532,0.00,3.16,11.03,15.17,29.36,29.62,34.1,33.8,16.3,25.0,gstreamer_single
11,46.567,0.00,3.56,11.40,15.80,30.77,31.04,32.5,32.2,17.0,25.0,gstreamer_single
12,46.602,0.00,3.10,11.40,14.70,29.21,29.47,34.2,33.9,17.7,25.0,gstreamer_single
13,46.635,0.00,3.18,11.30,14.81,29.29,29.54,34.1,33.9,18.3,25.0,gstreamer_single
14,46.692,0.00,3.50,10.49,26.89,40.88,41.13,24.5,24.3,18.2,25.0,gstreamer_single
15,46.758,0.00,4.86,34.67,16.58,56.11,56.37,17.8,17.7,18.0,25.0,gstreamer_single
16,46.817,0.00,3.04,35.30,14.31,52.66,52.89,19.0,18.9,17.9,25.0,gstreamer_single
17,46.880,0.00,4.31,34.29,21.13,59.73,60.02,16.7,16.7,17.8,25.0,gstreamer_single
18,46.932,0.00,3.64,10.84,17.86,32.34,32.65,30.9,30.6,17.9,25.0,gstreamer_single
19,46.970,0.00,3.02,10.69,14.85,28.56,28.85,35.0,34.7,18.2,25.0,gstreamer_single
20,47.013,0.00,3.45,11.69,14.85,30.00,30.32,33.3,33.0,18.4,25.0,gstreamer_single
21,47.054,0.00,3.21,11.25,14.65,29.11,29.40,34.4,34.0,18.6,25.0,gstreamer_single
22,47.091,0.00,3.14,11.97,15.46,30.57,30.92,32.7,32.3,18.9,25.0,gstreamer_single
23,47.131,0.00,3.68,11.23,15.26,30.18,30.66,33.1,32.6,19.1,25.0,gstreamer_single
24,47.174,0.00,3.13,11.29,15.31,29.73,30.09,33.6,33.2,19.3,25.0,gstreamer_single
25,47.213,0.00,3.34,11.03,14.78,29.14,29.45,34.3,34.0,19.5,25.0,gstreamer_single
26,47.250,0.00,3.22,11.02,15.18,29.43,29.69,34.0,33.7,19.7,25.0,gstreamer_single
27,47.287,0.00,3.27,11.24,15.73,30.24,30.55,33.1,32.7,19.9,25.0,gstreamer_single
28,47.329,0.00,3.08,10.61,17.80,31.49,31.80,31.8,31.4,20.0,25.0,gstreamer_single
29,47.363,0.00,3.39,11.42,14.65,29.46,29.77,33.9,33.6,20.2,25.0,gstreamer_single
30,47.411,0.00,3.28,11.16,15.80,30.25,30.74,33.1,32.5,20.3,25.0,gstreamer_single
31,47.451,0.00,3.04,11.22,20.35,34.61,35.08,28.9,28.5,21.5,25.0,gstreamer_single
32,47.498,0.00,3.33,10.84,16.03,30.20,30.48,33.1,32.8,21.5,25.0,gstreamer_single
33,47.538,0.00,2.96,10.57,16.67,30.20,30.51,33.1,32.8,21.7,25.0,gstreamer_single
34,47.574,0.00,4.30,11.32,16.42,32.05,32.43,31.2,30.8,21.9,25.0,gstreamer_single
35,47.616,0.00,3.57,11.03,14.46,29.06,29.31,34.4,34.1,21.8,25.0,gstreamer_single
36,47.653,0.00,3.72,11.83,18.32,33.88,34.17,29.5,29.3,22.4,25.0,gstreamer_single
37,47.690,0.00,2.98,10.83,15.27,29.08,29.50,34.4,33.9,23.0,25.0,gstreamer_single
38,47.739,0.00,3.30,10.56,23.30,37.16,37.45,26.9,26.7,23.3,25.0,gstreamer_single
39,47.772,0.00,3.35,11.01,14.35,28.72,29.23,34.8,34.2,23.4,25.0,gstreamer_single
40,47.812,0.00,3.08,10.58,14.98,28.64,28.95,34.9,34.5,23.3,25.0,gstreamer_single
41,47.851,0.00,3.60,11.28,15.36,30.24,30.51,33.1,32.8,23.2,25.0,gstreamer_single
42,47.892,0.00,3.14,11.05,15.70,29.88,30.40,33.5,32.9,23.1,25.0,gstreamer_single
43,47.930,0.00,3.35,10.95,14.53,28.83,29.12,34.7,34.3,23.4,25.0,gstreamer_single
44,47.977,0.00,3.25,11.17,26.37,40.79,41.06,24.5,24.4,23.8,25.0,gstreamer_single
45,48.020,0.00,4.39,11.60,22.91,38.90,39.29,25.7,25.5,24.1,25.0,gstreamer_single
46,48.065,0.00,3.70,10.84,17.02,31.56,31.97,31.7,31.3,24.5,25.0,gstreamer_single
47,48.109,0.00,3.62,11.32,14.40,29.34,29.83,34.1,33.5,24.6,25.0,gstreamer_single
48,48.146,0.00,3.79,10.73,14.05,28.57,28.86,35.0,34.6,24.6,25.0,gstreamer_single
49,48.180,0.00,3.53,11.00,14.40,28.93,29.17,34.6,34.3,24.8,25.0,gstreamer_single
50,48.219,0.00,3.04,11.00,18.67,32.72,32.97,30.6,30.3,24.9,25.0,gstreamer_single
51,48.255,0.00,3.94,11.45,16.84,32.23,32.52,31.0,30.7,24.9,25.0,gstreamer_single
52,48.294,0.00,3.13,10.78,15.31,29.23,29.70,34.2,33.7,24.9,25.0,gstreamer_single
53,48.333,0.00,3.36,10.89,15.55,29.80,30.03,33.6,33.3,25.0,25.0,gstreamer_single
54,48.369,0.00,4.36,11.19,18.05,33.60,34.00,29.8,29.4,25.1,25.0,gstreamer_single
55,48.405,0.00,3.51,11.12,15.44,30.07,30.34,33.3,33.0,25.1,25.0,gstreamer_single
56,48.447,0.00,3.21,11.33,15.93,30.47,30.79,32.8,32.5,25.0,25.0,gstreamer_single
57,48.489,0.00,3.33,11.17,17.36,31.86,32.14,31.4,31.1,25.0,25.0,gstreamer_single
58,48.536,0.00,3.13,10.88,27.63,41.63,41.92,24.0,23.9,24.7,25.0,gstreamer_single
59,48.572,0.00,4.42,12.23,16.14,32.79,33.17,30.5,30.2,25.0,25.0,gstreamer_single
60,48.608,0.00,3.31,11.16,16.22,30.69,30.94,32.6,32.3,25.1,25.0,gstreamer_single
61,48.652,0.00,3.91,11.76,18.00,33.67,33.95,29.7,29.5,25.1,25.0,gstreamer_single
62,48.688,0.00,3.09,10.96,15.02,29.07,29.40,34.4,34.0,25.2,25.0,gstreamer_single
63,48.723,0.00,3.28,11.40,14.55,29.23,29.54,34.2,33.9,25.2,25.0,gstreamer_single
64,48.779,0.00,2.91,13.04,19.50,35.45,35.76,28.2,28.0,24.9,25.0,gstreamer_single
65,48.817,0.00,3.47,11.08,14.36,28.91,29.23,34.6,34.2,24.9,25.0,gstreamer_single
66,48.861,0.00,2.85,11.12,17.47,31.44,31.72,31.8,31.5,24.8,25.0,gstreamer_single
67,48.899,0.00,3.25,12.08,14.82,30.15,30.46,33.2,32.8,25.0,25.0,gstreamer_single
68,48.942,0.00,4.49,11.72,14.99,31.20,31.65,32.0,31.6,24.8,25.0,gstreamer_single
69,48.991,0.00,3.66,11.73,24.74,40.13,40.39,24.9,24.8,24.6,25.0,gstreamer_single
70,49.052,0.00,3.28,11.48,32.00,46.77,47.04,21.4,21.3,24.1,25.0,gstreamer_single
71,49.094,0.00,4.68,13.61,20.26,38.54,38.92,25.9,25.7,24.1,25.0,gstreamer_single
72,49.142,0.00,3.35,10.80,15.64,29.79,30.14,33.6,33.2,23.9,25.0,gstreamer_single
73,49.183,0.00,3.45,11.45,16.09,30.99,31.37,32.3,31.9,24.0,25.0,gstreamer_single
74,49.215,0.00,3.44,11.02,14.24,28.70,29.12,34.8,34.3,24.3,25.0,gstreamer_single
75,49.255,0.00,3.47,11.41,14.25,29.13,29.43,34.3,34.0,24.4,25.0,gstreamer_single
76,49.295,0.00,3.43,10.85,14.25,28.53,28.86,35.0,34.7,24.5,25.0,gstreamer_single
77,49.339,0.00,3.40,13.10,14.78,31.28,31.55,32.0,31.7,24.3,25.0,gstreamer_single
78,49.382,0.00,3.56,15.11,15.01,33.67,33.92,29.7,29.5,24.1,25.0,gstreamer_single
79,49.424,0.00,3.57,11.44,14.91,29.92,30.52,33.4,32.8,24.1,25.0,gstreamer_single
80,49.466,0.00,3.31,11.11,15.27,29.69,30.03,33.7,33.3,23.9,25.0,gstreamer_single
81,49.524,0.00,4.31,12.78,30.30,47.39,47.67,21.1,21.0,23.6,25.0,gstreamer_single
82,49.558,0.00,3.15,10.70,15.32,29.17,29.47,34.3,33.9,23.7,25.0,gstreamer_single
83,49.600,0.00,3.15,12.20,17.67,33.02,33.48,30.3,29.9,23.6,25.0,gstreamer_single
84,49.638,0.00,3.19,12.01,14.70,29.90,30.21,33.4,33.1,23.5,25.0,gstreamer_single
85,49.683,0.00,3.20,14.69,15.54,33.43,33.93,29.9,29.5,23.5,25.0,gstreamer_single
86,49.726,0.00,3.10,10.75,16.46,30.30,30.58,33.0,32.7,23.4,25.0,gstreamer_single
87,49.764,0.00,3.98,11.47,16.28,31.73,32.08,31.5,31.2,23.6,25.0,gstreamer_single
88,49.805,0.00,4.35,10.96,21.00,36.31,36.95,27.5,27.1,23.5,25.0,gstreamer_single
89,49.842,0.00,2.96,10.75,15.71,29.42,29.88,34.0,33.5,23.5,25.0,gstreamer_single
90,49.883,0.00,3.50,10.81,15.39,29.70,29.97,33.7,33.4,23.6,25.0,gstreamer_single
91,49.925,0.00,3.19,10.97,16.77,30.93,31.21,32.3,32.0,23.5,25.0,gstreamer_single
92,49.970,0.00,4.59,11.78,17.28,33.65,33.89,29.7,29.5,23.3,25.0,gstreamer_single
93,50.014,0.00,3.10,10.95,20.69,34.73,35.03,28.8,28.5,23.5,25.0,gstreamer_single
94,50.054,0.00,4.18,11.38,19.66,35.21,35.60,28.4,28.1,23.4,25.0,gstreamer_single
95,50.090,0.00,4.31,11.16,15.02,30.49,31.01,32.8,32.2,23.6,25.0,gstreamer_single
96,50.139,0.00,3.36,10.57,23.20,37.13,37.75,26.9,26.5,23.4,25.0,gstreamer_single
97,50.179,0.00,3.54,11.19,17.61,32.35,32.63,30.9,30.6,23.4,25.0,gstreamer_single
98,50.220,0.00,3.17,10.67,20.48,34.32,34.65,29.1,28.9,23.6,25.0,gstreamer_single
99,50.263,0.00,3.35,11.00,15.29,29.64,29.90,33.7,33.4,23.9,25.0,gstreamer_single
100,50.321,0.00,3.15,10.66,32.78,46.59,46.88,21.5,21.3,23.6,25.0,gstreamer_single
101,50.382,0.00,5.35,11.95,39.07,56.37,56.85,17.7,17.6,23.4,25.0,gstreamer_single
102,50.417,0.00,4.41,11.42,15.54,31.38,31.76,31.9,31.5,23.5,25.0,gstreamer_single
103,50.460,0.00,3.09,18.28,14.74,36.11,36.37,27.7,27.5,23.3,25.0,gstreamer_single
104,50.503,0.00,3.27,11.97,22.66,37.90,38.17,26.4,26.2,23.2,25.0,gstreamer_single
105,50.546,0.00,3.52,11.79,21.26,36.57,37.02,27.3,27.0,23.2,25.0,gstreamer_single
106,50.593,0.00,3.40,12.25,19.39,35.05,35.41,28.5,28.2,23.1,25.0,gstreamer_single
107,50.649,0.00,3.02,11.02,25.48,39.52,39.85,25.3,25.1,22.9,25.0,gstreamer_single
108,50.694,0.00,3.29,14.43,14.90,32.62,33.04,30.7,30.3,22.8,25.0,gstreamer_single
109,50.737,0.00,3.32,16.28,14.32,33.92,34.21,29.5,29.2,22.8,25.0,gstreamer_single
110,50.789,0.00,3.29,17.16,24.68,45.13,45.41,22.2,22.0,22.9,25.0,gstreamer_single
111,50.830,0.00,3.16,11.22,18.74,33.11,33.39,30.2,30.0,22.8,25.0,gstreamer_single
112,50.863,0.00,3.48,11.01,14.34,28.83,29.16,34.7,34.3,23.0,25.0,gstreamer_single
113,50.897,0.00,4.48,11.16,14.93,30.57,30.93,32.7,32.3,23.0,25.0,gstreamer_single
114,50.943,0.00,3.28,11.02,14.56,28.85,29.14,34.7,34.3,23.0,25.0,gstreamer_single
115,50.978,0.00,3.12,10.97,13.97,28.06,28.58,35.6,35.0,23.2,25.0,gstreamer_single
116,51.026,0.00,3.30,14.80,17.22,35.32,35.75,28.3,28.0,23.0,25.0,gstreamer_single
117,51.062,0.00,3.19,10.75,14.68,28.62,28.88,34.9,34.6,23.1,25.0,gstreamer_single
118,51.110,0.00,3.23,11.24,15.05,29.51,30.01,33.9,33.3,22.9,25.0,gstreamer_single
119,51.148,0.00,3.48,11.06,14.58,29.12,29.40,34.3,34.0,22.9,25.0,gstreamer_single
120,51.207,0.00,5.25,13.45,32.63,51.32,51.64,19.5,19.4,22.6,25.0,gstreamer_single
121,51.266,0.00,4.10,11.21,34.39,49.71,50.18,20.1,19.9,22.4,25.0,gstreamer_single
122,51.300,0.00,3.79,10.97,15.24,29.99,30.33,33.3,33.0,22.5,25.0,gstreamer_single
123,51.364,0.00,3.54,11.66,29.90,45.11,45.77,22.2,21.8,22.1,25.0,gstreamer_single
124,51.400,0.00,4.72,11.04,14.68,30.44,30.77,32.8,32.5,22.1,25.0,gstreamer_single
125,51.446,0.00,4.59,11.70,25.62,41.91,42.26,23.9,23.7,22.2,25.0,gstreamer_single
126,51.489,0.00,3.47,11.24,20.36,35.07,35.37,28.5,28.3,22.1,25.0,gstreamer_single
127,51.524,0.00,3.14,11.07,15.54,29.75,30.13,33.6,33.2,22.2,25.0,gstreamer_single
128,51.566,0.00,3.59,11.01,15.72,30.32,30.89,33.0,32.4,22.3,25.0,gstreamer_single
129,51.610,0.00,3.18,10.86,18.96,33.00,33.28,30.3,30.0,22.5,25.0,gstreamer_single
130,51.657,0.00,3.17,12.98,16.53,32.68,33.03,30.6,30.3,22.8,25.0,gstreamer_single
131,51.705,0.00,3.37,12.57,18.39,34.33,34.61,29.1,28.9,22.5,25.0,gstreamer_single
132,51.763,0.00,3.32,11.90,35.98,51.19,51.45,19.5,19.4,22.3,25.0,gstreamer_single
133,51.803,0.00,3.17,11.23,15.30,29.69,30.11,33.7,33.2,22.3,25.0,gstreamer_single
134,51.841,0.00,3.41,11.09,15.86,30.36,30.62,32.9,32.7,22.4,25.0,gstreamer_single
135,51.881,0.00,3.72,11.45,18.03,33.20,33.49,30.1,29.9,22.5,25.0,gstreamer_single
136,51.921,0.00,3.20,12.92,15.87,31.99,32.27,31.3,31.0,22.8,25.0,gstreamer_single
137,51.962,0.00,3.87,12.40,14.76,31.03,31.30,32.2,31.9,22.9,25.0,gstreamer_single
138,51.999,0.00,3.10,10.55,16.30,29.95,30.22,33.4,33.1,23.0,25.0,gstreamer_single
139,52.048,0.00,3.17,13.63,14.55,31.36,31.78,31.9,31.5,23.0,25.0,gstreamer_single
140,52.092,0.00,3.06,11.30,21.64,36.00,36.28,27.8,27.6,23.0,25.0,gstreamer_single
141,52.131,0.00,4.48,11.61,17.91,34.00,34.62,29.4,28.9,22.9,25.0,gstreamer_single
142,52.178,0.00,2.96,11.12,15.51,29.58,30.05,33.8,33.3,22.6,25.0,gstreamer_single
143,52.215,0.00,4.35,14.11,15.87,34.33,34.71,29.1,28.8,22.8,25.0,gstreamer_single
144,52.252,0.00,3.17,10.98,17.83,31.98,32.28,31.3,31.0,22.7,25.0,gstreamer_single
145,52.291,0.00,3.03,11.17,15.00,29.21,29.46,34.2,33.9,22.9,25.0,gstreamer_single
146,52.331,0.00,3.06,11.25,16.53,30.84,31.21,32.4,32.0,22.9,25.0,gstreamer_single
147,52.366,0.00,4.19,11.06,15.89,31.15,31.40,32.1,31.8,23.1,25.0,gstreamer_single
148,52.414,0.00,3.15,10.76,19.91,33.82,34.08,29.6,29.3,22.9,25.0,gstreamer_single
149,52.460,0.00,3.19,14.72,20.17,38.09,38.34,26.3,26.1,23.1,25.0,gstreamer_single
150,52.507,0.00,3.40,11.05,28.30,42.76,43.04,23.4,23.2,23.4,25.0,gstreamer_single
151,52.540,0.00,3.17,10.91,15.29,29.36,29.65,34.1,33.7,23.4,25.0,gstreamer_single
152,52.595,0.00,3.26,10.95,21.33,35.54,35.98,28.1,27.8,23.6,25.0,gstreamer_single
153,52.636,0.00,3.33,10.75,15.49,29.57,29.85,33.8,33.5,23.5,25.0,gstreamer_single
154,52.676,0.00,3.05,14.61,14.88,32.54,32.83,30.7,30.5,23.6,25.0,gstreamer_single
155,52.718,0.00,3.15,13.88,17.09,34.12,34.41,29.3,29.1,23.6,25.0,gstreamer_single
156,52.758,0.00,4.35,13.88,14.78,33.00,33.50,30.3,29.9,23.5,25.0,gstreamer_single
157,52.793,0.00,3.13,11.99,14.36,29.49,29.77,33.9,33.6,23.6,25.0,gstreamer_single
158,52.835,0.00,3.32,14.04,15.02,32.38,32.63,30.9,30.6,23.7,25.0,gstreamer_single
159,52.877,0.00,3.12,10.98,14.48,28.58,28.84,35.0,34.7,23.8,25.0,gstreamer_single
160,52.921,0.00,3.59,11.67,15.78,31.04,31.36,32.2,31.9,23.8,25.0,gstreamer_single
161,52.960,0.00,3.16,14.45,17.79,35.40,35.69,28.2,28.0,24.2,25.0,gstreamer_single
162,52.993,0.00,3.01,11.62,14.59,29.22,29.45,34.2,34.0,24.4,25.0,gstreamer_single
163,53.039,0.00,3.03,10.76,14.65,28.44,28.73,35.2,34.8,24.2,25.0,gstreamer_single
164,53.075,0.00,3.25,11.30,14.69,29.24,29.54,34.2,33.9,24.3,25.0,gstreamer_single
165,53.146,0.00,3.30,15.43,35.37,54.10,54.37,18.5,18.4,23.7,25.0,gstreamer_single
166,53.181,0.00,4.21,11.60,14.84,30.66,31.05,32.6,32.2,23.8,25.0,gstreamer_single
167,53.214,0.00,2.93,11.56,14.13,28.62,28.86,34.9,34.7,23.9,25.0,gstreamer_single
168,53.264,0.00,3.41,13.25,23.64,40.30,40.58,24.8,24.6,23.9,25.0,gstreamer_single
169,53.307,0.00,3.18,10.73,18.77,32.68,32.97,30.6,30.3,23.9,25.0,gstreamer_single
170,53.346,0.00,3.18,11.24,19.67,34.10,34.66,29.3,28.9,23.9,25.0,gstreamer_single
171,53.398,0.00,4.10,12.82,16.34,33.26,33.56,30.1,29.8,23.8,25.0,gstreamer_single
172,53.441,0.00,3.09,17.80,14.49,35.38,35.65,28.3,28.0,23.7,25.0,gstreamer_single
173,53.482,0.00,3.35,11.42,15.09,29.86,30.09,33.5,33.2,23.6,25.0,gstreamer_single
174,53.524,0.00,4.39,11.27,15.23,30.89,31.46,32.4,31.8,23.5,25.0,gstreamer_single
175,53.569,0.00,3.20,11.21,21.20,35.61,35.87,28.1,27.9,23.4,25.0,gstreamer_single
176,53.615,0.00,3.56,13.63,15.14,32.34,32.61,30.9,30.7,23.2,25.0,gstreamer_single
177,53.659,0.00,3.22,10.82,14.64,28.69,29.16,34.9,34.3,23.3,25.0,gstreamer_single
178,53.703,0.00,3.42,13.37,14.50,31.29,31.56,32.0,31.7,23.3,25.0,gstreamer_single
179,53.742,0.00,3.99,12.09,14.51,30.60,30.99,32.7,32.3,23.5,25.0,gstreamer_single
180,53.779,0.00,3.13,11.34,16.12,30.59,30.99,32.7,32.3,23.4,25.0,gstreamer_single
181,53.820,0.00,3.36,11.14,14.10,28.61,28.88,35.0,34.6,23.7,25.0,gstreamer_single
182,53.866,0.00,3.55,12.09,14.80,30.44,30.83,32.9,32.4,23.6,25.0,gstreamer_single
183,53.915,0.00,3.29,10.81,27.88,41.97,42.57,23.8,23.5,23.4,25.0,gstreamer_single
184,53.956,0.00,4.59,11.26,14.64,30.50,30.96,32.8,32.3,23.4,25.0,gstreamer_single
185,54.023,0.00,3.35,13.33,39.90,56.57,56.86,17.7,17.6,22.9,25.0,gstreamer_single
186,54.084,0.00,5.19,13.61,38.18,56.98,57.38,17.6,17.4,22.5,25.0,gstreamer_single
187,54.134,0.00,4.61,11.49,30.20,46.29,46.66,21.6,21.4,22.3,25.0,gstreamer_single
188,54.204,0.00,4.28,11.16,37.29,52.72,53.11,19.0,18.8,21.8,25.0,gstreamer_single
189,54.249,0.00,4.40,11.61,17.71,33.72,34.11,29.7,29.3,21.8,25.0,gstreamer_single
190,54.287,0.00,4.03,10.95,15.07,30.05,30.32,33.3,33.0,21.9,25.0,gstreamer_single
191,54.339,0.00,3.65,11.41,24.91,39.97,40.27,25.0,24.8,21.5,25.0,gstreamer_single
192,54.381,0.00,3.76,11.12,14.63,29.51,29.93,33.9,33.4,21.6,25.0,gstreamer_single
193,54.421,0.00,3.39,11.86,14.65,29.90,30.18,33.4,33.1,21.6,25.0,gstreamer_single
194,54.461,0.00,3.20,11.25,14.02,28.46,29.24,35.1,34.2,22.1,25.0,gstreamer_single
195,54.503,0.00,3.29,11.06,14.67,29.02,29.59,34.5,33.8,21.9,25.0,gstreamer_single
196,54.541,0.00,3.21,11.11,14.45,28.77,29.05,34.8,34.4,21.9,25.0,gstreamer_single
197,54.583,0.00,3.04,11.23,22.28,36.55,36.82,27.4,27.2,22.0,25.0,gstreamer_single
198,54.619,0.00,3.11,11.43,14.38,28.91,29.24,34.6,34.2,22.1,25.0,gstreamer_single
199,54.666,0.00,3.21,11.20,20.47,34.89,35.16,28.7,28.4,22.0,25.0,gstreamer_single
200,54.701,0.00,2.89,11.89,15.28,30.06,30.32,33.3,33.0,22.3,25.0,gstreamer_single
201,54.741,0.00,3.53,11.98,14.98,30.48,30.75,32.8,32.5,22.3,25.0,gstreamer_single
202,54.781,0.00,4.34,14.47,14.60,33.42,33.68,29.9,29.7,22.3,25.0,gstreamer_single
203,54.815,0.00,3.29,10.76,14.82,28.87,29.37,34.6,34.1,22.5,25.0,gstreamer_single
204,54.862,0.00,4.25,11.85,15.08,31.18,31.57,32.1,31.7,22.4,25.0,gstreamer_single
205,54.901,0.00,3.24,10.75,14.02,28.00,28.29,35.7,35.3,22.5,25.0,gstreamer_single
206,54.943,0.00,3.03,10.98,14.27,28.28,28.57,35.4,35.0,22.6,25.0,gstreamer_single
207,54.984,0.00,3.24,10.71,14.58,28.53,28.88,35.1,34.6,22.6,25.0,gstreamer_single
208,55.026,0.00,3.08,10.98,15.07,29.13,29.45,34.3,34.0,22.6,25.0,gstreamer_single
209,55.060,0.00,3.33,11.14,15.50,29.97,30.25,33.4,33.1,22.6,25.0,gstreamer_single
210,55.099,0.00,3.31,12.50,14.43,30.24,30.60,33.1,32.7,22.7,25.0,gstreamer_single
211,55.142,0.00,3.23,13.73,18.40,35.37,35.70,28.3,28.0,22.7,25.0,gstreamer_single
212,55.182,0.00,3.76,10.80,14.70,29.26,29.62,34.2,33.8,22.9,25.0,gstreamer_single
213,55.215,0.00,3.59,10.99,14.86,29.44,29.76,34.0,33.6,23.0,25.0,gstreamer_single
214,55.250,0.00,4.34,11.34,15.11,30.79,31.12,32.5,32.1,23.6,25.0,gstreamer_single
215,55.287,0.00,3.70,10.97,19.64,34.31,34.66,29.1,28.9,24.1,25.0,gstreamer_single
216,55.335,0.00,3.13,11.03,16.36,30.52,30.83,32.8,32.4,24.1,25.0,gstreamer_single
217,55.379,0.00,4.07,11.80,14.38,30.25,30.53,33.1,32.8,24.7,25.0,gstreamer_single
218,55.419,0.00,3.33,14.62,14.17,32.12,32.38,31.1,30.9,24.8,25.0,gstreamer_single
219,55.453,0.00,3.09,11.40,14.05,28.55,28.80,35.0,34.7,24.9,25.0,gstreamer_single
220,55.491,0.00,3.13,11.24,14.45,28.83,29.12,34.7,34.3,25.2,25.0,gstreamer_single
221,55.535,0.00,3.50,12.67,15.21,31.39,31.92,31.9,31.3,25.1,25.0,gstreamer_single
222,55.569,0.00,3.13,11.00,15.23,29.35,29.67,34.1,33.7,25.3,25.0,gstreamer_single
223,55.609,0.00,3.13,11.09,14.88,29.11,29.38,34.4,34.0,25.2,25.0,gstreamer_single
224,55.649,0.00,3.67,10.77,15.57,30.01,30.28,33.3,33.0,25.3,25.0,gstreamer_single
225,55.684,0.00,2.96,10.72,14.64,28.33,28.65,35.3,34.9,25.4,25.0,gstreamer_single
226,55.717,0.00,3.30,12.11,14.28,29.69,29.94,33.7,33.4,25.6,25.0,gstreamer_single
227,55.752,0.00,3.47,14.11,14.64,32.22,32.59,31.0,30.7,25.6,25.0,gstreamer_single
228,55.789,0.00,3.28,11.71,15.01,30.00,30.33,33.3,33.0,25.8,25.0,gstreamer_single
229,55.830,0.00,3.61,11.75,14.39,29.76,30.21,33.6,33.1,25.7,25.0,gstreamer_single
230,55.866,0.00,3.44,11.89,14.85,30.18,30.50,33.1,32.8,25.8,25.0,gstreamer_single
231,55.903,0.00,3.11,11.64,15.19,29.93,30.23,33.4,33.1,25.8,25.0,gstreamer_single
232,55.942,0.00,3.15,11.86,14.08,29.09,29.39,34.4,34.0,25.7,25.0,gstreamer_single
233,55.990,0.00,3.34,11.54,13.94,28.82,29.32,34.7,34.1,25.7,25.0,gstreamer_single
234,56.024,0.00,3.20,11.71,14.46,29.37,29.75,34.0,33.6,25.8,25.0,gstreamer_single
235,56.068,0.00,3.42,12.24,14.25,29.92,30.21,33.4,33.1,25.8,25.0,gstreamer_single
236,56.108,0.00,3.02,10.66,14.18,27.85,28.33,35.9,35.3,25.8,25.0,gstreamer_single
237,56.140,0.00,3.24,11.17,14.25,28.66,29.06,34.9,34.4,26.0,25.0,gstreamer_single
238,56.181,0.00,3.15,10.81,14.67,28.63,28.90,34.9,34.6,25.9,25.0,gstreamer_single
239,56.223,0.00,3.83,11.06,14.01,28.90,29.26,34.6,34.2,25.8,25.0,gstreamer_single
240,56.264,0.00,3.76,10.89,14.43,29.09,29.42,34.4,34.0,25.8,25.0,gstreamer_single
241,56.305,0.00,3.25,11.28,14.53,29.05,29.39,34.4,34.0,25.8,25.0,gstreamer_single
242,56.340,0.00,3.21,10.79,14.68,28.68,28.99,34.9,34.5,25.8,25.0,gstreamer_single
243,56.375,0.00,2.95,11.80,14.16,28.91,29.18,34.6,34.3,25.8,25.0,gstreamer_single
244,56.419,0.00,3.18,13.85,14.95,31.98,32.27,31.3,31.0,25.6,25.0,gstreamer_single
245,56.457,0.00,2.95,10.83,14.59,28.37,28.90,35.3,34.6,25.9,25.0,gstreamer_single
246,56.497,0.00,3.04,10.99,14.36,28.39,28.70,35.2,34.8,25.9,25.0,gstreamer_single
247,56.538,0.00,2.93,10.87,14.71,28.50,28.78,35.1,34.7,25.9,25.0,gstreamer_single
248,56.581,0.00,3.76,11.10,14.02,28.88,29.22,34.6,34.2,25.7,25.0,gstreamer_single
249,56.617,0.00,3.05,11.14,14.47,28.65,28.95,34.9,34.5,25.8,25.0,gstreamer_single
250,56.660,0.00,2.81,13.79,14.15,30.75,31.25,32.5,32.0,25.8,25.0,gstreamer_single
251,56.699,0.00,3.60,11.52,14.33,29.44,29.75,34.0,33.6,25.7,25.0,gstreamer_single
252,56.744,0.00,3.24,15.08,14.15,32.46,32.75,30.8,30.5,25.6,25.0,gstreamer_single
253,56.785,0.00,3.29,11.47,14.05,28.81,29.10,34.7,34.4,25.5,25.0,gstreamer_single
254,56.826,0.00,3.08,11.35,13.78,28.21,28.53,35.4,35.1,25.4,25.0,gstreamer_single
255,56.867,0.00,3.06,11.28,14.25,28.59,28.91,35.0,34.6,25.2,25.0,gstreamer_single
256,56.908,0.00,3.47,10.99,14.19,28.66,29.03,34.9,34.5,25.1,25.0,gstreamer_single
257,56.949,0.00,3.35,11.17,14.00,28.51,28.88,35.1,34.6,25.0,25.0,gstreamer_single
258,56.990,0.00,3.05,10.67,14.33,28.04,28.33,35.7,35.3,25.0,25.0,gstreamer_single
259,57.023,0.00,3.16,11.11,14.55,28.83,29.40,34.7,34.0,25.1,25.0,gstreamer_single
260,57.064,0.00,2.91,11.46,18.38,32.76,33.12,30.5,30.2,25.0,25.0,gstreamer_single
261,57.107,0.00,3.37,11.09,14.59,29.05,29.42,34.4,34.0,24.9,25.0,gstreamer_single
262,57.147,0.00,3.17,10.87,14.49,28.54,28.83,35.0,34.7,25.1,25.0,gstreamer_single
263,57.184,0.00,3.05,10.93,14.01,27.99,28.27,35.7,35.4,25.0,25.0,gstreamer_single
264,57.226,0.00,3.56,11.64,13.76,28.97,29.24,34.5,34.2,25.0,25.0,gstreamer_single
265,57.267,0.00,3.20,10.83,14.37,28.40,28.69,35.2,34.9,25.0,25.0,gstreamer_single
266,57.297,0.00,3.07,10.81,14.09,27.96,28.25,35.8,35.4,25.1,25.0,gstreamer_single
267,57.333,0.00,3.15,13.23,17.43,33.81,34.09,29.6,29.3,25.2,25.0,gstreamer_single
268,57.367,0.00,3.24,11.50,16.16,30.90,31.16,32.4,32.1,25.3,25.0,gstreamer_single
269,57.409,0.00,3.40,11.46,15.36,30.23,30.53,33.1,32.8,25.3,25.0,gstreamer_single
270,57.456,0.00,2.91,10.81,14.38,28.10,28.37,35.6,35.2,25.2,25.0,gstreamer_single
271,57.488,0.00,2.97,10.94,15.55,29.45,29.71,34.0,33.7,25.3,25.0,gstreamer_single
272,57.523,0.00,3.27,11.17,14.58,29.02,29.32,34.5,34.1,25.3,25.0,gstreamer_single
273,57.565,0.00,3.76,10.57,15.41,29.74,30.13,33.6,33.2,25.3,25.0,gstreamer_single
274,57.599,0.00,2.88,10.78,14.73,28.39,28.65,35.2,34.9,25.4,25.0,gstreamer_single
275,57.634,0.00,2.95,14.16,14.74,31.85,32.14,31.4,31.1,25.5,25.0,gstreamer_single
276,57.674,0.00,3.27,12.21,14.15,29.63,29.88,33.8,33.5,25.5,25.0,gstreamer_single
277,57.708,0.00,3.34,11.06,14.16,28.56,28.85,35.0,34.7,25.7,25.0,gstreamer_single
278,57.749,0.00,3.40,11.64,14.33,29.36,29.64,34.1,33.7,25.6,25.0,gstreamer_single
279,57.791,0.00,3.06,12.25,14.42,29.73,30.00,33.6,33.3,25.7,25.0,gstreamer_single
280,57.830,0.00,3.21,11.05,13.80,28.06,28.47,35.6,35.1,25.6,25.0,gstreamer_single
281,57.864,0.00,3.24,11.36,14.39,28.99,29.23,34.5,34.2,25.9,25.0,gstreamer_single
282,57.902,0.00,3.20,10.76,13.73,27.69,28.05,36.1,35.6,26.0,25.0,gstreamer_single
283,57.935,0.00,3.22,11.07,14.91,29.20,29.47,34.3,33.9,26.1,25.0,gstreamer_single
284,57.970,0.00,3.05,11.17,14.25,28.47,28.73,35.1,34.8,26.3,25.0,gstreamer_single
285,58.014,0.00,3.26,14.68,14.23,32.18,32.47,31.1,30.8,26.2,25.0,gstreamer_single
286,58.056,0.00,3.45,14.81,14.38,32.64,33.51,30.6,29.8,26.2,25.0,gstreamer_single
287,58.095,0.00,3.10,12.92,13.87,29.89,30.19,33.5,33.1,26.3,25.0,gstreamer_single
288,58.134,0.00,2.98,13.30,13.56,29.84,30.17,33.5,33.1,26.1,25.0,gstreamer_single
289,58.173,0.00,2.94,11.97,14.38,29.29,29.56,34.1,33.8,26.1,25.0,gstreamer_single
290,58.214,0.00,3.31,12.03,14.25,29.59,29.98,33.8,33.4,26.2,25.0,gstreamer_single
291,58.255,0.00,3.55,11.79,15.25,30.59,30.90,32.7,32.4,26.2,25.0,gstreamer_single
292,58.288,0.00,2.85,10.81,14.91,28.57,28.82,35.0,34.7,26.3,25.0,gstreamer_single
293,58.326,0.00,2.97,11.16,15.39,29.53,30.02,33.9,33.3,26.4,25.0,gstreamer_single
294,58.362,0.00,3.27,11.86,15.03,30.16,30.43,33.2,32.9,26.5,25.0,gstreamer_single
295,58.407,0.00,3.66,11.53,15.00,30.20,30.48,33.1,32.8,26.1,25.0,gstreamer_single
296,58.438,0.00,3.05,10.82,15.11,28.98,29.23,34.5,34.2,26.2,25.0,gstreamer_single
297,58.476,0.00,3.00,10.73,14.86,28.59,28.84,35.0,34.7,26.2,25.0,gstreamer_single
298,58.515,0.00,3.39,14.97,14.78,33.13,33.47,30.2,29.9,26.2,25.0,gstreamer_single
299,58.548,0.00,3.90,10.69,14.40,29.00,29.24,34.5,34.2,26.6,25.0,gstreamer_single
300,58.590,0.00,3.06,11.36,14.27,28.68,29.08,34.9,34.4,26.3,25.0,gstreamer_single
301,58.627,0.00,3.26,11.56,14.21,29.03,29.31,34.5,34.1,26.3,25.0,gstreamer_single
302,58.663,0.00,3.66,10.81,14.29,28.76,29.04,34.8,34.4,26.4,25.0,gstreamer_single
303,58.705,0.00,3.21,11.03,14.69,28.93,29.25,34.6,34.2,26.2,25.0,gstreamer_single
304,58.744,0.00,3.28,11.25,14.44,28.96,29.46,34.5,33.9,26.1,25.0,gstreamer_single
305,58.784,0.00,3.29,11.33,14.34,28.96,29.24,34.5,34.2,26.1,25.0,gstreamer_single
306,58.824,0.00,3.09,11.49,14.67,29.25,29.53,34.2,33.9,26.0,25.0,gstreamer_single
307,58.860,0.00,2.95,11.00,14.68,28.62,28.91,34.9,34.6,26.1,25.0,gstreamer_single
308,58.897,0.00,3.45,10.97,14.35,28.77,29.09,34.8,34.4,26.2,25.0,gstreamer_single
309,58.938,0.00,2.89,11.55,14.35,28.79,29.21,34.7,34.2,26.2,25.0,gstreamer_single
310,58.985,0.00,4.15,14.73,14.81,33.69,34.02,29.7,29.4,25.9,25.0,gstreamer_single
311,59.415,0.00,3.60,11.31,14.50,29.41,29.68,34.0,33.7,19.2,25.0,gstreamer_single
312,59.462,0.00,3.08,16.52,14.55,34.15,34.41,29.3,29.1,19.0,25.0,gstreamer_single
313,59.501,0.00,3.49,10.91,14.27,28.67,28.96,34.9,34.5,18.9,25.0,gstreamer_single
314,59.544,0.00,3.04,10.87,14.71,28.62,28.89,34.9,34.6,19.0,25.0,gstreamer_single
315,59.577,0.00,3.02,11.31,14.72,29.04,29.36,34.4,34.1,19.1,25.0,gstreamer_single
316,59.614,0.00,4.00,12.61,16.19,32.80,33.19,30.5,30.1,19.1,25.0,gstreamer_single
317,59.649,0.00,3.17,11.52,15.37,30.06,30.32,33.3,33.0,19.1,25.0,gstreamer_single
318,59.684,0.00,3.22,11.41,14.77,29.40,29.66,34.0,33.7,19.2,25.0,gstreamer_single
319,59.726,0.00,2.93,10.97,15.48,29.38,29.66,34.0,33.7,19.2,25.0,gstreamer_single
320,59.767,0.00,3.35,10.85,15.48,29.67,29.97,33.7,33.4,19.2,25.0,gstreamer_single
321,59.803,0.00,3.61,10.97,16.27,30.85,31.19,32.4,32.1,19.1,25.0,gstreamer_single
322,59.843,0.00,2.91,11.10,15.16,29.18,29.51,34.3,33.9,19.1,25.0,gstreamer_single
323,59.875,0.00,2.84,10.96,14.82,28.62,28.90,34.9,34.6,19.2,25.0,gstreamer_single
324,59.909,0.00,3.23,11.10,15.38,29.70,30.00,33.7,33.3,19.3,25.0,gstreamer_single
325,59.942,0.00,3.11,10.95,15.02,29.09,29.56,34.4,33.8,19.3,25.0,gstreamer_single
326,59.981,0.00,3.54,10.78,14.43,28.76,29.04,34.8,34.4,19.3,25.0,gstreamer_single
327,60.024,0.00,3.07,11.23,14.66,28.96,29.24,34.5,34.2,19.2,25.0,gstreamer_single
328,60.058,0.00,3.27,10.92,14.85,29.04,29.31,34.4,34.1,19.2,25.0,gstreamer_single
329,60.103,0.00,3.52,16.12,14.57,34.21,34.55,29.2,28.9,19.2,25.0,gstreamer_single
330,60.139,0.00,3.24,12.46,14.47,30.17,30.45,33.1,32.8,19.2,25.0,gstreamer_single
331,60.175,0.00,3.59,12.41,15.14,31.13,31.45,32.1,31.8,19.2,25.0,gstreamer_single
332,60.212,0.00,2.94,12.36,15.13,30.43,30.89,32.9,32.4,19.3,25.0,gstreamer_single
333,60.248,0.00,3.33,12.24,14.84,30.41,30.72,32.9,32.6,19.3,25.0,gstreamer_single
334,60.292,0.00,3.21,12.16,15.36,30.73,31.06,32.5,32.2,19.2,25.0,gstreamer_single
335,60.344,0.00,2.98,11.83,17.80,32.61,32.85,30.7,30.4,19.1,25.0,gstreamer_single
336,60.378,0.00,3.29,13.27,14.96,31.52,31.77,31.7,31.5,19.1,25.0,gstreamer_single
337,60.426,0.00,3.28,14.33,14.89,32.50,32.76,30.8,30.5,19.0,25.0,gstreamer_single
338,60.475,0.00,3.03,12.91,14.65,30.60,30.88,32.7,32.4,18.9,25.0,gstreamer_single
339,60.507,0.00,2.96,11.44,14.42,28.81,29.17,34.7,34.3,19.1,25.0,gstreamer_single
340,60.554,0.00,3.37,16.24,14.30,33.91,34.19,29.5,29.2,25.4,25.0,gstreamer_single
341,60.593,0.00,3.52,11.92,14.69,30.13,30.43,33.2,32.9,25.7,25.0,gstreamer_single
342,60.626,0.00,3.11,11.74,14.51,29.36,29.68,34.1,33.7,25.8,25.0,gstreamer_single
343,60.661,0.00,3.13,11.93,14.59,29.65,29.98,33.7,33.4,26.0,25.0,gstreamer_single
344,60.698,0.00,3.10,11.19,14.90,29.20,29.45,34.3,34.0,25.9,25.0,gstreamer_single
345,60.739,0.00,2.89,16.90,15.24,35.03,35.29,28.5,28.3,25.8,25.0,gstreamer_single
346,60.779,0.00,3.18,13.91,15.36,32.45,32.72,30.8,30.6,25.6,25.0,gstreamer_single
347,60.814,0.00,2.90,12.11,14.38,29.39,29.65,34.0,33.7,25.7,25.0,gstreamer_single
348,60.856,0.00,3.23,11.23,14.49,28.95,29.27,34.5,34.2,25.7,25.0,gstreamer_single
349,60.903,0.00,3.26,10.59,21.28,35.13,35.45,28.5,28.2,25.5,25.0,gstreamer_single
350,60.941,0.00,3.24,10.78,14.40,28.42,28.74,35.2,34.8,25.5,25.0,gstreamer_single
351,60.983,0.00,3.53,11.05,14.47,29.05,29.59,34.4,33.8,25.4,25.0,gstreamer_single
352,61.023,0.00,3.00,11.01,14.66,28.67,28.95,34.9,34.5,25.3,25.0,gstreamer_single
353,61.064,0.00,3.56,11.14,14.43,29.13,29.42,34.3,34.0,25.1,25.0,gstreamer_single
354,61.099,0.00,3.45,10.86,14.51,28.83,29.11,34.7,34.4,25.1,25.0,gstreamer_single
355,61.145,0.00,3.42,15.26,14.60,33.29,33.62,30.0,29.7,24.9,25.0,gstreamer_single
356,61.295,0.00,4.63,11.93,23.05,39.61,39.99,25.2,25.0,22.8,25.0,gstreamer_single
357,61.359,0.00,4.34,12.96,38.63,55.93,56.31,17.9,17.8,22.3,25.0,gstreamer_single
358,61.405,0.00,3.51,11.09,15.82,30.42,30.72,32.9,32.5,22.3,25.0,gstreamer_single
359,61.442,0.00,3.23,11.11,15.35,29.69,29.97,33.7,33.4,22.3,25.0,gstreamer_single
360,61.492,0.00,3.11,10.83,17.22,31.16,31.44,32.1,31.8,22.0,25.0,gstreamer_single
361,61.534,0.00,4.71,14.35,14.59,33.65,33.95,29.7,29.5,21.9,25.0,gstreamer_single
362,61.572,0.00,3.16,11.05,18.46,32.67,33.15,30.6,30.2,21.9,25.0,gstreamer_single
363,61.610,0.00,3.11,10.67,17.11,30.90,31.36,32.4,31.9,22.0,25.0,gstreamer_single
364,61.644,0.00,2.93,11.39,16.61,30.93,31.22,32.3,32.0,22.3,25.0,gstreamer_single
365,61.684,0.00,3.37,10.99,15.82,30.17,30.45,33.1,32.8,22.2,25.0,gstreamer_single
366,61.729,0.00,2.90,11.07,18.89,32.87,33.90,30.4,29.5,22.3,25.0,gstreamer_single
367,61.766,0.00,3.58,11.43,16.51,31.52,31.86,31.7,31.4,22.5,25.0,gstreamer_single
368,61.806,0.00,3.23,10.87,18.55,32.65,33.04,30.6,30.3,22.3,25.0,gstreamer_single
369,61.840,0.00,2.89,10.79,14.93,28.61,28.95,35.0,34.5,22.6,25.0,gstreamer_single
370,61.875,0.00,3.11,11.52,15.30,29.93,30.23,33.4,33.1,22.6,25.0,gstreamer_single
371,61.915,0.00,4.36,11.03,17.31,32.70,33.08,30.6,30.2,22.5,25.0,gstreamer_single
372,61.960,0.00,3.04,11.03,26.60,40.67,40.92,24.6,24.4,22.3,25.0,gstreamer_single
373,61.999,0.00,3.17,11.55,15.83,30.55,30.85,32.7,32.4,22.3,25.0,gstreamer_single
374,62.043,0.00,3.05,12.95,15.83,31.83,32.10,31.4,31.2,22.2,25.0,gstreamer_single
375,62.081,0.00,2.91,12.16,15.37,30.44,30.71,32.9,32.6,22.3,25.0,gstreamer_single
376,62.118,0.00,2.98,14.47,15.73,33.19,33.52,30.1,29.8,22.2,25.0,gstreamer_single
377,62.161,0.00,3.41,11.30,16.21,30.92,31.18,32.3,32.1,22.2,25.0,gstreamer_single
378,62.197,0.00,3.09,10.62,15.54,29.25,29.62,34.2,33.8,22.4,25.0,gstreamer_single
379,62.230,0.00,3.01,11.04,14.61,28.67,29.00,34.9,34.5,22.5,25.0,gstreamer_single
380,62.266,0.00,4.32,11.30,17.04,32.66,32.96,30.6,30.3,22.6,25.0,gstreamer_single
381,62.301,0.00,3.31,10.93,14.22,28.46,28.77,35.1,34.8,22.7,25.0,gstreamer_single
382,62.341,0.00,3.45,10.65,15.28,29.38,29.88,34.0,33.5,22.7,25.0,gstreamer_single
383,62.375,0.00,3.07,11.88,16.01,30.96,31.46,32.3,31.8,22.7,25.0,gstreamer_single
384,62.416,0.00,3.40,14.47,15.10,32.98,33.24,30.3,30.1,22.8,25.0,gstreamer_single
385,62.460,0.00,3.08,13.03,14.10,30.22,30.46,33.1,32.8,24.9,25.0,gstreamer_single
386,62.496,0.00,3.04,11.00,15.82,29.86,30.23,33.5,33.1,25.5,25.0,gstreamer_single
387,62.541,0.00,4.35,10.93,20.65,35.93,36.56,27.8,27.4,25.5,25.0,gstreamer_single
388,62.575,0.00,3.34,11.30,13.83,28.47,28.74,35.1,34.8,25.6,25.0,gstreamer_single
389,62.618,0.00,3.38,11.89,15.06,30.33,30.65,33.0,32.6,25.8,25.0,gstreamer_single
390,62.675,0.00,3.07,13.20,29.48,45.74,46.23,21.9,21.6,25.4,25.0,gstreamer_single
391,62.719,0.00,3.68,14.44,19.08,37.20,37.67,26.9,26.5,25.3,25.0,gstreamer_single
392,62.759,0.00,3.21,12.75,14.91,30.87,31.24,32.4,32.0,25.2,25.0,gstreamer_single
393,62.807,0.00,4.47,13.85,16.04,34.36,34.81,29.1,28.7,24.9,25.0,gstreamer_single
394,62.843,0.00,3.28,10.71,15.76,29.75,30.05,33.6,33.3,25.0,25.0,gstreamer_single
395,62.884,0.00,3.26,11.26,15.08,29.61,30.09,33.8,33.2,25.1,25.0,gstreamer_single
396,62.923,0.00,3.32,10.74,14.77,28.83,29.29,34.7,34.1,25.1,25.0,gstreamer_single
397,62.968,0.00,3.35,10.74,16.50,30.59,30.87,32.7,32.4,25.0,25.0,gstreamer_single
398,63.008,0.00,3.09,10.84,15.65,29.58,29.97,33.8,33.4,24.8,25.0,gstreamer_single
399,63.041,0.00,3.12,11.22,15.79,30.14,30.43,33.2,32.9,24.9,25.0,gstreamer_single
400,63.081,0.00,3.36,11.71,21.92,37.00,37.28,27.0,26.8,24.9,25.0,gstreamer_single
401,63.125,0.00,3.39,15.06,22.27,40.71,41.02,24.6,24.4,24.9,25.0,gstreamer_single
402,63.169,0.00,3.05,11.10,15.11,29.27,29.57,34.2,33.8,24.8,25.0,gstreamer_single
403,63.207,0.00,2.94,10.97,15.57,29.48,29.92,33.9,33.4,24.9,25.0,gstreamer_single
404,63.251,0.00,3.17,10.76,20.58,34.51,34.78,29.0,28.8,24.8,25.0,gstreamer_single
405,63.290,0.00,3.32,11.03,15.64,29.99,30.25,33.3,33.1,24.8,25.0,gstreamer_single
406,63.346,0.00,3.44,15.80,25.57,44.81,45.13,22.3,22.2,24.5,25.0,gstreamer_single
407,63.383,0.00,3.37,13.32,14.70,31.39,31.70,31.9,31.5,24.4,25.0,gstreamer_single
408,63.430,0.00,3.77,11.10,14.91,29.79,30.25,33.6,33.1,24.2,25.0,gstreamer_single
409,63.474,0.00,3.60,14.65,14.36,32.60,32.93,30.7,30.4,24.0,25.0,gstreamer_single
410,63.512,0.00,3.43,11.41,13.94,28.78,29.18,34.7,34.3,23.9,25.0,gstreamer_single
411,63.553,0.00,3.55,11.48,15.06,30.09,30.40,33.2,32.9,23.9,25.0,gstreamer_single
412,63.588,0.00,2.94,10.98,14.19,28.11,28.42,35.6,35.2,23.9,25.0,gstreamer_single
413,63.625,0.00,3.33,12.04,14.00,29.37,29.77,34.1,33.6,24.0,25.0,gstreamer_single
414,63.665,0.00,3.31,11.47,14.79,29.57,30.03,33.8,33.3,24.1,25.0,gstreamer_single
415,63.706,0.00,3.59,11.16,14.19,28.95,29.32,34.5,34.1,24.0,25.0,gstreamer_single
416,63.738,0.00,3.30,10.86,15.21,29.38,29.68,34.0,33.7,24.2,25.0,gstreamer_single
417,63.794,0.00,3.30,13.37,27.53,44.21,44.47,22.6,22.5,23.8,25.0,gstreamer_single
418,63.835,0.00,3.15,15.09,15.16,33.39,33.70,29.9,29.7,23.8,25.0,gstreamer_single
419,63.875,0.00,3.15,14.42,14.97,32.54,32.84,30.7,30.5,24.2,25.0,gstreamer_single
420,63.912,0.00,4.02,11.37,14.57,29.95,30.35,33.4,32.9,24.3,25.0,gstreamer_single
421,63.955,0.00,3.67,13.33,15.70,32.71,32.98,30.6,30.3,24.2,25.0,gstreamer_single
422,63.988,0.00,2.96,11.06,14.91,28.92,29.19,34.6,34.3,24.6,25.0,gstreamer_single
423,64.025,0.00,3.31,11.02,16.32,30.65,30.93,32.6,32.3,24.5,25.0,gstreamer_single
424,64.057,0.00,2.95,10.79,14.74,28.48,28.92,35.1,34.6,24.7,25.0,gstreamer_single
425,64.096,0.00,2.87,12.93,18.84,34.65,34.97,28.9,28.6,24.7,25.0,gstreamer_single
426,64.143,0.00,3.52,15.56,23.33,42.42,42.72,23.6,23.4,24.7,25.0,gstreamer_single
427,64.188,0.00,3.10,11.05,14.55,28.70,29.07,34.8,34.4,24.6,25.0,gstreamer_single
428,64.236,0.00,3.15,10.94,25.43,39.51,39.85,25.3,25.1,24.3,25.0,gstreamer_single
429,64.268,0.00,3.65,11.14,14.69,29.48,29.91,33.9,33.4,24.4,25.0,gstreamer_single
430,64.308,0.00,3.03,10.81,14.60,28.43,28.71,35.2,34.8,24.5,25.0,gstreamer_single
431,64.343,0.00,3.08,14.13,14.27,31.47,31.75,31.8,31.5,24.7,25.0,gstreamer_single
432,64.386,0.00,4.33,11.15,14.86,30.34,30.76,33.0,32.5,24.6,25.0,gstreamer_single
433,64.427,0.00,3.98,11.61,14.25,29.84,30.31,33.5,33.0,24.7,25.0,gstreamer_single
434,64.460,0.00,3.23,11.17,14.86,29.26,29.54,34.2,33.9,24.8,25.0,gstreamer_single
435,64.508,0.00,3.86,11.73,14.39,29.97,30.27,33.4,33.0,24.9,25.0,gstreamer_single
436,64.558,0.00,3.56,11.22,21.46,36.25,36.63,27.6,27.3,24.7,25.0,gstreamer_single
437,64.592,0.00,3.34,11.27,14.42,29.03,29.30,34.4,34.1,25.0,25.0,gstreamer_single
438,64.635,0.00,3.24,12.16,15.56,30.96,31.28,32.3,32.0,25.0,25.0,gstreamer_single
439,64.674,0.00,3.05,12.00,14.28,29.33,29.65,34.1,33.7,25.0,25.0,gstreamer_single
440,64.726,0.00,3.37,12.77,25.74,41.88,42.26,23.9,23.7,24.7,25.0,gstreamer_single
441,64.769,0.00,4.02,12.86,17.41,34.29,34.58,29.2,28.9,24.6,25.0,gstreamer_single
442,64.811,0.00,2.92,11.12,20.74,34.78,35.05,28.8,28.5,24.5,25.0,gstreamer_single
443,64.861,0.00,3.23,15.11,21.46,39.80,40.08,25.1,24.9,24.2,25.0,gstreamer_single
444,64.895,0.00,2.96,11.27,15.60,29.83,30.11,33.5,33.2,24.4,25.0,gstreamer_single
445,64.941,0.00,3.38,11.29,14.20,28.86,29.47,34.6,33.9,24.1,25.0,gstreamer_single
446,64.982,0.00,3.10,10.91,14.37,28.37,28.66,35.2,34.9,24.4,25.0,gstreamer_single
447,65.023,0.00,3.31,10.89,14.35,28.56,29.11,35.0,34.3,24.4,25.0,gstreamer_single
448,65.056,0.00,3.30,11.25,16.24,30.80,31.08,32.5,32.2,24.5,25.0,gstreamer_single
449,65.102,0.00,3.11,13.15,21.17,37.43,38.04,26.7,26.3,24.4,25.0,gstreamer_single
450,65.139,0.00,3.60,12.93,15.67,32.20,32.70,31.1,30.6,24.5,25.0,gstreamer_single
451,65.177,0.00,3.18,10.64,15.29,29.11,29.53,34.4,33.9,24.4,25.0,gstreamer_single
452,65.217,0.00,3.17,10.67,15.09,28.93,29.30,34.6,34.1,24.3,25.0,gstreamer_single
453,65.257,0.00,2.99,10.78,15.68,29.46,29.82,33.9,33.5,24.2,25.0,gstreamer_single
454,65.298,0.00,3.53,11.50,14.44,29.47,29.87,33.9,33.5,24.1,25.0,gstreamer_single
455,65.342,0.00,3.84,14.61,14.27,32.72,33.24,30.6,30.1,24.2,25.0,gstreamer_single
456,65.379,0.00,3.18,10.84,14.89,28.91,29.16,34.6,34.3,24.4,25.0,gstreamer_single
457,65.427,0.00,3.42,16.99,15.24,35.65,36.09,28.0,27.7,24.3,25.0,gstreamer_single
458,65.469,0.00,3.75,11.54,14.75,30.04,30.43,33.3,32.9,24.2,25.0,gstreamer_single
459,65.540,0.00,6.14,12.97,39.57,58.68,59.17,17.0,16.9,23.5,25.0,gstreamer_single
460,65.600,0.00,4.34,11.41,40.41,56.17,56.54,17.8,17.7,23.1,25.0,gstreamer_single
461,65.656,0.00,4.53,11.49,29.90,45.93,46.35,21.8,21.6,22.8,25.0,gstreamer_single
462,65.690,0.00,3.08,10.89,15.21,29.17,29.49,34.3,33.9,22.9,25.0,gstreamer_single
463,65.723,0.00,2.98,10.84,15.19,29.01,29.40,34.5,34.0,23.0,25.0,gstreamer_single
464,65.757,0.00,3.54,10.96,14.72,29.22,29.56,34.2,33.8,23.2,25.0,gstreamer_single
465,65.806,0.00,3.80,19.95,15.52,39.26,39.57,25.5,25.3,23.2,25.0,gstreamer_single
466,65.839,0.00,3.09,10.99,16.27,30.35,30.62,32.9,32.7,23.2,25.0,gstreamer_single
467,65.874,0.00,3.23,12.24,14.80,30.27,30.53,33.0,32.8,23.4,25.0,gstreamer_single
468,65.914,0.00,3.22,11.45,17.98,32.64,32.91,30.6,30.4,23.4,25.0,gstreamer_single
469,65.947,0.00,3.84,10.84,15.13,29.80,30.24,33.6,33.1,23.8,25.0,gstreamer_single
470,65.988,0.00,3.28,10.93,18.34,32.55,32.85,30.7,30.4,23.8,25.0,gstreamer_single
471,66.031,0.00,3.97,11.36,17.29,32.62,32.89,30.7,30.4,23.8,25.0,gstreamer_single
472,66.065,0.00,3.57,11.30,14.65,29.52,29.80,33.9,33.6,24.1,25.0,gstreamer_single
473,66.099,0.00,3.41,11.28,15.04,29.73,30.22,33.6,33.1,24.1,25.0,gstreamer_single
474,66.142,0.00,3.22,14.07,14.62,31.90,32.30,31.3,31.0,24.1,25.0,gstreamer_single
475,66.180,0.00,3.67,11.26,14.61,29.55,29.87,33.8,33.5,24.2,25.0,gstreamer_single
476,66.222,0.00,3.39,12.48,21.93,37.80,38.12,26.5,26.2,24.2,25.0,gstreamer_single
477,66.278,0.00,2.98,11.51,36.63,51.12,51.43,19.6,19.4,23.7,25.0,gstreamer_single
478,66.335,0.00,3.13,12.41,25.76,41.30,41.61,24.2,24.0,23.5,25.0,gstreamer_single
479,66.376,0.00,2.87,13.69,15.62,32.18,32.52,31.1,30.7,23.4,25.0,gstreamer_single
480,66.417,0.00,3.76,15.40,15.08,34.24,34.50,29.2,29.0,23.4,25.0,gstreamer_single
481,66.459,0.00,3.17,13.96,14.82,31.95,32.28,31.3,31.0,23.3,25.0,gstreamer_single
482,66.493,0.00,2.87,12.13,16.22,31.22,31.51,32.0,31.7,23.5,25.0,gstreamer_single
483,66.557,0.00,4.31,12.44,30.33,47.08,47.54,21.2,21.0,23.0,25.0,gstreamer_single
484,66.607,0.00,4.74,12.73,28.46,45.93,46.32,21.8,21.6,22.9,25.0,gstreamer_single
485,66.641,0.00,3.22,12.05,14.91,30.18,30.52,33.1,32.8,23.0,25.0,gstreamer_single
486,66.675,0.00,3.70,11.98,14.45,30.13,30.66,33.2,32.6,23.2,25.0,gstreamer_single
487,66.725,0.00,3.45,13.36,16.72,33.53,33.94,29.8,29.5,23.1,25.0,gstreamer_single
488,66.766,0.00,4.93,11.08,14.17,30.18,30.68,33.1,32.6,23.7,25.0,gstreamer_single
489,66.815,0.00,3.07,14.83,14.72,32.62,33.09,30.7,30.2,23.9,25.0,gstreamer_single
490,66.856,0.00,3.27,10.92,16.62,30.81,31.08,32.5,32.2,24.1,25.0,gstreamer_single
491,66.900,0.00,3.98,11.12,17.41,32.51,32.84,30.8,30.4,24.0,25.0,gstreamer_single
492,66.944,0.00,2.86,11.77,19.65,34.27,34.56,29.2,28.9,23.8,25.0,gstreamer_single
493,67.001,0.00,4.15,12.82,29.67,46.65,47.14,21.4,21.2,23.3,25.0,gstreamer_single
494,67.036,0.00,3.27,11.42,14.86,29.55,29.93,33.8,33.4,23.6,25.0,gstreamer_single
495,67.078,0.00,2.96,12.83,14.56,30.35,30.87,32.9,32.4,23.4,25.0,gstreamer_single
496,67.126,0.00,3.62,16.35,17.53,37.50,37.87,26.7,26.4,23.2,25.0,gstreamer_single
497,67.182,0.00,3.04,13.60,21.82,38.46,39.14,26.0,25.6,22.9,25.0,gstreamer_single
498,67.225,0.00,3.43,12.18,14.40,30.01,30.32,33.3,33.0,22.7,25.0,gstreamer_single
499,67.265,0.00,3.78,11.56,14.46,29.80,30.14,33.6,33.2,22.7,25.0,gstreamer_single
500,67.324,0.00,3.26,11.76,33.51,48.53,49.09,20.6,20.4,22.4,25.0,gstreamer_single
501,67.356,0.00,3.17,11.13,14.56,28.86,29.14,34.7,34.3,22.5,25.0,gstreamer_single
502,67.392,0.00,3.22,13.11,14.86,31.19,31.46,32.1,31.8,22.4,25.0,gstreamer_single
503,67.426,0.00,3.41,10.81,14.63,28.85,29.19,34.7,34.3,22.6,25.0,gstreamer_single
504,67.466,0.00,3.21,11.16,14.71,29.08,29.52,34.4,33.9,22.6,25.0,gstreamer_single
505,67.517,0.00,3.19,11.44,24.65,39.29,39.61,25.5,25.2,22.4,25.0,gstreamer_single
506,67.569,0.00,4.54,11.28,25.08,40.90,41.31,24.4,24.2,22.5,25.0,gstreamer_single
507,67.615,0.00,3.29,15.78,14.69,33.77,34.02,29.6,29.4,22.7,25.0,gstreamer_single
508,67.656,0.00,3.29,11.17,15.47,29.94,30.25,33.4,33.1,22.7,25.0,gstreamer_single
509,67.705,0.00,3.21,12.00,14.75,29.96,30.23,33.4,33.1,22.5,25.0,gstreamer_single
510,67.740,0.00,2.85,10.72,15.28,28.84,29.17,34.7,34.3,22.6,25.0,gstreamer_single
511,67.775,0.00,2.93,10.87,17.01,30.81,31.06,32.5,32.2,22.6,25.0,gstreamer_single
512,67.811,0.00,2.92,11.08,19.02,33.02,33.28,30.3,30.0,23.1,25.0,gstreamer_single
513,67.852,0.00,3.24,10.80,15.67,29.71,30.04,33.7,33.3,23.3,25.0,gstreamer_single
514,67.901,0.00,3.18,10.96,27.29,41.42,41.71,24.1,24.0,23.0,25.0,gstreamer_single
515,67.939,0.00,3.42,10.84,14.39,28.65,28.93,34.9,34.6,22.9,25.0,gstreamer_single
516,67.976,0.00,3.00,11.98,16.53,31.51,31.82,31.7,31.4,23.2,25.0,gstreamer_single
517,68.039,0.00,3.31,10.97,30.45,44.73,45.07,22.4,22.2,22.8,25.0,gstreamer_single
518,68.085,0.00,3.03,13.78,24.12,40.93,41.23,24.4,24.3,22.8,25.0,gstreamer_single
519,68.129,0.00,3.87,13.93,16.67,34.47,34.98,29.0,28.6,22.8,25.0,gstreamer_single
520,68.168,0.00,4.59,10.98,17.34,32.92,33.36,30.4,30.0,22.9,25.0,gstreamer_single
521,68.212,0.00,3.48,11.04,16.06,30.58,30.82,32.7,32.4,22.9,25.0,gstreamer_single
522,68.260,0.00,3.01,10.99,20.86,34.86,35.12,28.7,28.5,23.0,25.0,gstreamer_single
523,68.300,0.00,3.38,10.93,14.28,28.59,28.92,35.0,34.6,22.9,25.0,gstreamer_single
524,68.343,0.00,4.16,11.88,14.74,30.77,31.30,32.5,31.9,22.9,25.0,gstreamer_single
525,68.382,0.00,3.53,11.04,14.76,29.33,29.74,34.1,33.6,23.1,25.0,gstreamer_single
526,68.430,0.00,4.26,11.80,15.08,31.15,31.51,32.1,31.7,23.2,25.0,gstreamer_single
527,68.470,0.00,4.10,11.33,13.90,29.33,29.58,34.1,33.8,23.3,25.0,gstreamer_single
528,68.521,0.00,3.36,15.16,20.69,39.21,39.68,25.5,25.2,23.1,25.0,gstreamer_single
529,68.561,0.00,3.00,10.74,15.23,28.97,29.41,34.5,34.0,23.4,25.0,gstreamer_single
530,68.605,0.00,4.61,10.86,16.41,31.88,32.21,31.4,31.0,23.2,25.0,gstreamer_single
531,68.643,0.00,3.33,11.12,14.66,29.11,29.42,34.4,34.0,23.2,25.0,gstreamer_single
532,68.674,0.00,3.38,11.16,14.33,28.87,29.13,34.6,34.3,23.2,25.0,gstreamer_single
533,68.710,0.00,3.45,13.13,14.93,31.50,31.91,31.7,31.3,23.3,25.0,gstreamer_single
534,68.745,0.00,4.57,12.00,13.78,30.34,30.67,33.0,32.6,23.6,25.0,gstreamer_single
535,68.784,0.00,3.43,11.30,14.61,29.34,29.65,34.1,33.7,23.9,25.0,gstreamer_single
536,68.825,0.00,3.28,11.05,14.76,29.09,29.36,34.4,34.1,24.0,25.0,gstreamer_single
537,68.868,0.00,3.46,11.13,15.38,29.97,30.32,33.4,33.0,23.9,25.0,gstreamer_single
538,68.907,0.00,4.12,11.76,18.22,34.10,34.44,29.3,29.0,24.1,25.0,gstreamer_single
539,68.946,0.00,3.39,10.81,15.23,29.43,29.93,34.0,33.4,24.0,25.0,gstreamer_single
540,68.985,0.00,3.34,10.98,20.27,34.60,35.07,28.9,28.5,24.0,25.0,gstreamer_single
541,69.026,0.00,4.42,11.32,15.60,31.34,31.71,31.9,31.5,23.9,25.0,gstreamer_single
542,69.074,0.00,3.10,12.13,14.58,29.81,30.16,33.5,33.2,23.7,25.0,gstreamer_single
543,69.112,0.00,4.10,12.80,15.63,32.53,33.33,30.7,30.0,24.0,25.0,gstreamer_single
544,69.160,0.00,4.56,11.92,16.19,32.67,33.05,30.6,30.3,23.8,25.0,gstreamer_single
545,69.196,0.00,2.95,10.59,14.34,27.88,28.16,35.9,35.5,23.8,25.0,gstreamer_single
546,69.240,0.00,4.91,11.47,14.68,31.06,31.42,32.2,31.8,24.2,25.0,gstreamer_single
547,69.276,0.00,4.11,11.47,14.42,30.00,30.32,33.3,33.0,24.4,25.0,gstreamer_single
548,69.317,0.00,3.19,11.35,14.61,29.14,29.53,34.3,33.9,24.4,25.0,gstreamer_single
549,69.364,0.00,2.89,13.85,17.45,34.19,34.74,29.2,28.8,24.3,25.0,gstreamer_single
550,69.409,0.00,3.55,11.50,15.34,30.39,30.70,32.9,32.6,24.2,25.0,gstreamer_single
551,69.455,0.00,3.51,11.07,17.98,32.56,32.85,30.7,30.4,24.3,25.0,gstreamer_single
552,69.491,0.00,3.44,11.46,17.11,32.02,32.26,31.2,31.0,24.4,25.0,gstreamer_single
553,69.526,0.00,3.41,11.17,17.78,32.37,32.61,30.9,30.7,24.5,25.0,gstreamer_single
554,69.564,0.00,2.98,10.92,15.40,29.30,29.60,34.1,33.8,24.5,25.0,gstreamer_single
555,69.610,0.00,4.17,11.46,20.69,36.31,36.75,27.5,27.2,24.6,25.0,gstreamer_single
556,69.648,0.00,2.97,10.71,17.89,31.57,31.84,31.7,31.4,24.6,25.0,gstreamer_single
557,69.684,0.00,4.20,11.14,16.01,31.35,31.73,31.9,31.5,24.9,25.0,gstreamer_single
558,69.722,0.00,4.13,11.28,17.82,33.23,33.51,30.1,29.8,25.0,25.0,gstreamer_single
559,69.767,0.00,3.17,17.43,16.24,36.85,37.14,27.1,26.9,25.0,25.0,gstreamer_single
560,69.825,0.00,3.80,11.73,33.84,49.38,49.66,20.3,20.1,24.5,25.0,gstreamer_single
561,69.863,0.00,3.64,11.00,16.01,30.65,31.07,32.6,32.2,24.4,25.0,gstreamer_single
562,69.907,0.00,3.30,11.45,14.70,29.45,29.85,34.0,33.5,24.2,25.0,gstreamer_single
563,69.962,0.00,4.50,12.26,20.23,36.99,37.41,27.0,26.7,23.8,25.0,gstreamer_single
564,70.009,0.00,3.35,12.44,26.50,42.29,42.74,23.6,23.4,23.7,25.0,gstreamer_single
565,70.078,0.00,6.82,17.12,37.09,61.03,61.63,16.4,16.2,23.1,25.0,gstreamer_single
566,70.137,0.00,5.31,11.87,35.84,53.02,53.44,18.9,18.7,22.9,25.0,gstreamer_single
567,70.177,0.00,3.87,12.65,15.39,31.91,32.62,31.3,30.7,22.8,25.0,gstreamer_single
568,70.214,0.00,3.69,11.87,14.95,30.50,30.93,32.8,32.3,22.9,25.0,gstreamer_single
569,70.263,0.00,3.08,10.71,20.85,34.64,34.94,28.9,28.6,22.7,25.0,gstreamer_single
570,70.317,0.00,3.18,10.93,31.15,45.26,45.56,22.1,21.9,22.5,25.0,gstreamer_single
571,70.349,0.00,3.45,10.83,14.59,28.87,29.15,34.6,34.3,22.7,25.0,gstreamer_single
572,70.395,0.00,3.04,11.16,20.94,35.14,35.41,28.5,28.2,22.6,25.0,gstreamer_single
573,70.433,0.00,3.32,11.28,14.65,29.26,29.76,34.2,33.6,22.8,25.0,gstreamer_single
574,70.480,0.00,3.08,16.06,17.16,36.30,36.59,27.6,27.3,22.6,25.0,gstreamer_single
575,70.526,0.00,4.38,11.60,15.76,31.75,32.32,31.5,30.9,22.5,25.0,gstreamer_single
576,70.569,0.00,3.68,11.13,21.50,36.31,36.63,27.5,27.3,22.4,25.0,gstreamer_single
577,70.603,0.00,3.19,10.91,15.10,29.21,29.58,34.2,33.8,22.6,25.0,gstreamer_single
578,70.650,0.00,4.22,11.14,21.44,36.81,37.32,27.2,26.8,22.5,25.0,gstreamer_single
579,70.689,0.00,3.18,11.27,15.61,30.07,30.36,33.3,32.9,22.6,25.0,gstreamer_single
580,70.730,0.00,3.56,11.13,17.08,31.77,32.23,31.5,31.0,22.8,25.0,gstreamer_single
581,70.788,0.00,4.55,11.51,37.09,53.14,53.56,18.8,18.7,22.4,25.0,gstreamer_single
582,70.833,0.00,3.35,11.95,22.95,38.26,38.56,26.1,25.9,22.2,25.0,gstreamer_single
583,70.871,0.00,3.17,10.93,19.86,33.96,34.25,29.4,29.2,22.2,25.0,gstreamer_single
584,70.915,0.00,3.80,13.06,15.70,32.56,33.02,30.7,30.3,22.2,25.0,gstreamer_single
585,70.955,0.00,2.95,11.16,14.85,28.97,29.26,34.5,34.2,22.2,25.0,gstreamer_single
586,71.006,0.00,3.14,10.91,25.52,39.57,39.91,25.3,25.1,21.9,25.0,gstreamer_single
587,71.048,0.00,3.49,11.74,15.89,31.12,31.62,32.1,31.6,21.9,25.0,gstreamer_single
588,71.085,0.00,4.25,11.14,15.81,31.20,31.61,32.1,31.6,22.0,25.0,gstreamer_single
589,71.130,0.00,4.37,11.25,19.82,35.44,35.81,28.2,27.9,22.2,25.0,gstreamer_single
590,71.165,0.00,3.52,10.99,16.64,31.14,31.44,32.1,31.8,22.3,25.0,gstreamer_single
591,71.204,0.00,2.99,10.93,15.90,29.82,30.17,33.5,33.1,22.4,25.0,gstreamer_single
592,71.246,0.00,3.21,11.01,21.04,35.27,35.70,28.4,28.0,22.6,25.0,gstreamer_single
593,71.294,0.00,3.17,10.86,16.48,30.52,30.86,32.8,32.4,22.6,25.0,gstreamer_single
594,71.330,0.00,3.30,10.88,16.04,30.23,30.59,33.1,32.7,23.2,25.0,gstreamer_single
595,71.374,0.00,3.22,12.15,14.80,30.17,30.43,33.1,32.9,23.4,25.0,gstreamer_single
596,71.417,0.00,4.69,12.36,18.42,35.47,36.01,28.2,27.8,23.4,25.0,gstreamer_single
597,71.473,0.00,3.05,12.39,30.46,45.90,46.18,21.8,21.7,23.0,25.0,gstreamer_single
598,71.507,0.00,3.50,11.17,14.18,28.85,29.15,34.7,34.3,23.3,25.0,gstreamer_single
599,71.549,0.00,3.32,11.41,14.27,29.00,29.29,34.5,34.1,23.5,25.0,gstreamer_single
600,71.596,0.00,3.34,11.58,20.47,35.38,35.65,28.3,28.0,23.3,25.0,gstreamer_single
601,71.655,0.00,4.60,13.51,35.43,53.54,53.90,18.7,18.6,23.0,25.0,gstreamer_single
602,71.709,0.00,4.51,12.01,18.28,34.80,35.17,28.7,28.4,22.7,25.0,gstreamer_single
603,71.749,0.00,3.43,11.07,15.12,29.62,30.07,33.8,33.3,22.9,25.0,gstreamer_single
604,71.786,0.00,3.49,11.05,14.75,29.29,29.91,34.1,33.4,23.0,25.0,gstreamer_single
605,71.826,0.00,4.45,12.42,15.12,31.98,32.33,31.3,30.9,23.1,25.0,gstreamer_single
606,71.881,0.00,3.96,12.13,20.98,37.07,37.37,27.0,26.8,22.7,25.0,gstreamer_single
607,71.933,0.00,3.24,11.18,24.82,39.25,39.50,25.5,25.3,22.6,25.0,gstreamer_single
608,71.974,0.00,3.00,10.62,16.99,30.61,31.01,32.7,32.2,22.6,25.0,gstreamer_single
609,72.008,0.00,3.04,10.94,15.81,29.79,30.28,33.6,33.0,22.7,25.0,gstreamer_single
610,72.054,0.00,3.37,11.20,14.67,29.24,29.55,34.2,33.8,22.9,25.0,gstreamer_single
611,72.098,0.00,3.81,13.10,14.83,31.75,32.03,31.5,31.2,22.9,25.0,gstreamer_single
612,72.144,0.00,3.03,17.40,14.80,35.23,35.58,28.4,28.1,22.8,25.0,gstreamer_single
613,72.184,0.00,3.21,10.82,14.82,28.85,29.32,34.7,34.1,22.9,25.0,gstreamer_single
614,72.224,0.00,3.38,11.74,14.73,29.85,30.45,33.5,32.8,22.8,25.0,gstreamer_single
615,72.270,0.00,3.49,11.11,14.70,29.29,29.54,34.1,33.8,22.9,25.0,gstreamer_single
616,72.306,0.00,3.17,10.90,17.59,31.66,31.91,31.6,31.3,23.1,25.0,gstreamer_single
617,72.350,0.00,3.35,11.04,20.76,35.15,35.71,28.4,28.0,22.9,25.0,gstreamer_single
618,72.385,0.00,3.48,11.62,14.87,29.97,30.26,33.4,33.0,23.1,25.0,gstreamer_single
619,72.426,0.00,3.15,10.94,15.08,29.18,29.46,34.3,33.9,23.0,25.0,gstreamer_single
620,72.477,0.00,3.27,13.38,17.20,33.85,34.20,29.5,29.2,22.8,25.0,gstreamer_single
621,72.510,0.00,3.03,10.68,15.08,28.79,29.12,34.7,34.3,23.0,25.0,gstreamer_single
622,72.555,0.00,3.16,10.86,14.93,28.95,29.55,34.5,33.8,23.0,25.0,gstreamer_single
623,72.594,0.00,3.21,11.01,18.93,33.15,33.42,30.2,29.9,23.0,25.0,gstreamer_single
624,72.635,0.00,3.43,13.99,15.31,32.73,33.00,30.6,30.3,23.0,25.0,gstreamer_single
625,72.696,0.00,4.96,11.44,39.07,55.47,55.77,18.0,17.9,22.7,25.0,gstreamer_single
626,72.754,0.00,4.48,11.73,32.44,48.66,48.95,20.6,20.4,22.6,25.0,gstreamer_single
627,72.792,0.00,3.22,13.10,14.76,31.09,31.38,32.2,31.9,22.6,25.0,gstreamer_single
628,72.835,0.00,4.54,14.39,14.67,33.60,33.84,29.8,29.6,22.5,25.0,gstreamer_single
629,72.873,0.00,2.96,10.76,15.73,29.45,29.79,34.0,33.6,22.7,25.0,gstreamer_single
630,72.921,0.00,3.35,15.15,21.43,39.93,40.19,25.0,24.9,22.9,25.0,gstreamer_single
631,72.957,0.00,3.86,11.27,16.41,31.54,31.83,31.7,31.4,23.2,25.0,gstreamer_single
632,72.992,0.00,4.46,11.70,14.51,30.67,31.14,32.6,32.1,23.3,25.0,gstreamer_single
633,73.037,0.00,3.50,10.78,15.13,29.41,29.81,34.0,33.5,23.2,25.0,gstreamer_single
634,73.083,0.00,2.91,16.21,15.09,34.21,34.97,29.2,28.6,23.1,25.0,gstreamer_single
635,73.118,0.00,3.41,12.22,14.58,30.20,30.45,33.1,32.8,23.4,25.0,gstreamer_single
636,73.164,0.00,2.97,10.85,21.95,35.77,36.14,28.0,27.7,23.6,25.0,gstreamer_single
637,73.200,0.00,3.67,11.79,16.06,31.53,31.80,31.7,31.4,23.7,25.0,gstreamer_single
638,73.240,0.00,3.14,10.81,16.86,30.82,31.08,32.5,32.2,23.5,25.0,gstreamer_single
639,73.280,0.00,3.12,12.17,14.76,30.05,30.31,33.3,33.0,23.7,25.0,gstreamer_single
640,73.330,0.00,3.37,11.84,23.75,38.97,39.24,25.7,25.5,23.5,25.0,gstreamer_single
641,73.391,0.00,4.23,12.82,31.35,48.40,48.67,20.7,20.5,23.2,25.0,gstreamer_single
642,73.444,0.00,3.27,11.12,24.71,39.09,39.60,25.6,25.3,23.0,25.0,gstreamer_single
643,73.493,0.00,2.97,15.17,20.78,38.92,39.21,25.7,25.5,22.9,25.0,gstreamer_single
644,73.541,0.00,3.75,11.12,15.97,30.85,31.33,32.4,31.9,22.8,25.0,gstreamer_single
645,73.576,0.00,3.25,10.94,15.42,29.62,30.03,33.8,33.3,22.8,25.0,gstreamer_single
646,73.617,0.00,4.77,11.08,14.42,30.26,30.77,33.0,32.5,22.9,25.0,gstreamer_single
647,73.660,0.00,3.01,12.76,15.06,30.83,31.11,32.4,32.1,22.7,25.0,gstreamer_single
648,73.703,0.00,3.38,12.13,17.42,32.93,33.38,30.4,30.0,22.7,25.0,gstreamer_single
649,73.740,0.00,3.20,11.71,15.30,30.21,30.50,33.1,32.8,23.0,25.0,gstreamer_single
650,73.777,0.00,4.32,14.22,14.75,33.29,33.80,30.0,29.6,22.9,25.0,gstreamer_single
651,73.815,0.00,3.01,12.22,16.27,31.50,31.81,31.7,31.4,23.0,25.0,gstreamer_single
652,73.854,0.00,2.99,10.91,14.63,28.53,28.87,35.0,34.6,23.0,25.0,gstreamer_single
653,73.888,0.00,3.12,11.03,14.97,29.13,29.41,34.3,34.0,23.1,25.0,gstreamer_single
654,73.923,0.00,2.96,10.65,16.92,30.53,31.05,32.8,32.2,23.6,25.0,gstreamer_single
655,73.958,0.00,3.17,11.18,15.26,29.61,30.12,33.8,33.2,24.1,25.0,gstreamer_single
656,73.996,0.00,3.01,12.77,14.83,30.61,30.90,32.7,32.4,24.1,25.0,gstreamer_single
657,74.053,0.00,3.19,12.59,25.35,41.13,41.37,24.3,24.2,23.8,25.0,gstreamer_single
658,74.094,0.00,3.22,10.79,14.75,28.75,29.06,34.8,34.4,23.8,25.0,gstreamer_single
659,74.135,0.00,3.44,12.18,14.60,30.22,31.00,33.1,32.3,23.9,25.0,gstreamer_single
660,74.175,0.00,3.22,11.49,15.43,30.14,30.44,33.2,32.8,23.8,25.0,gstreamer_single
661,74.222,0.00,3.57,10.89,13.89,28.35,28.66,35.3,34.9,23.6,25.0,gstreamer_single
662,74.261,0.00,3.33,10.83,13.87,28.03,28.33,35.7,35.3,23.7,25.0,gstreamer_single
663,74.293,0.00,3.22,11.40,14.44,29.06,29.32,34.4,34.1,24.0,25.0,gstreamer_single
664,74.328,0.00,3.03,11.80,15.06,29.88,30.30,33.5,33.0,24.0,25.0,gstreamer_single
665,74.373,0.00,3.18,12.04,18.30,33.51,33.85,29.8,29.5,24.0,25.0,gstreamer_single
666,74.415,0.00,3.30,11.78,23.86,38.95,39.22,25.7,25.5,23.9,25.0,gstreamer_single
667,74.454,0.00,3.45,13.60,14.07,31.13,31.93,32.1,31.3,23.9,25.0,gstreamer_single
668,74.493,0.00,3.03,11.84,15.34,30.21,30.47,33.1,32.8,23.9,25.0,gstreamer_single
669,74.537,0.00,3.19,13.38,17.02,33.58,34.01,29.8,29.4,24.0,25.0,gstreamer_single
670,74.579,0.00,3.58,12.05,15.07,30.70,31.12,32.6,32.1,24.4,25.0,gstreamer_single
671,74.617,0.00,3.20,11.66,15.11,29.97,30.22,33.4,33.1,24.7,25.0,gstreamer_single
672,74.657,0.00,3.08,12.80,14.84,30.72,30.97,32.5,32.3,24.9,25.0,gstreamer_single
673,74.695,0.00,2.90,11.79,19.04,33.73,34.20,29.6,29.2,25.1,25.0,gstreamer_single
674,74.744,0.00,3.26,14.31,24.13,41.70,42.04,24.0,23.8,24.8,25.0,gstreamer_single
675,74.789,0.00,3.49,12.48,20.62,36.59,36.90,27.3,27.1,24.8,25.0,gstreamer_single
676,74.823,0.00,3.25,11.40,14.23,28.87,29.44,34.6,34.0,24.9,25.0,gstreamer_single
677,74.863,0.00,3.59,10.82,14.58,28.99,29.28,34.5,34.1,25.0,25.0,gstreamer_single
678,74.898,0.00,4.27,11.26,13.94,29.47,30.02,33.9,33.3,25.0,25.0,gstreamer_single
679,74.941,0.00,4.69,12.99,14.05,31.73,32.10,31.5,31.2,24.9,25.0,gstreamer_single
680,74.980,0.00,3.00,10.67,16.90,30.57,30.98,32.7,32.3,24.9,25.0,gstreamer_single
681,75.024,0.00,3.97,15.07,15.42,34.46,34.74,29.0,28.8,24.8,25.0,gstreamer_single
682,75.062,0.00,3.15,10.89,15.08,29.13,29.42,34.3,34.0,24.7,25.0,gstreamer_single
683,75.095,0.00,4.34,10.94,14.38,29.66,29.90,33.7,33.4,24.7,25.0,gstreamer_single
684,75.146,0.00,3.81,15.77,14.92,34.50,34.88,29.0,28.7,24.4,25.0,gstreamer_single
685,75.181,0.00,3.53,11.18,14.49,29.19,29.50,34.3,33.9,24.5,25.0,gstreamer_single
686,75.215,0.00,3.64,13.63,14.77,32.04,32.39,31.2,30.9,24.9,25.0,gstreamer_single
687,75.260,0.00,3.05,11.83,21.21,36.09,36.35,27.7,27.5,24.9,25.0,gstreamer_single
688,75.298,0.00,3.21,11.00,18.15,32.36,32.67,30.9,30.6,24.9,25.0,gstreamer_single
689,75.344,0.00,3.04,11.13,20.17,34.34,34.67,29.1,28.8,24.8,25.0,gstreamer_single
690,75.383,0.00,3.50,14.67,14.62,32.79,33.11,30.5,30.2,25.0,25.0,gstreamer_single
691,75.418,0.00,2.95,11.33,15.11,29.39,29.66,34.0,33.7,25.1,25.0,gstreamer_single
692,75.461,0.00,3.07,17.26,14.97,35.31,35.58,28.3,28.1,24.8,25.0,gstreamer_single
693,75.501,0.00,3.24,10.68,13.99,27.91,28.16,35.8,35.5,24.7,25.0,gstreamer_single
694,75.560,0.00,3.48,11.35,37.99,52.82,53.14,18.9,18.8,24.4,25.0,gstreamer_single
695,75.599,0.00,3.75,11.44,15.59,30.78,31.33,32.5,31.9,24.5,25.0,gstreamer_single
696,75.636,0.00,3.89,13.25,14.75,31.89,32.18,31.4,31.1,24.5,25.0,gstreamer_single
697,75.679,0.00,3.49,11.57,15.27,30.33,30.61,33.0,32.7,24.5,25.0,gstreamer_single
698,75.735,0.00,3.87,14.89,29.79,48.55,48.96,20.6,20.4,24.2,25.0,gstreamer_single
699,75.800,0.00,4.45,15.25,39.26,58.96,59.38,17.0,16.8,23.7,25.0,gstreamer_single
700,75.843,0.00,3.08,12.29,15.83,31.21,31.53,32.0,31.7,23.6,25.0,gstreamer_single
701,75.892,0.00,3.61,10.95,23.57,38.14,38.51,26.2,26.0,23.5,25.0,gstreamer_single
702,75.944,0.00,3.38,14.84,23.63,41.84,42.14,23.9,23.7,23.2,25.0,gstreamer_single
703,75.992,0.00,3.21,10.93,21.19,35.32,35.62,28.3,28.1,23.2,25.0,gstreamer_single
704,76.042,0.00,3.46,11.41,24.06,38.93,39.19,25.7,25.5,23.1,25.0,gstreamer_single
705,76.093,0.00,2.94,11.32,18.85,33.12,33.41,30.2,29.9,22.8,25.0,gstreamer_single
706,76.135,0.00,4.42,12.15,15.11,31.68,32.23,31.6,31.0,22.8,25.0,gstreamer_single
707,76.176,0.00,3.58,11.02,14.61,29.20,29.50,34.2,33.9,22.7,25.0,gstreamer_single
708,76.215,0.00,3.19,13.25,15.06,31.50,31.77,31.7,31.5,22.8,25.0,gstreamer_single
709,76.254,0.00,3.09,10.76,14.46,28.31,28.59,35.3,35.0,22.8,25.0,gstreamer_single
710,76.289,0.00,2.83,10.79,17.16,30.78,31.08,32.5,32.2,22.9,25.0,gstreamer_single
711,76.345,0.00,3.23,10.92,21.95,36.11,36.56,27.7,27.4,22.6,25.0,gstreamer_single
712,76.397,0.00,3.37,13.24,26.14,42.75,43.32,23.4,23.1,22.3,25.0,gstreamer_single
713,76.442,0.00,4.06,11.10,20.01,35.16,35.60,28.4,28.1,22.4,25.0,gstreamer_single
714,76.490,0.00,3.38,17.01,16.17,36.56,36.89,27.4,27.1,22.1,25.0,gstreamer_single
715,76.528,0.00,3.11,11.28,14.91,29.31,29.58,34.1,33.8,22.1,25.0,gstreamer_single
716,76.575,0.00,4.73,11.63,14.42,30.79,31.55,32.5,31.7,22.1,25.0,gstreamer_single
717,76.614,0.00,3.32,12.63,14.34,30.28,30.76,33.0,32.5,22.0,25.0,gstreamer_single
718,76.654,0.00,3.24,11.11,15.58,29.93,30.25,33.4,33.1,22.1,25.0,gstreamer_single
719,76.689,0.00,3.00,10.92,15.16,29.08,29.35,34.4,34.1,22.2,25.0,gstreamer_single
720,76.737,0.00,3.54,12.65,16.70,32.89,33.21,30.4,30.1,22.0,25.0,gstreamer_single
721,76.804,0.00,4.50,14.46,39.75,58.71,59.10,17.0,16.9,21.6,25.0,gstreamer_single
722,76.869,0.00,4.59,12.01,29.18,45.78,46.16,21.8,21.7,21.2,25.0,gstreamer_single
723,76.939,0.00,3.57,14.37,39.39,57.33,58.06,17.4,17.2,21.0,25.0,gstreamer_single
724,76.985,0.00,4.12,11.50,20.24,35.87,36.19,27.9,27.6,20.9,25.0,gstreamer_single
725,77.020,0.00,3.28,12.14,14.05,29.47,29.77,33.9,33.6,21.0,25.0,gstreamer_single
726,77.082,0.00,3.74,11.71,35.47,50.91,51.18,19.6,19.5,20.7,25.0,gstreamer_single
727,77.124,0.00,4.27,11.10,14.48,29.85,30.28,33.5,33.0,20.9,25.0,gstreamer_single
728,77.169,0.00,3.39,10.97,22.80,37.15,37.45,26.9,26.7,21.2,25.0,gstreamer_single
729,77.210,0.00,3.44,10.90,16.18,30.52,30.87,32.8,32.4,21.2,25.0,gstreamer_single
730,77.265,0.00,3.22,12.07,25.58,40.88,41.22,24.5,24.3,21.1,25.0,gstreamer_single
731,77.301,0.00,3.38,11.35,14.41,29.14,29.51,34.3,33.9,21.4,25.0,gstreamer_single
732,77.342,0.00,3.71,11.35,16.15,31.22,31.62,32.0,31.6,21.5,25.0,gstreamer_single
733,77.389,0.00,3.36,11.91,13.69,28.96,29.73,34.5,33.6,21.5,25.0,gstreamer_single
734,77.435,0.00,3.32,11.71,23.97,39.00,39.40,25.6,25.4,21.6,25.0,gstreamer_single
735,77.477,0.00,3.09,10.85,15.62,29.56,29.99,33.8,33.3,21.6,25.0,gstreamer_single
736,77.512,0.00,3.52,10.96,14.72,29.19,29.58,34.3,33.8,21.7,25.0,gstreamer_single
737,77.549,0.00,3.59,12.43,17.28,33.30,33.72,30.0,29.7,21.7,25.0,gstreamer_single
738,77.597,0.00,3.72,11.92,22.35,37.99,38.27,26.3,26.1,21.6,25.0,gstreamer_single
739,77.655,0.00,4.52,11.81,29.71,46.04,46.29,21.7,21.6,21.2,25.0,gstreamer_single
740,77.713,0.00,4.02,11.73,35.71,51.45,51.78,19.4,19.3,21.2,25.0,gstreamer_single
741,77.769,0.00,4.67,11.50,36.80,52.97,53.43,18.9,18.7,21.1,25.0,gstreamer_single
742,77.834,0.00,3.19,11.50,39.63,54.31,54.61,18.4,18.3,20.8,25.0,gstreamer_single
743,77.868,0.00,3.32,10.99,14.13,28.43,28.72,35.2,34.8,21.0,25.0,gstreamer_single
744,77.917,0.00,4.04,14.64,17.85,36.52,36.99,27.4,27.0,20.9,25.0,gstreamer_single
745,77.969,0.00,3.03,12.18,25.67,40.88,41.13,24.5,24.3,20.8,25.0,gstreamer_single
746,78.005,0.00,3.00,11.32,14.87,29.20,29.51,34.2,33.9,20.9,25.0,gstreamer_single
747,78.038,0.00,2.95,10.86,15.05,28.86,29.22,34.7,34.2,21.0,25.0,gstreamer_single
748,78.086,0.00,2.97,20.43,20.78,44.18,44.45,22.6,22.5,20.8,25.0,gstreamer_single
749,78.124,0.00,2.97,12.16,15.42,30.54,30.81,32.7,32.5,20.9,25.0,gstreamer_single
750,78.165,0.00,4.10,11.03,16.99,32.13,32.54,31.1,30.7,21.3,25.0,gstreamer_single
751,78.206,0.00,3.22,10.81,16.62,30.64,30.93,32.6,32.3,21.7,25.0,gstreamer_single
752,78.238,0.00,3.16,10.69,15.14,28.99,29.36,34.5,34.1,22.3,25.0,gstreamer_single
753,78.282,0.00,4.97,13.07,16.03,34.07,34.31,29.4,29.1,22.4,25.0,gstreamer_single
754,78.321,0.00,3.20,10.95,16.89,31.05,31.55,32.2,31.7,22.3,25.0,gstreamer_single
755,78.359,0.00,2.94,12.20,16.48,31.62,32.09,31.6,31.2,22.7,25.0,gstreamer_single
756,78.406,0.00,3.42,13.82,16.48,33.73,34.04,29.7,29.4,22.6,25.0,gstreamer_single
757,78.442,0.00,3.32,12.07,15.41,30.80,31.16,32.5,32.1,22.8,25.0,gstreamer_single
758,78.490,0.00,3.01,10.61,16.24,29.86,30.21,33.5,33.1,22.7,25.0,gstreamer_single
759,78.523,0.00,3.11,11.04,15.14,29.29,29.62,34.1,33.8,23.1,25.0,gstreamer_single
760,78.566,0.00,3.58,12.35,16.86,32.79,33.06,30.5,30.2,22.9,25.0,gstreamer_single
761,78.605,0.00,2.93,10.77,15.75,29.45,29.73,34.0,33.6,23.0,25.0,gstreamer_single
762,78.639,0.00,2.92,10.93,14.74,28.59,28.87,35.0,34.6,23.2,25.0,gstreamer_single
763,78.679,0.00,2.91,19.16,15.87,37.95,38.21,26.4,26.2,23.3,25.0,gstreamer_single
764,78.714,0.00,3.27,14.01,14.74,32.02,32.30,31.2,31.0,23.4,25.0,gstreamer_single
765,78.755,0.00,3.18,12.81,14.91,30.90,31.19,32.4,32.1,23.3,25.0,gstreamer_single
766,78.790,0.00,3.09,12.43,15.01,30.53,30.83,32.8,32.4,23.4,25.0,gstreamer_single
767,78.835,0.00,3.35,16.61,15.06,35.02,35.28,28.6,28.3,23.4,25.0,gstreamer_single
768,78.875,0.00,2.98,14.09,15.27,32.34,32.65,30.9,30.6,23.8,25.0,gstreamer_single
769,78.913,0.00,4.14,10.95,16.99,32.08,32.43,31.2,30.8,24.2,25.0,gstreamer_single
770,78.962,0.00,3.90,11.43,22.05,37.38,37.65,26.7,26.6,24.3,25.0,gstreamer_single
771,79.001,0.00,4.38,11.24,15.40,31.02,31.59,32.2,31.7,24.9,25.0,gstreamer_single
772,79.038,0.00,3.15,10.54,14.54,28.22,28.73,35.4,34.8,24.8,25.0,gstreamer_single
773,79.109,0.00,4.23,17.07,39.05,60.35,60.60,16.6,16.5,24.3,25.0,gstreamer_single
774,79.157,0.00,4.95,11.22,15.15,31.33,31.75,31.9,31.5,24.4,25.0,gstreamer_single
775,79.196,0.00,2.95,11.03,16.07,30.05,30.41,33.3,32.9,24.3,25.0,gstreamer_single
776,79.244,0.00,3.15,11.07,20.66,34.88,35.35,28.7,28.3,24.0,25.0,gstreamer_single
777,79.280,0.00,3.16,13.01,14.81,30.98,31.26,32.3,32.0,24.3,25.0,gstreamer_single
778,79.322,0.00,2.91,10.72,15.91,29.54,29.94,33.9,33.4,24.2,25.0,gstreamer_single
779,79.357,0.00,4.43,11.36,15.71,31.51,32.02,31.7,31.2,24.3,25.0,gstreamer_single
780,79.403,0.00,3.16,12.64,15.71,31.51,31.87,31.7,31.4,24.2,25.0,gstreamer_single
781,79.440,0.00,2.88,12.30,14.95,30.13,30.40,33.2,32.9,24.1,25.0,gstreamer_single
782,79.486,0.00,3.75,13.73,15.74,33.22,33.48,30.1,29.9,24.1,25.0,gstreamer_single
783,79.524,0.00,2.87,10.89,16.06,29.82,30.16,33.5,33.2,24.1,25.0,gstreamer_single
784,79.560,0.00,3.57,10.96,15.17,29.69,29.92,33.7,33.4,24.1,25.0,gstreamer_single
785,79.606,0.00,2.88,10.61,16.09,29.58,29.86,33.8,33.5,24.2,25.0,gstreamer_single
786,79.640,0.00,2.81,11.01,15.07,28.90,29.24,34.6,34.2,24.2,25.0,gstreamer_single
787,79.689,0.00,3.07,10.79,15.71,29.57,29.91,33.8,33.4,24.2,25.0,gstreamer_single
788,79.731,0.00,4.67,13.60,14.04,32.32,32.69,30.9,30.6,24.0,25.0,gstreamer_single
789,79.775,0.00,2.95,12.73,15.26,30.94,31.26,32.3,32.0,24.0,25.0,gstreamer_single
790,79.827,0.00,3.49,13.78,15.86,33.13,33.70,30.2,29.7,23.7,25.0,gstreamer_single
791,79.862,0.00,3.29,10.91,14.85,29.05,29.38,34.4,34.0,23.7,25.0,gstreamer_single
792,79.908,0.00,2.98,10.84,15.97,29.79,30.25,33.6,33.1,23.6,25.0,gstreamer_single
793,79.950,0.00,4.70,11.58,18.84,35.12,35.46,28.5,28.2,23.5,25.0,gstreamer_single
794,79.988,0.00,3.24,11.11,14.54,28.89,29.19,34.6,34.3,23.5,25.0,gstreamer_single
795,80.034,0.00,3.57,13.34,14.45,31.37,31.69,31.9,31.6,23.3,25.0,gstreamer_single
796,80.067,0.00,3.32,10.91,15.01,29.23,29.51,34.2,33.9,23.5,25.0,gstreamer_single
797,80.139,0.00,4.35,12.89,39.34,56.58,57.08,17.7,17.5,22.9,25.0,gstreamer_single
798,80.191,0.00,4.39,11.43,28.65,44.47,44.86,22.5,22.3,22.7,25.0,gstreamer_single
799,80.226,0.00,3.21,10.92,14.67,28.80,29.09,34.7,34.4,22.9,25.0,gstreamer_single
800,80.261,0.00,3.07,10.71,14.46,28.24,28.51,35.4,35.1,23.0,25.0,gstreamer_single
801,80.300,0.00,3.49,11.32,19.97,34.77,35.08,28.8,28.5,23.0,25.0,gstreamer_single
802,80.343,0.00,4.14,12.16,18.09,34.39,34.70,29.1,28.8,23.5,25.0,gstreamer_single
803,80.379,0.00,3.96,11.21,15.30,30.46,30.77,32.8,32.5,23.7,25.0,gstreamer_single
804,80.428,0.00,3.40,13.91,14.86,32.18,32.47,31.1,30.8,23.5,25.0,gstreamer_single
805,80.475,0.00,3.18,14.11,15.22,32.52,32.80,30.8,30.5,23.6,25.0,gstreamer_single
806,80.509,0.00,3.20,10.71,14.58,28.49,28.83,35.1,34.7,23.6,25.0,gstreamer_single
807,80.548,0.00,4.58,11.44,14.41,30.43,30.71,32.9,32.6,23.6,25.0,gstreamer_single
808,80.594,0.00,3.10,10.88,14.74,28.71,29.16,34.8,34.3,23.4,25.0,gstreamer_single
809,80.635,0.00,3.14,11.26,14.67,29.07,29.40,34.4,34.0,23.5,25.0,gstreamer_single
810,80.677,0.00,3.00,12.11,14.94,30.05,30.31,33.3,33.0,23.4,25.0,gstreamer_single
811,80.716,0.00,3.98,11.79,14.40,30.17,30.43,33.1,32.9,23.6,25.0,gstreamer_single
812,80.758,0.00,3.10,15.05,15.63,33.78,34.07,29.6,29.4,23.5,25.0,gstreamer_single
813,80.796,0.00,3.23,13.05,15.38,31.65,31.92,31.6,31.3,23.5,25.0,gstreamer_single
814,80.837,0.00,3.24,15.41,17.38,36.03,36.32,27.8,27.5,23.6,25.0,gstreamer_single
815,80.876,0.00,3.12,15.39,14.77,33.28,33.61,30.0,29.7,23.5,25.0,gstreamer_single
816,80.909,0.00,3.50,10.72,14.74,28.96,29.24,34.5,34.2,23.8,25.0,gstreamer_single
817,80.946,0.00,3.15,10.93,19.36,33.45,33.74,29.9,29.6,23.9,25.0,gstreamer_single
818,80.984,0.00,3.40,10.95,14.64,28.98,29.25,34.5,34.2,24.0,25.0,gstreamer_single
819,81.018,0.00,2.97,10.80,15.92,29.69,30.10,33.7,33.2,24.3,25.0,gstreamer_single
820,81.062,0.00,3.30,14.84,19.36,37.49,37.77,26.7,26.5,24.2,25.0,gstreamer_single
821,81.105,0.00,3.36,12.55,15.02,30.93,31.21,32.3,32.0,24.2,25.0,gstreamer_single
822,81.150,0.00,3.43,10.85,22.55,36.82,37.08,27.2,27.0,24.2,25.0,gstreamer_single
823,81.192,0.00,3.52,10.88,15.11,29.51,29.81,33.9,33.5,24.1,25.0,gstreamer_single
824,81.226,0.00,3.60,10.83,14.62,29.05,29.37,34.4,34.1,24.3,25.0,gstreamer_single
825,81.287,0.00,4.26,12.57,37.56,54.40,54.69,18.4,18.3,23.8,25.0,gstreamer_single
826,81.348,0.00,4.35,11.34,36.67,52.35,52.73,19.1,19.0,24.0,25.0,gstreamer_single
827,81.399,0.00,3.84,11.14,30.36,45.34,46.18,22.1,21.7,24.0,25.0,gstreamer_single
828,81.464,0.00,4.21,11.35,39.90,55.46,55.80,18.0,17.9,23.4,25.0,gstreamer_single
829,81.501,0.00,4.37,12.13,14.84,31.34,31.72,31.9,31.5,23.4,25.0,gstreamer_single
830,81.545,0.00,2.90,10.71,22.41,36.02,36.46,27.8,27.4,23.3,25.0,gstreamer_single
831,81.578,0.00,3.40,11.17,15.18,29.76,30.06,33.6,33.3,23.5,25.0,gstreamer_single
832,81.617,0.00,3.61,16.14,15.86,35.61,35.99,28.1,27.8,23.4,25.0,gstreamer_single
833,81.657,0.00,3.03,15.03,15.21,33.27,33.54,30.1,29.8,23.6,25.0,gstreamer_single
834,81.706,0.00,3.10,11.30,17.46,31.85,32.33,31.4,30.9,23.5,25.0,gstreamer_single
835,81.754,0.00,3.18,11.94,14.71,29.83,30.41,33.5,32.9,23.3,25.0,gstreamer_single
836,81.804,0.00,3.83,14.65,22.38,40.85,41.37,24.5,24.2,23.1,25.0,gstreamer_single
837,81.852,0.00,2.89,11.62,30.54,45.05,45.29,22.2,22.1,23.1,25.0,gstreamer_single
838,81.892,0.00,3.88,11.17,15.57,30.62,30.91,32.7,32.4,23.1,25.0,gstreamer_single
839,81.942,0.00,3.15,11.62,15.87,30.64,30.93,32.6,32.3,22.9,25.0,gstreamer_single
840,81.978,0.00,3.41,10.89,14.63,28.93,29.31,34.6,34.1,23.0,25.0,gstreamer_single
841,82.020,0.00,3.48,17.31,17.62,38.42,38.70,26.0,25.8,23.0,25.0,gstreamer_single
842,82.075,0.00,3.74,13.19,33.37,50.30,50.66,19.9,19.7,22.7,25.0,gstreamer_single
843,82.138,0.00,3.98,13.63,28.73,46.34,46.71,21.6,21.4,22.3,25.0,gstreamer_single
844,82.180,0.00,3.11,14.21,20.49,37.81,38.11,26.4,26.2,22.2,25.0,gstreamer_single
845,82.232,0.00,3.43,11.64,23.63,38.70,38.95,25.8,25.7,21.9,25.0,gstreamer_single
846,82.274,0.00,2.91,13.02,14.64,30.57,30.83,32.7,32.4,21.8,25.0,gstreamer_single
847,82.315,0.00,3.11,12.18,14.91,30.20,30.44,33.1,32.9,21.8,25.0,gstreamer_single
848,82.354,0.00,3.04,12.42,14.74,30.19,30.47,33.1,32.8,21.7,25.0,gstreamer_single
849,82.392,0.00,3.83,12.36,14.82,31.01,31.36,32.2,31.9,21.8,25.0,gstreamer_single
850,82.444,0.00,3.05,10.67,22.36,36.08,36.37,27.7,27.5,21.7,25.0,gstreamer_single
851,82.495,0.00,3.46,13.94,15.66,33.06,33.39,30.2,29.9,21.5,25.0,gstreamer_single
852,82.537,0.00,3.15,11.48,15.16,29.79,30.07,33.6,33.3,21.6,25.0,gstreamer_single
853,82.575,0.00,3.37,15.11,14.83,33.31,33.59,30.0,29.8,21.5,25.0,gstreamer_single
854,82.611,0.00,3.48,11.00,14.68,29.16,29.52,34.3,33.9,21.9,25.0,gstreamer_single
855,82.654,0.00,2.85,10.76,16.35,29.95,30.24,33.4,33.1,22.2,25.0,gstreamer_single
856,82.689,0.00,3.18,10.91,15.67,29.76,30.21,33.6,33.1,22.5,25.0,gstreamer_single
857,82.723,0.00,3.01,11.02,15.83,29.86,30.12,33.5,33.2,23.0,25.0,gstreamer_single
858,82.765,0.00,3.34,11.15,15.49,29.98,30.31,33.4,33.0,23.0,25.0,gstreamer_single
859,82.806,0.00,3.07,11.18,17.13,31.39,31.68,31.9,31.6,23.0,25.0,gstreamer_single
860,82.845,0.00,3.20,10.72,14.84,28.76,29.05,34.8,34.4,22.9,25.0,gstreamer_single
861,82.889,0.00,3.29,11.61,14.84,29.74,30.05,33.6,33.3,22.8,25.0,gstreamer_single
862,82.921,0.00,2.87,10.98,15.03,28.88,29.12,34.6,34.3,22.9,25.0,gstreamer_single
863,82.953,0.00,3.00,12.06,14.26,29.32,29.61,34.1,33.8,23.3,25.0,gstreamer_single
864,82.985,0.00,3.31,11.14,14.30,28.75,29.08,34.8,34.4,23.6,25.0,gstreamer_single
865,83.019,0.00,4.26,11.43,13.94,29.64,29.99,33.7,33.3,23.9,25.0,gstreamer_single
866,83.058,0.00,3.03,11.31,14.64,28.97,29.26,34.5,34.2,24.0,25.0,gstreamer_single
867,83.102,0.00,3.14,14.83,14.56,32.54,32.83,30.7,30.5,24.0,25.0,gstreamer_single
868,83.140,0.00,3.24,11.38,14.78,29.40,29.68,34.0,33.7,24.2,25.0,gstreamer_single
869,83.181,0.00,3.77,11.11,14.36,29.25,29.77,34.2,33.6,24.1,25.0,gstreamer_single
870,83.223,0.00,3.21,11.05,14.89,29.15,29.50,34.3,33.9,24.1,25.0,gstreamer_single
871,83.270,0.00,3.48,11.45,20.09,35.03,35.33,28.5,28.3,24.3,25.0,gstreamer_single
872,83.303,0.00,3.27,11.07,14.70,29.04,29.49,34.4,33.9,24.9,25.0,gstreamer_single
873,83.345,0.00,3.84,11.57,15.53,30.94,31.26,32.3,32.0,24.9,25.0,gstreamer_single
874,83.387,0.00,3.33,11.20,15.09,29.62,29.90,33.8,33.5,25.1,25.0,gstreamer_single
875,83.431,0.00,3.74,11.04,19.33,34.10,34.52,29.3,29.0,25.1,25.0,gstreamer_single
876,83.480,0.00,3.68,12.02,20.11,35.80,36.09,27.9,27.7,24.9,25.0,gstreamer_single
877,83.529,0.00,4.61,11.90,20.80,37.31,37.60,26.8,26.6,24.7,25.0,gstreamer_single
878,83.561,0.00,3.15,10.92,15.25,29.32,29.62,34.1,33.8,24.8,25.0,gstreamer_single
879,83.595,0.00,3.66,10.82,15.63,30.10,30.48,33.2,32.8,25.2,25.0,gstreamer_single
880,83.628,0.00,3.52,11.04,14.45,29.01,29.47,34.5,33.9,25.6,25.0,gstreamer_single
881,83.663,0.00,3.26,13.22,14.15,30.63,30.95,32.6,32.3,25.8,25.0,gstreamer_single
882,83.704,0.00,3.23,10.99,14.83,29.05,29.32,34.4,34.1,25.7,25.0,gstreamer_single
883,83.742,0.00,3.06,10.80,20.85,34.70,35.00,28.8,28.6,25.7,25.0,gstreamer_single
884,83.782,0.00,3.69,14.74,14.90,33.32,33.71,30.0,29.7,25.7,25.0,gstreamer_single
885,83.822,0.00,3.00,10.74,14.75,28.49,28.89,35.1,34.6,25.6,25.0,gstreamer_single
886,83.860,0.00,3.91,10.80,14.30,29.01,29.33,34.5,34.1,25.5,25.0,gstreamer_single
887,83.900,0.00,2.92,10.96,14.67,28.55,28.85,35.0,34.7,25.6,25.0,gstreamer_single
888,83.938,0.00,3.33,11.10,15.05,29.48,29.92,33.9,33.4,25.6,25.0,gstreamer_single
889,83.976,0.00,3.26,13.87,14.97,32.10,32.55,31.2,30.7,25.6,25.0,gstreamer_single
890,84.026,0.00,3.40,11.95,18.30,33.66,34.06,29.7,29.4,25.5,25.0,gstreamer_single
891,84.062,0.00,3.51,10.73,16.35,30.59,31.04,32.7,32.2,25.4,25.0,gstreamer_single
892,84.103,0.00,3.14,11.33,21.88,36.36,36.70,27.5,27.2,25.2,25.0,gstreamer_single
893,84.138,0.00,3.08,10.66,15.62,29.36,29.69,34.1,33.7,25.2,25.0,gstreamer_single
894,84.174,0.00,3.08,14.49,14.91,32.48,32.76,30.8,30.5,25.1,25.0,gstreamer_single
895,84.216,0.00,4.25,12.97,17.19,34.41,34.73,29.1,28.8,25.0,25.0,gstreamer_single
896,84.255,0.00,3.09,13.25,15.22,31.57,31.87,31.7,31.4,25.1,25.0,gstreamer_single
897,84.296,0.00,3.02,10.60,24.15,37.77,38.04,26.5,26.3,25.1,25.0,gstreamer_single
898,84.337,0.00,2.88,10.69,15.73,29.30,29.60,34.1,33.8,25.1,25.0,gstreamer_single
899,84.376,0.00,2.95,16.02,14.81,33.78,34.11,29.6,29.3,25.1,25.0,gstreamer_single
900,84.417,0.00,3.46,16.12,14.91,34.48,34.83,29.0,28.7,25.3,25.0,gstreamer_single
901,84.459,0.00,3.25,17.18,15.11,35.55,35.82,28.1,27.9,25.1,25.0,gstreamer_single
902,84.497,0.00,3.37,13.38,14.91,31.67,32.07,31.6,31.2,25.2,25.0,gstreamer_single
903,84.540,0.00,3.01,10.84,18.32,32.17,32.44,31.1,30.8,25.2,25.0,gstreamer_single
904,84.587,0.00,3.25,10.75,14.44,28.44,28.96,35.2,34.5,25.1,25.0,gstreamer_single
905,84.624,0.00,3.38,11.01,15.92,30.31,30.76,33.0,32.5,25.3,25.0,gstreamer_single
906,84.678,0.00,3.39,14.86,18.81,37.07,37.34,27.0,26.8,25.2,25.0,gstreamer_single
907,84.710,0.00,3.92,11.08,14.47,29.47,29.72,33.9,33.6,25.2,25.0,gstreamer_single
908,84.754,0.00,3.34,13.03,14.80,31.17,31.54,32.1,31.7,25.0,25.0,gstreamer_single
909,84.792,0.00,4.52,13.23,14.95,32.70,33.06,30.6,30.2,24.9,25.0,gstreamer_single
910,84.836,0.00,3.37,10.85,15.52,29.74,30.01,33.6,33.3,24.7,25.0,gstreamer_single
911,84.877,0.00,3.96,15.41,15.89,35.26,35.55,28.4,28.1,24.7,25.0,gstreamer_single
912,84.909,0.00,3.52,10.81,14.93,29.26,29.49,34.2,33.9,24.8,25.0,gstreamer_single
913,84.957,0.00,3.34,12.01,16.81,32.16,32.47,31.1,30.8,24.7,25.0,gstreamer_single
914,85.005,0.00,3.11,10.81,17.85,31.76,32.05,31.5,31.2,24.5,25.0,gstreamer_single
915,85.038,0.00,3.00,10.72,15.84,29.56,29.82,33.8,33.5,24.6,25.0,gstreamer_single
916,85.090,0.00,3.44,15.05,21.70,40.18,40.45,24.9,24.7,24.4,25.0,gstreamer_single
917,85.123,0.00,3.18,11.20,14.79,29.17,29.56,34.3,33.8,24.5,25.0,gstreamer_single
918,85.177,0.00,3.23,12.17,17.13,32.53,32.80,30.7,30.5,24.1,25.0,gstreamer_single
919,85.211,0.00,3.52,11.18,14.68,29.38,29.80,34.0,33.6,24.5,25.0,gstreamer_single
920,85.247,0.00,3.47,11.06,17.77,32.30,32.68,31.0,30.6,24.5,25.0,gstreamer_single
921,85.286,0.00,3.13,10.61,15.25,28.99,29.30,34.5,34.1,24.5,25.0,gstreamer_single
922,85.323,0.00,2.90,10.64,17.87,31.41,31.67,31.8,31.6,24.5,25.0,gstreamer_single
923,85.361,0.00,3.27,11.15,15.19,29.61,30.18,33.8,33.1,24.4,25.0,gstreamer_single
924,85.405,0.00,3.38,10.73,15.71,29.83,30.11,33.5,33.2,24.4,25.0,gstreamer_single
925,85.445,0.00,3.10,10.74,22.53,36.37,36.82,27.5,27.2,24.4,25.0,gstreamer_single
926,85.492,0.00,3.10,16.16,15.10,34.36,34.62,29.1,28.9,24.3,25.0,gstreamer_single
927,85.535,0.00,3.16,11.47,24.98,39.61,39.84,25.2,25.1,24.2,25.0,gstreamer_single
928,85.578,0.00,2.97,10.86,18.75,32.57,32.99,30.7,30.3,24.1,25.0,gstreamer_single
929,85.615,0.00,3.18,10.98,14.50,28.66,29.06,34.9,34.4,24.2,25.0,gstreamer_single
930,85.657,0.00,3.54,11.31,14.92,29.77,30.09,33.6,33.2,24.2,25.0,gstreamer_single
931,85.699,0.00,4.16,11.49,15.70,31.34,31.65,31.9,31.6,24.1,25.0,gstreamer_single
932,85.744,0.00,2.99,16.63,15.27,34.90,35.17,28.6,28.4,24.1,25.0,gstreamer_single
933,85.782,0.00,4.27,11.36,14.04,29.68,30.02,33.7,33.3,24.3,25.0,gstreamer_single
934,85.823,0.00,3.07,10.94,14.43,28.43,28.73,35.2,34.8,24.2,25.0,gstreamer_single
935,85.863,0.00,3.43,10.97,15.19,29.59,30.28,33.8,33.0,24.5,25.0,gstreamer_single
936,85.901,0.00,3.88,11.51,14.88,30.28,30.64,33.0,32.6,24.4,25.0,gstreamer_single
937,85.942,0.00,3.13,10.80,19.46,33.40,33.70,29.9,29.7,24.4,25.0,gstreamer_single
938,85.977,0.00,2.96,11.31,15.67,29.94,30.23,33.4,33.1,24.5,25.0,gstreamer_single
939,86.016,0.00,3.10,14.92,14.64,32.66,32.93,30.6,30.4,24.6,25.0,gstreamer_single
940,86.060,0.00,3.76,12.99,14.70,31.45,31.78,31.8,31.5,24.5,25.0,gstreamer_single
941,86.092,0.00,3.14,11.37,14.76,29.27,29.58,34.2,33.8,24.5,25.0,gstreamer_single
942,86.136,0.00,3.11,11.70,15.04,29.85,30.12,33.5,33.2,24.6,25.0,gstreamer_single
943,86.170,0.00,3.22,11.81,15.19,30.23,30.50,33.1,32.8,24.9,25.0,gstreamer_single
944,86.214,0.00,4.06,12.89,14.63,31.58,32.05,31.7,31.2,24.6,25.0,gstreamer_single
945,86.248,0.00,3.31,11.04,15.27,29.62,29.87,33.8,33.5,25.1,25.0,gstreamer_single
946,86.293,0.00,3.65,11.53,15.02,30.20,30.49,33.1,32.8,24.8,25.0,gstreamer_single
947,86.332,0.00,3.42,10.90,19.20,33.52,33.86,29.8,29.5,25.1,25.0,gstreamer_single
948,86.369,0.00,3.10,10.74,15.17,29.01,29.28,34.5,34.2,25.0,25.0,gstreamer_single
949,86.425,0.00,3.97,10.73,30.32,45.02,45.32,22.2,22.1,24.6,25.0,gstreamer_single
950,86.499,0.00,4.81,15.23,39.38,59.42,59.84,16.8,16.7,23.9,25.0,gstreamer_single
951,86.543,0.00,4.84,11.82,15.34,31.99,32.38,31.3,30.9,23.8,25.0,gstreamer_single
952,86.591,0.00,3.64,11.01,14.79,29.44,29.84,34.0,33.5,23.6,25.0,gstreamer_single
953,86.627,0.00,3.44,10.89,14.62,28.96,29.28,34.5,34.2,23.7,25.0,gstreamer_single
954,86.673,0.00,3.24,11.38,16.79,31.42,31.79,31.8,31.5,23.6,25.0,gstreamer_single
955,86.720,0.00,3.08,10.83,15.28,29.19,29.47,34.3,33.9,23.6,25.0,gstreamer_single
956,86.767,0.00,3.40,14.08,18.86,36.34,36.79,27.5,27.2,23.5,25.0,gstreamer_single
957,86.813,0.00,3.35,10.64,14.77,28.76,29.02,34.8,34.5,23.5,25.0,gstreamer_single
958,86.851,0.00,3.25,11.50,16.41,31.16,31.42,32.1,31.8,23.5,25.0,gstreamer_single
959,86.886,0.00,3.13,11.22,15.45,29.80,30.17,33.6,33.1,23.6,25.0,gstreamer_single
960,86.936,0.00,3.37,11.74,27.32,42.44,42.70,23.6,23.4,23.4,25.0,gstreamer_single
961,86.975,0.00,3.33,10.75,15.18,29.25,29.72,34.2,33.6,23.5,25.0,gstreamer_single
962,87.023,0.00,4.56,12.70,14.52,31.78,32.28,31.5,31.0,23.4,25.0,gstreamer_single
963,87.059,0.00,3.87,11.64,14.69,30.20,30.47,33.1,32.8,23.5,25.0,gstreamer_single
964,87.092,0.00,2.88,10.55,15.00,28.43,28.71,35.2,34.8,23.6,25.0,gstreamer_single
965,87.136,0.00,4.83,15.81,15.31,35.94,36.39,27.8,27.5,23.5,25.0,gstreamer_single
966,87.174,0.00,3.34,10.72,19.03,33.09,33.42,30.2,29.9,23.5,25.0,gstreamer_single
967,87.209,0.00,3.02,10.83,14.75,28.61,28.99,35.0,34.5,23.5,25.0,gstreamer_single
968,87.242,0.00,3.08,10.68,15.55,29.32,29.80,34.1,33.6,23.6,25.0,gstreamer_single
969,87.290,0.00,3.40,11.42,20.91,35.74,36.27,28.0,27.6,23.6,25.0,gstreamer_single
970,87.324,0.00,3.12,10.89,15.54,29.55,29.82,33.8,33.5,23.5,25.0,gstreamer_single
971,87.364,0.00,3.65,11.12,15.43,30.20,30.46,33.1,32.8,23.6,25.0,gstreamer_single
972,87.406,0.00,4.37,11.44,20.50,36.30,36.65,27.5,27.3,23.5,25.0,gstreamer_single
973,87.441,0.00,3.69,11.43,15.69,30.82,31.12,32.5,32.1,23.6,25.0,gstreamer_single
974,87.499,0.00,3.23,11.98,24.78,39.99,40.26,25.0,24.8,23.2,25.0,gstreamer_single
975,87.538,0.00,3.49,11.23,13.94,28.66,29.11,34.9,34.4,23.3,25.0,gstreamer_single
976,87.578,0.00,3.48,11.48,15.37,30.33,30.64,33.0,32.6,23.3,25.0,gstreamer_single
977,87.625,0.00,3.93,12.36,15.00,31.29,31.61,32.0,31.6,23.1,25.0,gstreamer_single
978,87.685,0.00,3.61,13.65,23.56,40.83,41.21,24.5,24.3,23.0,25.0,gstreamer_single
979,87.724,0.00,3.28,12.97,15.24,31.49,31.97,31.8,31.3,23.7,25.0,gstreamer_single
980,87.777,0.00,2.99,11.11,21.62,35.72,35.98,28.0,27.8,23.5,25.0,gstreamer_single
981,87.827,0.00,4.33,12.16,18.73,35.22,35.80,28.4,27.9,23.5,25.0,gstreamer_single
982,87.862,0.00,3.88,11.15,14.94,29.97,30.37,33.4,32.9,23.5,25.0,gstreamer_single
983,87.900,0.00,3.58,10.84,20.64,35.06,35.46,28.5,28.2,23.6,25.0,gstreamer_single
984,87.937,0.00,3.13,10.98,14.74,28.85,29.35,34.7,34.1,23.8,25.0,gstreamer_single
985,87.978,0.00,2.98,16.88,16.48,36.34,36.83,27.5,27.2,23.9,25.0,gstreamer_single
986,88.021,0.00,3.41,16.77,18.99,39.17,39.51,25.5,25.3,24.0,25.0,gstreamer_single
987,88.057,0.00,2.95,14.73,15.25,32.93,33.22,30.4,30.1,24.0,25.0,gstreamer_single
988,88.095,0.00,3.13,13.37,14.58,31.08,31.38,32.2,31.9,24.0,25.0,gstreamer_single
989,88.128,0.00,3.11,11.45,15.24,29.81,30.20,33.6,33.1,24.3,25.0,gstreamer_single
990,88.175,0.00,3.21,15.21,15.52,33.94,34.22,29.5,29.2,24.2,25.0,gstreamer_single
991,88.213,0.00,3.49,11.44,15.54,30.47,30.82,32.8,32.4,24.4,25.0,gstreamer_single
992,88.247,0.00,3.35,10.69,15.39,29.43,29.74,34.0,33.6,24.4,25.0,gstreamer_single
993,88.291,0.00,3.41,11.12,19.21,33.74,34.01,29.6,29.4,24.2,25.0,gstreamer_single
994,88.339,0.00,3.16,11.04,16.18,30.38,30.67,32.9,32.6,24.1,25.0,gstreamer_single
995,88.378,0.00,3.15,16.23,14.78,34.15,34.44,29.3,29.0,24.1,25.0,gstreamer_single
996,88.425,0.00,3.47,13.05,14.75,31.26,31.57,32.0,31.7,23.8,25.0,gstreamer_single
997,88.458,0.00,3.03,11.18,16.47,30.67,30.95,32.6,32.3,23.8,25.0,gstreamer_single
998,88.505,0.00,4.15,11.19,15.06,30.39,30.75,32.9,32.5,23.9,25.0,gstreamer_single
999,88.538,0.00,3.06,11.16,15.77,29.98,30.26,33.4,33.0,23.9,25.0,gstreamer_single
1000,88.574,0.00,3.05,14.15,14.91,32.10,32.38,31.1,30.9,24.0,25.0,gstreamer_single
1001,88.615,0.00,3.59,15.36,14.38,33.33,33.65,30.0,29.7,24.0,25.0,gstreamer_single
1002,88.655,0.00,3.23,12.29,14.38,29.89,30.17,33.5,33.1,23.9,25.0,gstreamer_single
1003,88.689,0.00,2.96,11.33,16.10,30.38,30.64,32.9,32.6,24.4,25.0,gstreamer_single
1004,88.723,0.00,3.25,11.37,15.63,30.25,30.52,33.1,32.8,24.5,25.0,gstreamer_single
1005,88.763,0.00,3.39,11.67,15.03,30.09,30.34,33.2,33.0,24.5,25.0,gstreamer_single
1006,88.803,0.00,3.13,10.83,15.76,29.71,30.10,33.7,33.2,24.6,25.0,gstreamer_single
1007,88.842,0.00,2.94,11.01,21.42,35.38,35.64,28.3,28.1,25.1,25.0,gstreamer_single
1008,88.887,0.00,2.92,10.67,15.51,29.10,29.61,34.4,33.8,24.9,25.0,gstreamer_single
1009,88.940,0.00,3.06,10.90,18.96,32.91,33.20,30.4,30.1,24.9,25.0,gstreamer_single
1010,88.977,0.00,3.21,11.01,14.65,28.86,29.33,34.6,34.1,25.2,25.0,gstreamer_single
1011,89.038,0.00,3.46,17.60,36.04,57.10,57.49,17.5,17.4,24.7,25.0,gstreamer_single
1012,89.077,0.00,3.12,15.55,16.01,34.68,34.94,28.8,28.6,24.6,25.0,gstreamer_single
1013,89.123,0.00,3.65,12.23,22.20,38.07,38.38,26.3,26.1,24.5,25.0,gstreamer_single
1014,89.175,0.00,3.44,15.95,26.10,45.48,45.73,22.0,21.9,24.2,25.0,gstreamer_single
1015,89.213,0.00,3.15,11.05,14.85,29.05,29.32,34.4,34.1,24.3,25.0,gstreamer_single
1016,89.254,0.00,3.04,11.20,15.04,29.28,29.55,34.2,33.8,24.2,25.0,gstreamer_single
1017,89.297,0.00,3.54,10.91,16.56,31.01,31.29,32.2,32.0,24.1,25.0,gstreamer_single
1018,89.342,0.00,3.25,11.35,21.93,36.53,36.82,27.4,27.2,23.9,25.0,gstreamer_single
1019,89.408,0.00,3.92,12.98,36.66,53.56,53.88,18.7,18.6,23.5,25.0,gstreamer_single
1020,89.454,0.00,3.25,11.12,14.15,28.52,28.92,35.1,34.6,23.4,25.0,gstreamer_single
1021,89.498,0.00,4.30,11.41,15.26,30.98,31.35,32.3,31.9,23.2,25.0,gstreamer_single
1022,89.537,0.00,2.95,10.80,16.51,30.26,30.52,33.0,32.8,23.3,25.0,gstreamer_single
1023,89.575,0.00,3.11,10.59,15.41,29.11,29.40,34.4,34.0,23.5,25.0,gstreamer_single
1024,89.620,0.00,3.13,10.91,16.42,30.45,30.72,32.8,32.6,23.4,25.0,gstreamer_single
1025,89.660,0.00,2.83,13.50,16.69,33.03,33.34,30.3,30.0,23.5,25.0,gstreamer_single
1026,89.704,0.00,3.40,13.69,14.99,32.08,32.59,31.2,30.7,23.3,25.0,gstreamer_single
1027,89.742,0.00,3.80,11.15,14.95,29.90,30.29,33.4,33.0,23.4,25.0,gstreamer_single
1028,89.777,0.00,3.06,11.43,16.61,31.10,31.38,32.2,31.9,23.4,25.0,gstreamer_single
1029,89.812,0.00,3.02,13.92,14.76,31.70,31.96,31.5,31.3,23.4,25.0,gstreamer_single
1030,89.846,0.00,2.88,10.63,17.13,30.64,30.90,32.6,32.4,23.6,25.0,gstreamer_single
1031,89.887,0.00,3.26,10.84,15.96,30.05,30.59,33.3,32.7,23.5,25.0,gstreamer_single
1032,89.923,0.00,3.59,11.11,17.28,31.98,32.25,31.3,31.0,23.5,25.0,gstreamer_single
1033,89.966,0.00,3.31,11.04,15.21,29.55,29.81,33.8,33.5,23.3,25.0,gstreamer_single
1034,90.005,0.00,3.07,10.82,18.52,32.40,32.66,30.9,30.6,23.4,25.0,gstreamer_single
1035,90.038,0.00,3.10,10.59,15.46,29.14,29.41,34.3,34.0,23.5,25.0,gstreamer_single
1036,90.081,0.00,3.41,14.88,15.39,33.68,33.95,29.7,29.5,23.4,25.0,gstreamer_single
1037,90.124,0.00,3.55,11.95,16.44,31.94,32.43,31.3,30.8,23.4,25.0,gstreamer_single
1038,90.163,0.00,3.17,10.78,15.83,29.78,30.06,33.6,33.3,23.7,25.0,gstreamer_single
1039,90.209,0.00,3.31,11.25,16.54,31.10,31.37,32.2,31.9,23.5,25.0,gstreamer_single
1040,90.243,0.00,4.01,11.50,15.75,31.25,31.53,32.0,31.7,24.1,25.0,gstreamer_single
1041,90.286,0.00,3.48,11.38,17.90,32.77,33.14,30.5,30.2,24.0,25.0,gstreamer_single
1042,90.326,0.00,3.49,12.48,16.31,32.29,32.56,31.0,30.7,24.1,25.0,gstreamer_single
1043,90.375,0.00,2.95,12.83,15.29,31.07,31.57,32.2,31.7,24.2,25.0,gstreamer_single
1044,90.417,0.00,3.62,16.46,15.70,35.78,36.05,28.0,27.7,24.1,25.0,gstreamer_single
1045,90.452,0.00,3.01,11.93,15.07,30.01,30.28,33.3,33.0,24.2,25.0,gstreamer_single
1046,90.493,0.00,3.56,12.52,14.89,30.97,31.28,32.3,32.0,24.2,25.0,gstreamer_single
1047,90.545,0.00,3.76,12.42,20.83,37.01,37.31,27.0,26.8,24.1,25.0,gstreamer_single
1048,90.605,0.00,4.10,12.52,39.44,56.06,56.44,17.8,17.7,24.2,25.0,gstreamer_single
1049,90.642,0.00,3.91,12.91,14.43,31.24,31.53,32.0,31.7,24.4,25.0,gstreamer_single
1050,90.689,0.00,3.01,11.85,16.52,31.38,31.63,31.9,31.6,24.4,25.0,gstreamer_single
1051,90.740,0.00,3.91,11.87,21.00,36.79,37.08,27.2,27.0,24.1,25.0,gstreamer_single
1052,90.787,0.00,4.02,12.62,16.89,33.53,34.02,29.8,29.4,23.9,25.0,gstreamer_single
1053,90.835,0.00,3.32,11.00,21.09,35.41,35.69,28.2,28.0,23.9,25.0,gstreamer_single
1054,90.897,0.00,3.00,11.35,38.51,52.85,53.13,18.9,18.8,23.4,25.0,gstreamer_single
1055,90.939,0.00,3.24,11.28,18.11,32.64,32.88,30.6,30.4,23.5,25.0,gstreamer_single
1056,90.977,0.00,3.17,10.66,15.28,29.11,29.37,34.4,34.0,23.5,25.0,gstreamer_single
1057,91.025,0.00,3.20,12.52,20.62,36.35,36.60,27.5,27.3,23.2,25.0,gstreamer_single
1058,91.070,0.00,3.92,12.24,17.27,33.43,33.71,29.9,29.7,23.1,25.0,gstreamer_single
1059,91.116,0.00,4.53,11.26,26.00,41.78,42.16,23.9,23.7,22.8,25.0,gstreamer_single
1060,91.154,0.00,3.21,11.34,14.83,29.38,29.71,34.0,33.7,22.9,25.0,gstreamer_single
1061,91.194,0.00,3.54,11.41,15.09,30.04,30.36,33.3,32.9,22.8,25.0,gstreamer_single
1062,91.243,0.00,3.27,10.74,22.53,36.54,36.80,27.4,27.2,22.7,25.0,gstreamer_single
1063,91.284,0.00,3.21,10.73,18.86,32.80,33.15,30.5,30.2,22.7,25.0,gstreamer_single
1064,91.341,0.00,4.45,12.65,31.46,48.57,48.89,20.6,20.5,22.2,25.0,gstreamer_single
1065,91.388,0.00,3.10,11.11,19.27,33.48,34.04,29.9,29.4,22.2,25.0,gstreamer_single
1066,91.437,0.00,3.21,10.86,28.27,42.34,42.69,23.6,23.4,22.1,25.0,gstreamer_single
1067,91.473,0.00,3.00,12.17,13.97,29.15,29.52,34.3,33.9,22.1,25.0,gstreamer_single
1068,91.513,0.00,3.29,10.92,14.55,28.76,29.29,34.8,34.1,22.2,25.0,gstreamer_single
1069,91.555,0.00,2.98,11.71,15.33,30.02,30.29,33.3,33.0,22.1,25.0,gstreamer_single
1070,91.592,0.00,3.65,10.84,15.06,29.55,29.84,33.8,33.5,22.2,25.0,gstreamer_single
1071,91.645,0.00,3.24,11.47,32.70,47.41,47.65,21.1,21.0,22.0,25.0,gstreamer_single
1072,91.714,0.00,5.73,12.40,39.36,57.48,57.91,17.4,17.3,21.7,25.0,gstreamer_single
1073,91.762,0.00,4.55,11.15,15.44,31.15,31.58,32.1,31.7,21.6,25.0,gstreamer_single
1074,91.804,0.00,3.95,12.03,20.34,36.32,36.70,27.5,27.3,21.5,25.0,gstreamer_single
1075,91.847,0.00,3.14,18.79,16.91,38.83,39.29,25.8,25.5,21.4,25.0,gstreamer_single
1076,91.893,0.00,3.06,10.76,22.92,36.74,37.01,27.2,27.0,21.5,25.0,gstreamer_single
1077,91.951,0.00,2.91,13.31,31.21,47.43,47.71,21.1,21.0,21.6,25.0,gstreamer_single
1078,91.984,0.00,3.43,11.01,14.71,29.15,29.41,34.3,34.0,21.6,25.0,gstreamer_single
1079,92.023,0.00,3.37,11.02,15.28,29.67,29.93,33.7,33.4,21.7,25.0,gstreamer_single
1080,92.062,0.00,3.42,10.88,15.74,30.03,30.44,33.3,32.9,21.9,25.0,gstreamer_single
1081,92.105,0.00,3.23,10.84,17.60,31.68,32.02,31.6,31.2,22.0,25.0,gstreamer_single
1082,92.154,0.00,3.22,12.96,14.25,30.43,30.72,32.9,32.6,22.0,25.0,gstreamer_single
1083,92.202,0.00,3.09,10.99,15.51,29.59,29.85,33.8,33.5,22.2,25.0,gstreamer_single
1084,92.238,0.00,3.15,11.41,14.51,29.06,29.31,34.4,34.1,22.3,25.0,gstreamer_single
1085,92.285,0.00,3.10,11.98,15.17,30.26,30.56,33.0,32.7,22.2,25.0,gstreamer_single
1086,92.336,0.00,3.15,13.42,17.00,33.56,33.86,29.8,29.5,22.1,25.0,gstreamer_single
1087,92.386,0.00,3.19,10.87,21.79,35.86,36.17,27.9,27.6,22.0,25.0,gstreamer_single
1088,92.425,0.00,3.55,13.68,14.41,31.64,31.94,31.6,31.3,22.2,25.0,gstreamer_single
1089,92.461,0.00,3.30,11.17,15.71,30.18,30.51,33.1,32.8,22.2,25.0,gstreamer_single
1090,92.509,0.00,3.92,11.63,15.48,31.03,31.29,32.2,32.0,22.1,25.0,gstreamer_single
1091,92.566,0.00,4.32,12.32,24.75,41.39,41.68,24.2,24.0,21.9,25.0,gstreamer_single
1092,92.616,0.00,4.50,11.42,22.52,38.45,38.73,26.0,25.8,21.8,25.0,gstreamer_single
1093,92.658,0.00,4.18,11.69,15.08,30.94,31.28,32.3,32.0,22.0,25.0,gstreamer_single
1094,92.699,0.00,4.39,11.14,20.10,35.64,35.97,28.1,27.8,22.1,25.0,gstreamer_single
1095,92.739,0.00,4.41,12.97,14.50,31.89,32.36,31.4,30.9,22.3,25.0,gstreamer_single
1096,92.779,0.00,2.97,19.25,14.56,36.77,37.05,27.2,27.0,22.2,25.0,gstreamer_single
1097,92.828,0.00,4.44,15.55,20.44,40.43,40.79,24.7,24.5,22.1,25.0,gstreamer_single
1098,92.875,0.00,3.50,12.02,15.86,31.38,31.69,31.9,31.6,22.0,25.0,gstreamer_single
1099,92.923,0.00,3.47,11.26,14.49,29.23,29.48,34.2,33.9,21.8,25.0,gstreamer_single
1100,92.960,0.00,3.72,10.90,17.14,31.76,32.05,31.5,31.2,22.1,25.0,gstreamer_single
1101,93.009,0.00,3.24,12.87,18.00,34.11,34.37,29.3,29.1,22.4,25.0,gstreamer_single
1102,93.057,0.00,3.23,11.56,17.95,32.74,33.00,30.5,30.3,22.4,25.0,gstreamer_single
1103,93.094,0.00,3.93,12.07,15.47,31.47,31.87,31.8,31.4,22.5,25.0,gstreamer_single
1104,93.137,0.00,3.60,13.99,14.58,32.17,32.54,31.1,30.7,22.5,25.0,gstreamer_single
1105,93.177,0.00,3.28,12.62,14.91,30.81,31.15,32.5,32.1,22.6,25.0,gstreamer_single
1106,93.224,0.00,3.48,10.99,14.97,29.44,29.76,34.0,33.6,22.8,25.0,gstreamer_single
1107,93.259,0.00,3.31,11.36,16.05,30.72,30.99,32.6,32.3,22.7,25.0,gstreamer_single
1108,93.305,0.00,3.56,11.97,14.52,30.05,30.56,33.3,32.7,22.6,25.0,gstreamer_single
1109,93.371,0.00,5.33,11.69,32.98,50.01,50.63,20.0,19.8,22.2,25.0,gstreamer_single
1110,93.430,0.00,4.52,11.64,39.45,55.60,55.99,18.0,17.9,21.9,25.0,gstreamer_single
1111,93.474,0.00,3.70,14.92,14.59,33.21,33.49,30.1,29.9,22.0,25.0,gstreamer_single
1112,93.511,0.00,3.61,11.40,15.98,30.98,31.32,32.3,31.9,22.1,25.0,gstreamer_single
1113,93.567,0.00,3.51,11.55,23.54,38.60,38.96,25.9,25.7,21.8,25.0,gstreamer_single
1114,93.603,0.00,3.62,11.18,15.01,29.81,30.08,33.5,33.2,22.0,25.0,gstreamer_single
1115,93.648,0.00,3.17,10.99,18.65,32.81,33.07,30.5,30.2,22.1,25.0,gstreamer_single
1116,93.686,0.00,3.17,10.89,15.19,29.25,29.51,34.2,33.9,22.3,25.0,gstreamer_single
1117,93.727,0.00,3.38,11.01,15.18,29.57,29.87,33.8,33.5,22.3,25.0,gstreamer_single
1118,93.767,0.00,3.01,10.84,16.29,30.14,30.40,33.2,32.9,22.2,25.0,gstreamer_single
1119,93.810,0.00,4.40,11.42,14.40,30.23,30.55,33.1,32.7,22.3,25.0,gstreamer_single
1120,93.857,0.00,4.52,11.15,14.48,30.16,30.61,33.2,32.7,22.5,25.0,gstreamer_single
1121,93.903,0.00,3.50,10.52,14.98,29.00,29.33,34.5,34.1,22.5,25.0,gstreamer_single
1122,93.937,0.00,3.22,11.01,16.13,30.36,30.63,32.9,32.7,22.7,25.0,gstreamer_single
1123,93.976,0.00,3.10,10.59,16.24,29.94,30.23,33.4,33.1,22.7,25.0,gstreamer_single
1124,94.025,0.00,3.31,11.96,15.17,30.44,30.75,32.9,32.5,22.5,25.0,gstreamer_single
1125,94.076,0.00,3.62,10.70,23.29,37.61,37.96,26.6,26.3,22.4,25.0,gstreamer_single
1126,94.116,0.00,3.47,11.08,16.59,31.14,31.46,32.1,31.8,22.5,25.0,gstreamer_single
1127,94.163,0.00,3.58,21.82,15.74,41.15,41.43,24.3,24.1,22.5,25.0,gstreamer_single
1128,94.202,0.00,3.21,11.37,14.90,29.48,29.92,33.9,33.4,22.7,25.0,gstreamer_single
1129,94.245,0.00,3.65,11.04,15.46,30.16,30.47,33.2,32.8,22.6,25.0,gstreamer_single
1130,94.293,0.00,3.72,11.04,16.31,31.07,31.50,32.2,31.7,22.6,25.0,gstreamer_single
1131,94.340,0.00,4.22,11.64,14.74,30.61,30.95,32.7,32.3,22.6,25.0,gstreamer_single
1132,94.376,0.00,4.46,12.12,14.99,31.57,31.89,31.7,31.4,22.6,25.0,gstreamer_single
1133,94.426,0.00,3.53,14.12,14.69,32.34,32.76,30.9,30.5,22.5,25.0,gstreamer_single
1134,94.475,0.00,3.44,14.29,15.09,32.82,33.19,30.5,30.1,22.4,25.0,gstreamer_single
1135,94.516,0.00,3.95,13.65,15.50,33.10,33.64,30.2,29.7,22.4,25.0,gstreamer_single
1136,94.553,0.00,2.87,13.00,13.79,29.67,30.12,33.7,33.2,22.4,25.0,gstreamer_single
1137,94.593,0.00,3.27,10.98,13.97,28.22,28.52,35.4,35.1,22.5,25.0,gstreamer_single
1138,94.633,0.00,3.50,11.59,14.08,29.16,29.42,34.3,34.0,23.0,25.0,gstreamer_single
1139,94.674,0.00,3.01,12.10,13.99,29.10,29.37,34.4,34.0,23.3,25.0,gstreamer_single
1140,94.718,0.00,3.21,12.75,16.42,32.38,32.70,30.9,30.6,23.3,25.0,gstreamer_single
1141,94.760,0.00,3.71,14.53,16.13,34.37,34.71,29.1,28.8,23.2,25.0,gstreamer_single
1142,94.803,0.00,3.07,13.55,13.99,30.61,31.04,32.7,32.2,23.5,25.0,gstreamer_single
1143,94.835,0.00,3.25,10.65,14.43,28.33,28.61,35.3,34.9,23.5,25.0,gstreamer_single
1144,94.869,0.00,4.14,11.59,15.05,30.78,31.34,32.5,31.9,23.8,25.0,gstreamer_single
1145,94.902,0.00,3.30,10.60,14.10,28.01,28.28,35.7,35.4,23.9,25.0,gstreamer_single
1146,94.937,0.00,3.35,10.77,14.10,28.22,28.73,35.4,34.8,24.0,25.0,gstreamer_single
1147,94.986,0.00,4.39,14.04,18.93,37.36,37.73,26.8,26.5,23.8,25.0,gstreamer_single
1148,95.033,0.00,3.31,11.06,18.40,32.77,33.29,30.5,30.0,23.7,25.0,gstreamer_single
1149,95.070,0.00,3.21,10.80,14.21,28.23,28.63,35.4,34.9,23.9,25.0,gstreamer_single
1150,95.114,0.00,3.23,13.66,14.97,31.86,32.16,31.4,31.1,23.9,25.0,gstreamer_single
1151,95.158,0.00,3.31,17.39,14.31,35.01,35.28,28.6,28.3,23.7,25.0,gstreamer_single
1152,95.190,0.00,3.37,10.69,14.35,28.42,28.70,35.2,34.8,23.9,25.0,gstreamer_single
1153,95.230,0.00,3.44,10.75,13.85,28.04,28.44,35.7,35.2,24.1,25.0,gstreamer_single
1154,95.265,0.00,3.43,10.75,18.39,32.57,32.94,30.7,30.4,24.4,25.0,gstreamer_single
1155,95.302,0.00,3.45,11.07,13.67,28.18,28.50,35.5,35.1,24.5,25.0,gstreamer_single
1156,95.334,0.00,3.17,11.99,14.16,29.32,29.84,34.1,33.5,24.8,25.0,gstreamer_single
1157,95.390,0.00,3.01,13.16,29.60,45.77,46.04,21.8,21.7,24.4,25.0,gstreamer_single
1158,95.437,0.00,4.59,11.31,13.77,29.67,30.04,33.7,33.3,24.3,25.0,gstreamer_single
1159,95.497,0.00,3.20,17.14,24.84,45.18,45.48,22.1,22.0,24.1,25.0,gstreamer_single
1160,95.534,0.00,3.47,12.25,14.37,30.10,30.42,33.2,32.9,24.3,25.0,gstreamer_single
1161,95.577,0.00,3.49,12.22,17.78,33.49,34.07,29.9,29.3,24.1,25.0,gstreamer_single
1162,95.637,0.00,3.23,10.74,33.04,47.01,47.31,21.3,21.1,23.9,25.0,gstreamer_single
1163,95.675,0.00,4.70,11.65,14.42,30.77,31.14,32.5,32.1,24.2,25.0,gstreamer_single
1164,95.715,0.00,3.25,12.38,14.73,30.35,30.74,32.9,32.5,24.2,25.0,gstreamer_single
1165,95.757,0.00,3.20,13.88,15.13,32.21,32.47,31.0,30.8,24.1,25.0,gstreamer_single
1166,95.798,0.00,3.51,14.02,15.18,32.71,33.08,30.6,30.2,24.1,25.0,gstreamer_single
1167,95.840,0.00,3.01,14.86,15.45,33.32,33.61,30.0,29.8,24.0,25.0,gstreamer_single
1168,95.875,0.00,3.46,11.24,14.50,29.20,29.50,34.3,33.9,24.1,25.0,gstreamer_single
1169,95.929,0.00,3.38,11.52,24.17,39.07,39.34,25.6,25.4,23.9,25.0,gstreamer_single
1170,95.973,0.00,3.41,13.53,14.57,31.52,31.82,31.7,31.4,23.9,25.0,gstreamer_single
1171,96.013,0.00,3.16,11.27,19.87,34.31,34.58,29.1,28.9,24.0,25.0,gstreamer_single
1172,96.051,0.00,3.20,10.82,14.51,28.53,28.79,35.1,34.7,23.9,25.0,gstreamer_single
1173,96.092,0.00,3.17,11.51,18.62,33.30,33.70,30.0,29.7,23.7,25.0,gstreamer_single
1174,96.131,0.00,3.44,11.04,17.23,31.72,31.97,31.5,31.3,23.6,25.0,gstreamer_single
1175,96.172,0.00,3.18,11.56,16.57,31.31,31.72,31.9,31.5,23.5,25.0,gstreamer_single
1176,96.214,0.00,3.47,14.87,14.08,32.42,32.70,30.8,30.6,23.6,25.0,gstreamer_single
1177,96.254,0.00,4.23,11.45,15.14,30.81,31.27,32.5,32.0,23.8,25.0,gstreamer_single
1178,96.291,0.00,3.26,11.55,15.79,30.61,30.88,32.7,32.4,23.8,25.0,gstreamer_single
1179,96.350,0.00,4.44,12.73,36.32,53.49,53.90,18.7,18.6,23.5,25.0,gstreamer_single
1180,96.403,0.00,4.52,12.10,24.07,40.69,40.99,24.6,24.4,23.3,25.0,gstreamer_single
1181,96.445,0.00,3.62,11.61,16.49,31.71,32.04,31.5,31.2,23.1,25.0,gstreamer_single
1182,96.478,0.00,3.21,11.64,15.07,29.91,30.15,33.4,33.2,23.2,25.0,gstreamer_single
1183,96.526,0.00,3.10,11.42,16.39,30.91,31.35,32.4,31.9,23.0,25.0,gstreamer_single
1184,96.573,0.00,3.09,11.94,18.43,33.46,33.84,29.9,29.6,22.8,25.0,gstreamer_single
1185,96.611,0.00,3.34,11.87,15.83,31.05,31.40,32.2,31.8,22.7,25.0,gstreamer_single
1186,96.654,0.00,3.10,14.17,14.08,31.35,31.67,31.9,31.6,22.9,25.0,gstreamer_single
1187,96.694,0.00,3.37,11.62,14.50,29.48,29.75,33.9,33.6,23.1,25.0,gstreamer_single
1188,96.734,0.00,3.13,11.90,14.39,29.42,29.84,34.0,33.5,23.4,25.0,gstreamer_single
1189,96.776,0.00,3.16,14.31,13.89,31.36,31.77,31.9,31.5,23.4,25.0,gstreamer_single
1190,96.821,0.00,4.48,12.96,18.53,35.98,36.40,27.8,27.5,23.3,25.0,gstreamer_single
1191,96.855,0.00,3.57,11.40,14.81,29.78,30.18,33.6,33.1,23.8,25.0,gstreamer_single
1192,96.893,0.00,3.19,11.01,14.95,29.14,29.51,34.3,33.9,23.8,25.0,gstreamer_single
1193,96.937,0.00,3.25,10.95,14.51,28.71,28.98,34.8,34.5,23.7,25.0,gstreamer_single
1194,96.975,0.00,3.22,15.14,14.76,33.11,33.41,30.2,29.9,23.8,25.0,gstreamer_single
1195,97.009,0.00,3.76,11.11,15.41,30.28,30.91,33.0,32.4,23.9,25.0,gstreamer_single
1196,97.056,0.00,3.44,10.61,14.99,29.04,29.50,34.4,33.9,23.8,25.0,gstreamer_single
1197,97.106,0.00,4.13,13.75,14.24,32.11,32.41,31.1,30.9,23.6,25.0,gstreamer_single
1198,97.154,0.00,3.17,12.97,14.64,30.78,31.13,32.5,32.1,23.7,25.0,gstreamer_single
1199,97.194,0.00,3.78,10.48,16.52,30.77,31.21,32.5,32.0,23.8,25.0,gstreamer_single
1200,97.229,0.00,3.65,10.82,14.42,28.89,29.26,34.6,34.2,23.9,25.0,gstreamer_single
1201,97.285,0.00,3.82,11.12,30.85,45.79,46.09,21.8,21.7,23.5,25.0,gstreamer_single
1202,97.329,0.00,3.04,10.68,20.01,33.73,34.00,29.6,29.4,23.5,25.0,gstreamer_single
1203,97.367,0.00,3.20,10.80,14.76,28.77,29.01,34.8,34.5,23.5,25.0,gstreamer_single
1204,97.414,0.00,2.93,10.70,21.11,34.75,35.03,28.8,28.5,23.4,25.0,gstreamer_single
1205,97.450,0.00,3.44,11.51,15.81,30.76,31.04,32.5,32.2,23.5,25.0,gstreamer_single
1206,97.490,0.00,2.96,11.09,16.81,30.86,31.42,32.4,31.8,23.5,25.0,gstreamer_single
1207,97.526,0.00,3.12,10.80,15.60,29.51,30.03,33.9,33.3,23.5,25.0,gstreamer_single
1208,97.567,0.00,3.18,11.02,15.12,29.32,29.71,34.1,33.7,23.8,25.0,gstreamer_single
1209,97.608,0.00,3.57,11.55,15.44,30.56,30.82,32.7,32.5,24.1,25.0,gstreamer_single
1210,97.654,0.00,3.33,11.33,15.69,30.35,30.62,32.9,32.7,24.0,25.0,gstreamer_single
1211,97.706,0.00,3.19,10.88,18.20,32.28,32.86,31.0,30.4,23.6,25.0,gstreamer_single
1212,97.754,0.00,3.27,12.94,15.13,31.34,31.67,31.9,31.6,23.6,25.0,gstreamer_single
1213,97.792,0.00,3.83,11.85,14.57,30.26,30.56,33.0,32.7,23.8,25.0,gstreamer_single
1214,97.839,0.00,3.05,11.92,14.78,29.75,30.02,33.6,33.3,23.6,25.0,gstreamer_single
1215,97.878,0.00,3.26,11.05,14.55,28.86,29.14,34.7,34.3,23.7,25.0,gstreamer_single
1216,97.925,0.00,3.09,11.79,16.40,31.27,31.65,32.0,31.6,23.6,25.0,gstreamer_single
1217,97.966,0.00,3.16,11.25,16.96,31.37,31.64,31.9,31.6,23.5,25.0,gstreamer_single
1218,98.003,0.00,3.11,10.72,15.78,29.61,29.87,33.8,33.5,23.6,25.0,gstreamer_single
1219,98.044,0.00,4.48,11.22,14.68,30.38,30.74,32.9,32.5,23.7,25.0,gstreamer_single
1220,98.089,0.00,4.10,11.31,14.42,29.83,30.26,33.5,33.0,23.5,25.0,gstreamer_single
1221,98.135,0.00,3.28,14.93,15.08,33.30,33.59,30.0,29.8,23.3,25.0,gstreamer_single
1222,98.180,0.00,4.10,16.43,13.97,34.50,34.90,29.0,28.7,23.3,25.0,gstreamer_single
1223,98.222,0.00,3.45,10.80,14.32,28.57,29.12,35.0,34.3,23.3,25.0,gstreamer_single
1224,98.256,0.00,3.25,11.21,15.25,29.71,29.99,33.7,33.3,23.3,25.0,gstreamer_single
1225,98.293,0.00,3.44,10.69,15.72,29.85,30.12,33.5,33.2,23.4,25.0,gstreamer_single
1226,98.338,0.00,3.78,11.19,16.17,31.14,31.56,32.1,31.7,23.5,25.0,gstreamer_single
1227,98.378,0.00,4.26,13.49,16.86,34.62,34.92,28.9,28.6,23.7,25.0,gstreamer_single
1228,98.425,0.00,3.25,12.86,14.41,30.52,30.81,32.8,32.5,23.6,25.0,gstreamer_single
1229,98.470,0.00,4.91,11.82,25.02,41.75,42.13,24.0,23.7,23.4,25.0,gstreamer_single
1230,98.506,0.00,4.26,11.66,13.87,29.79,30.11,33.6,33.2,23.8,25.0,gstreamer_single
1231,98.540,0.00,3.56,10.76,14.27,28.59,29.04,35.0,34.4,23.9,25.0,gstreamer_single
1232,98.589,0.00,3.49,10.80,14.26,28.56,29.14,35.0,34.3,23.7,25.0,gstreamer_single
1233,98.638,0.00,3.98,10.97,16.77,31.72,32.13,31.5,31.1,23.7,25.0,gstreamer_single
1234,98.676,0.00,3.08,15.32,14.71,33.11,33.37,30.2,30.0,23.7,25.0,gstreamer_single
1235,98.719,0.00,3.21,12.23,19.77,35.21,35.56,28.4,28.1,23.6,25.0,gstreamer_single
1236,98.755,0.00,3.04,12.95,14.25,30.24,30.51,33.1,32.8,23.6,25.0,gstreamer_single
1237,98.806,0.00,3.29,14.07,24.01,41.37,41.70,24.2,24.0,23.4,25.0,gstreamer_single
1238,98.847,0.00,3.04,14.46,19.13,36.63,36.89,27.3,27.1,23.4,25.0,gstreamer_single
1239,98.883,0.00,3.22,11.19,15.12,29.53,29.99,33.9,33.3,23.6,25.0,gstreamer_single
1240,98.924,0.00,4.42,11.16,14.56,30.14,30.57,33.2,32.7,23.8,25.0,gstreamer_single
1241,98.963,0.00,3.24,10.78,14.89,28.90,29.20,34.6,34.2,24.0,25.0,gstreamer_single
1242,99.005,0.00,3.39,11.39,15.52,30.30,30.56,33.0,32.7,23.9,25.0,gstreamer_single
1243,99.047,0.00,3.20,11.20,16.04,30.44,30.71,32.9,32.6,24.0,25.0,gstreamer_single
1244,99.099,0.00,3.41,11.75,25.28,40.45,40.87,24.7,24.5,23.8,25.0,gstreamer_single
1245,99.136,0.00,3.15,11.14,16.02,30.31,30.57,33.0,32.7,23.9,25.0,gstreamer_single
1246,99.185,0.00,3.23,16.77,14.34,34.34,34.99,29.1,28.6,23.8,25.0,gstreamer_single
1247,99.221,0.00,3.32,10.83,14.50,28.65,28.97,34.9,34.5,23.8,25.0,gstreamer_single
1248,99.262,0.00,3.25,10.93,13.71,27.88,28.17,35.9,35.5,23.8,25.0,gstreamer_single
1249,99.296,0.00,3.50,11.59,15.45,30.55,30.87,32.7,32.4,24.0,25.0,gstreamer_single
1250,99.335,0.00,3.51,11.59,14.94,30.04,30.31,33.3,33.0,24.2,25.0,gstreamer_single
1251,99.376,0.00,3.43,11.61,15.44,30.48,30.75,32.8,32.5,24.3,25.0,gstreamer_single
1252,99.419,0.00,3.07,12.52,14.64,30.24,30.68,33.1,32.6,24.2,25.0,gstreamer_single
1253,99.468,0.00,3.23,14.14,17.21,34.59,35.56,28.9,28.1,23.9,25.0,gstreamer_single
1254,99.504,0.00,3.35,11.99,13.98,29.32,29.62,34.1,33.8,24.0,25.0,gstreamer_single
1255,99.546,0.00,3.45,11.52,14.27,29.24,29.58,34.2,33.8,24.0,25.0,gstreamer_single
1256,99.586,0.00,3.41,11.60,14.19,29.19,29.54,34.3,33.9,24.0,25.0,gstreamer_single
1257,99.629,0.00,3.70,12.49,14.80,30.99,31.39,32.3,31.9,24.1,25.0,gstreamer_single
1258,99.682,0.00,3.32,12.18,32.31,47.80,48.16,20.9,20.8,23.9,25.0,gstreamer_single
1259,99.730,0.00,3.38,11.22,24.11,38.71,39.02,25.8,25.6,23.7,25.0,gstreamer_single
1260,99.771,0.00,3.33,11.31,17.21,31.84,32.12,31.4,31.1,23.6,25.0,gstreamer_single
1261,99.816,0.00,3.63,10.82,22.02,36.48,36.76,27.4,27.2,23.6,25.0,gstreamer_single
1262,99.867,0.00,3.05,13.62,27.78,44.45,44.75,22.5,22.3,23.6,25.0,gstreamer_single
1263,99.904,0.00,3.23,10.95,15.17,29.34,29.64,34.1,33.7,23.6,25.0,gstreamer_single
1264,99.946,0.00,3.40,10.92,14.46,28.77,29.06,34.8,34.4,23.6,25.0,gstreamer_single
1265,99.986,0.00,3.50,10.77,15.47,29.74,30.05,33.6,33.3,23.5,25.0,gstreamer_single
1266,100.024,0.00,3.45,10.75,14.24,28.43,28.71,35.2,34.8,23.8,25.0,gstreamer_single
1267,100.087,0.00,4.44,15.28,27.54,47.26,47.96,21.2,20.8,23.4,25.0,gstreamer_single
1268,100.132,0.00,3.69,12.21,16.50,32.40,32.73,30.9,30.6,23.2,25.0,gstreamer_single
1269,100.174,0.00,4.38,11.38,14.28,30.04,30.43,33.3,32.9,23.2,25.0,gstreamer_single
1270,100.212,0.00,3.21,12.82,15.36,31.39,31.71,31.9,31.5,23.2,25.0,gstreamer_single
1271,100.259,0.00,3.75,11.28,21.26,36.29,36.59,27.6,27.3,23.1,25.0,gstreamer_single
1272,100.302,0.00,3.25,11.04,16.62,30.91,31.23,32.4,32.0,23.1,25.0,gstreamer_single
1273,100.355,0.00,3.41,10.70,29.07,43.17,43.67,23.2,22.9,23.1,25.0,gstreamer_single
1274,100.394,0.00,4.43,11.31,15.00,30.74,31.09,32.5,32.2,23.0,25.0,gstreamer_single
1275,100.437,0.00,4.44,15.58,14.83,34.85,35.15,28.7,28.5,23.2,25.0,gstreamer_single
1276,100.488,0.00,3.81,15.56,22.93,42.29,42.58,23.6,23.5,22.9,25.0,gstreamer_single
1277,100.523,0.00,3.25,13.47,14.57,31.29,31.67,32.0,31.6,23.0,25.0,gstreamer_single
1278,100.577,0.00,4.54,11.51,16.04,32.09,32.39,31.2,30.9,22.6,25.0,gstreamer_single
1279,100.623,0.00,3.16,10.98,14.80,28.94,29.53,34.6,33.9,22.5,25.0,gstreamer_single
1280,100.663,0.00,3.50,10.86,14.83,29.20,29.47,34.3,33.9,22.5,25.0,gstreamer_single
1281,100.714,0.00,3.55,14.15,14.55,32.25,32.62,31.0,30.7,22.4,25.0,gstreamer_single
1282,100.760,0.00,3.70,13.03,15.09,31.82,32.17,31.4,31.1,22.5,25.0,gstreamer_single
1283,100.806,0.00,3.12,11.97,17.78,32.86,33.16,30.4,30.2,22.3,25.0,gstreamer_single
1284,100.843,0.00,3.10,11.01,16.20,30.32,30.67,33.0,32.6,22.4,25.0,gstreamer_single
1285,100.886,0.00,3.13,11.21,18.16,32.49,32.74,30.8,30.5,22.3,25.0,gstreamer_single
1286,100.928,0.00,4.30,11.08,17.22,32.61,33.16,30.7,30.2,22.3,25.0,gstreamer_single
1287,100.965,0.00,3.13,10.58,14.86,28.56,29.09,35.0,34.4,22.6,25.0,gstreamer_single
1288,101.005,0.00,3.10,10.67,14.69,28.45,28.75,35.1,34.8,22.7,25.0,gstreamer_single
1289,101.038,0.00,3.17,11.65,14.82,29.63,29.88,33.8,33.5,22.9,25.0,gstreamer_single
1290,101.095,0.00,3.54,15.49,24.92,43.96,44.25,22.7,22.6,22.7,25.0,gstreamer_single
1291,101.134,0.00,3.83,13.38,14.75,31.96,32.31,31.3,31.0,22.9,25.0,gstreamer_single
1292,101.178,0.00,3.47,14.06,14.15,31.67,32.05,31.6,31.2,22.8,25.0,gstreamer_single
1293,101.214,0.00,3.23,11.98,14.21,29.41,29.70,34.0,33.7,22.9,25.0,gstreamer_single
1294,101.260,0.00,3.46,11.16,16.46,31.08,31.45,32.2,31.8,22.8,25.0,gstreamer_single
1295,101.318,0.00,4.79,16.12,18.46,39.37,39.83,25.4,25.1,22.4,25.0,gstreamer_single
1296,101.359,0.00,3.49,11.00,16.26,30.75,31.09,32.5,32.2,22.8,25.0,gstreamer_single
1297,101.394,0.00,3.57,14.44,14.17,32.18,32.50,31.1,30.8,23.0,25.0,gstreamer_single
1298,101.439,0.00,3.11,12.23,14.09,29.43,29.88,34.0,33.5,22.9,25.0,gstreamer_single
1299,101.488,0.00,3.30,13.33,16.27,32.90,33.21,30.4,30.1,22.7,25.0,gstreamer_single
1300,101.530,0.00,3.21,10.59,21.99,35.79,36.12,27.9,27.7,22.8,25.0,gstreamer_single
1301,101.566,0.00,3.44,10.73,15.17,29.34,29.61,34.1,33.8,22.9,25.0,gstreamer_single
1302,101.608,0.00,3.46,11.28,15.99,30.73,31.00,32.5,32.3,23.1,25.0,gstreamer_single
1303,101.652,0.00,3.22,11.23,13.98,28.43,28.73,35.2,34.8,23.1,25.0,gstreamer_single
1304,101.700,0.00,4.07,11.19,20.80,36.06,36.44,27.7,27.4,23.0,25.0,gstreamer_single
1305,101.736,0.00,3.26,12.55,14.89,30.70,31.01,32.6,32.2,23.2,25.0,gstreamer_single
1306,101.777,0.00,3.43,15.08,14.07,32.58,32.85,30.7,30.4,23.1,25.0,gstreamer_single
1307,101.833,0.00,3.68,13.94,21.00,38.63,38.92,25.9,25.7,23.1,25.0,gstreamer_single
1308,101.867,0.00,3.40,11.77,13.91,29.08,29.50,34.4,33.9,23.3,25.0,gstreamer_single
1309,101.907,0.00,3.28,11.14,14.04,28.47,28.83,35.1,34.7,23.3,25.0,gstreamer_single
1310,101.939,0.00,3.68,11.52,14.38,29.59,30.04,33.8,33.3,23.7,25.0,gstreamer_single
1311,101.981,0.00,3.51,10.91,16.30,30.72,31.14,32.6,32.1,23.8,25.0,gstreamer_single
1312,102.020,0.00,3.35,12.09,15.47,30.90,31.15,32.4,32.1,23.9,25.0,gstreamer_single
1313,102.056,0.00,2.97,14.58,14.68,32.22,32.60,31.0,30.7,23.9,25.0,gstreamer_single
1314,102.095,0.00,3.15,12.53,14.70,30.38,30.67,32.9,32.6,24.0,25.0,gstreamer_single
1315,102.137,0.00,2.91,13.06,14.10,30.08,30.51,33.2,32.8,24.0,25.0,gstreamer_single
1316,102.178,0.00,3.34,14.71,14.33,32.38,32.70,30.9,30.6,23.9,25.0,gstreamer_single
1317,102.223,0.00,4.48,11.88,14.55,30.91,31.33,32.4,31.9,23.8,25.0,gstreamer_single
1318,102.261,0.00,3.50,11.01,14.43,28.94,29.47,34.5,33.9,23.7,25.0,gstreamer_single
1319,102.303,0.00,3.37,11.72,14.09,29.18,29.46,34.3,33.9,24.0,25.0,gstreamer_single
1320,102.348,0.00,3.42,10.94,14.52,28.88,29.35,34.6,34.1,23.9,25.0,gstreamer_single
1321,102.402,0.00,3.76,11.07,26.14,40.97,41.46,24.4,24.1,23.7,25.0,gstreamer_single
1322,102.434,0.00,3.24,11.35,14.62,29.21,29.50,34.2,33.9,23.8,25.0,gstreamer_single
1323,102.478,0.00,3.35,14.20,16.37,33.92,34.43,29.5,29.0,23.8,25.0,gstreamer_single
1324,102.519,0.00,3.78,14.37,16.03,34.17,34.46,29.3,29.0,24.2,25.0,gstreamer_single
1325,102.553,0.00,3.06,12.22,13.99,29.28,29.55,34.2,33.8,24.3,25.0,gstreamer_single
1326,102.598,0.00,3.09,11.08,19.17,33.34,33.71,30.0,29.7,24.1,25.0,gstreamer_single
1327,102.636,0.00,3.85,11.55,14.78,30.18,30.49,33.1,32.8,24.2,25.0,gstreamer_single
1328,102.703,0.00,4.20,12.46,39.92,56.59,57.02,17.7,17.5,23.9,25.0,gstreamer_single
1329,102.758,0.00,4.28,12.14,18.43,34.85,35.35,28.7,28.3,23.6,25.0,gstreamer_single
1330,102.800,0.00,3.41,12.74,18.57,34.73,34.99,28.8,28.6,23.5,25.0,gstreamer_single
1331,102.844,0.00,3.60,14.05,15.91,33.57,33.83,29.8,29.6,23.5,25.0,gstreamer_single
1332,102.892,0.00,4.07,11.60,14.76,30.43,30.80,32.9,32.5,23.4,25.0,gstreamer_single
1333,102.939,0.00,3.51,10.97,15.46,29.94,30.40,33.4,32.9,23.4,25.0,gstreamer_single
1334,102.976,0.00,3.62,12.05,16.40,32.07,32.32,31.2,30.9,23.4,25.0,gstreamer_single
1335,103.026,0.00,3.65,10.91,16.59,31.16,31.47,32.1,31.8,23.2,25.0,gstreamer_single
1336,103.075,0.00,4.46,11.64,15.00,31.11,31.45,32.1,31.8,23.3,25.0,gstreamer_single
1337,103.127,0.00,4.46,16.23,16.28,36.98,37.24,27.0,26.9,23.0,25.0,gstreamer_single
1338,103.160,0.00,3.31,11.09,14.50,28.89,29.30,34.6,34.1,23.1,25.0,gstreamer_single
1339,103.205,0.00,3.37,11.55,16.02,30.93,31.27,32.3,32.0,22.9,25.0,gstreamer_single
1340,103.249,0.00,3.69,11.53,18.55,33.78,34.23,29.6,29.2,22.9,25.0,gstreamer_single
1341,103.284,0.00,3.42,11.09,15.04,29.54,29.89,33.9,33.5,22.9,25.0,gstreamer_single
1342,103.351,0.00,5.70,12.40,38.29,56.39,56.86,17.7,17.6,22.4,25.0,gstreamer_single
1343,103.413,0.00,4.78,11.56,39.51,55.85,56.27,17.9,17.8,22.0,25.0,gstreamer_single
1344,103.448,0.00,4.30,11.55,14.21,30.06,30.43,33.3,32.9,22.1,25.0,gstreamer_single
1345,103.485,0.00,3.24,11.07,19.11,33.42,33.71,29.9,29.7,22.2,25.0,gstreamer_single
1346,103.523,0.00,3.21,11.35,14.64,29.20,29.47,34.3,33.9,22.3,25.0,gstreamer_single
1347,103.566,0.00,3.16,10.86,18.74,32.75,33.10,30.5,30.2,22.2,25.0,gstreamer_single
1348,103.605,0.00,3.23,11.66,15.07,29.96,30.35,33.4,32.9,22.3,25.0,gstreamer_single
1349,103.654,0.00,3.14,13.23,13.98,30.35,30.77,32.9,32.5,22.2,25.0,gstreamer_single
1350,103.688,0.00,3.24,11.03,17.25,31.52,31.78,31.7,31.5,22.6,25.0,gstreamer_single
1351,103.736,0.00,3.09,10.69,15.32,29.10,29.36,34.4,34.1,22.3,25.0,gstreamer_single
1352,103.775,0.00,3.34,13.64,17.67,34.66,35.13,28.9,28.5,22.4,25.0,gstreamer_single
1353,103.823,0.00,3.33,11.09,14.80,29.21,29.58,34.2,33.8,22.2,25.0,gstreamer_single
1354,103.868,0.00,3.24,10.83,14.70,28.76,29.18,34.8,34.3,22.0,25.0,gstreamer_single
1355,103.906,0.00,3.75,11.75,15.91,31.41,31.68,31.8,31.6,22.2,25.0,gstreamer_single
1356,103.953,0.00,3.39,11.83,14.47,29.69,30.07,33.7,33.3,22.0,25.0,gstreamer_single
1357,103.997,0.00,3.20,10.88,18.95,33.03,33.33,30.3,30.0,22.4,25.0,gstreamer_single
1358,104.036,0.00,4.41,11.75,14.85,31.02,31.36,32.2,31.9,22.7,25.0,gstreamer_single
1359,104.078,0.00,2.89,13.58,16.25,32.73,33.03,30.6,30.3,22.7,25.0,gstreamer_single
1360,104.120,0.00,3.39,14.44,15.80,33.63,33.89,29.7,29.5,22.7,25.0,gstreamer_single
1361,104.164,0.00,4.83,14.56,18.29,37.69,38.10,26.5,26.2,22.8,25.0,gstreamer_single
1362,104.203,0.00,3.15,10.41,15.69,29.25,29.52,34.2,33.9,23.0,25.0,gstreamer_single
1363,104.236,0.00,3.60,10.77,14.30,28.66,29.22,34.9,34.2,23.0,25.0,gstreamer_single
1364,104.274,0.00,2.99,10.67,14.48,28.14,28.40,35.5,35.2,23.2,25.0,gstreamer_single
1365,104.315,0.00,3.09,11.02,14.25,28.36,28.61,35.3,34.9,23.4,25.0,gstreamer_single
1366,104.358,0.00,3.24,12.37,16.50,32.11,32.38,31.1,30.9,23.6,25.0,gstreamer_single
1367,104.406,0.00,3.20,12.74,15.38,31.32,31.57,31.9,31.7,23.3,25.0,gstreamer_single
1368,104.448,0.00,2.96,10.77,15.29,29.01,29.41,34.5,34.0,23.3,25.0,gstreamer_single
1369,104.495,0.00,3.41,11.33,14.77,29.51,29.89,33.9,33.5,23.3,25.0,gstreamer_single
1370,104.539,0.00,3.76,10.92,15.03,29.72,30.22,33.6,33.1,23.1,25.0,gstreamer_single
1371,104.586,0.00,3.17,10.68,15.05,28.89,29.23,34.6,34.2,23.5,25.0,gstreamer_single
1372,104.633,0.00,3.30,10.70,24.81,38.81,39.07,25.8,25.6,23.8,25.0,gstreamer_single
1373,104.675,0.00,3.27,13.36,15.26,31.89,32.36,31.4,30.9,23.6,25.0,gstreamer_single
1374,104.706,0.00,3.73,10.78,14.01,28.51,28.90,35.1,34.6,23.7,25.0,gstreamer_single
1375,104.748,0.00,3.49,10.98,13.89,28.36,28.94,35.3,34.6,23.7,25.0,gstreamer_single
1376,104.795,0.00,3.69,10.69,16.89,31.27,31.54,32.0,31.7,23.6,25.0,gstreamer_single
1377,104.840,0.00,4.10,13.86,14.71,32.67,32.93,30.6,30.4,23.5,25.0,gstreamer_single
1378,104.874,0.00,3.60,11.19,14.82,29.61,29.97,33.8,33.4,23.8,25.0,gstreamer_single
1379,104.909,0.00,3.54,10.73,14.45,28.73,29.05,34.8,34.4,23.7,25.0,gstreamer_single
1380,104.973,0.00,3.26,11.63,32.72,47.60,47.99,21.0,20.8,23.4,25.0,gstreamer_single
1381,105.035,0.00,4.24,11.16,25.47,40.87,41.25,24.5,24.2,23.0,25.0,gstreamer_single
1382,105.085,0.00,4.49,11.98,24.55,41.02,41.28,24.4,24.2,23.0,25.0,gstreamer_single
1383,105.125,0.00,3.30,15.37,15.87,34.54,34.84,28.9,28.7,23.1,25.0,gstreamer_single
1384,105.175,0.00,3.62,12.17,15.77,31.57,31.84,31.7,31.4,22.8,25.0,gstreamer_single
1385,105.237,0.00,3.95,11.01,27.08,42.05,42.43,23.8,23.6,22.6,25.0,gstreamer_single
1386,105.275,0.00,3.17,12.22,15.49,30.88,31.17,32.4,32.1,22.7,25.0,gstreamer_single
1387,105.307,0.00,3.76,10.95,14.42,29.14,29.40,34.3,34.0,22.8,25.0,gstreamer_single
1388,105.341,0.00,3.61,11.02,14.74,29.37,29.82,34.0,33.5,23.0,25.0,gstreamer_single
1389,105.374,0.00,3.35,12.38,14.34,30.07,30.44,33.3,32.9,23.1,25.0,gstreamer_single
1390,105.422,0.00,2.92,13.63,15.06,31.60,32.02,31.6,31.2,23.1,25.0,gstreamer_single
1391,105.460,0.00,3.75,13.11,14.69,31.55,31.91,31.7,31.3,23.1,25.0,gstreamer_single
1392,105.502,0.00,3.17,11.65,16.18,31.00,31.33,32.3,31.9,22.9,25.0,gstreamer_single
1393,105.542,0.00,3.78,10.84,16.74,31.36,31.82,31.9,31.4,22.9,25.0,gstreamer_single
1394,105.581,0.00,2.89,10.70,19.22,32.82,33.13,30.5,30.2,22.9,25.0,gstreamer_single
1395,105.624,0.00,3.00,10.64,22.12,35.76,36.28,28.0,27.6,22.9,25.0,gstreamer_single
1396,105.658,0.00,2.95,12.08,14.66,29.69,29.96,33.7,33.4,23.2,25.0,gstreamer_single
1397,105.700,0.00,4.64,12.86,14.93,32.43,32.89,30.8,30.4,23.2,25.0,gstreamer_single
1398,105.744,0.00,3.19,12.43,19.07,34.69,35.11,28.8,28.5,23.2,25.0,gstreamer_single
1399,105.781,0.00,3.36,11.10,14.60,29.06,29.38,34.4,34.0,23.4,25.0,gstreamer_single
1400,105.823,0.00,3.38,10.95,14.93,29.26,29.70,34.2,33.7,23.4,25.0,gstreamer_single
1401,105.861,0.00,3.47,11.09,16.15,30.71,31.08,32.6,32.2,23.6,25.0,gstreamer_single
1402,105.904,0.00,3.79,11.92,14.63,30.34,30.76,33.0,32.5,23.6,25.0,gstreamer_single
1403,105.948,0.00,3.21,11.23,14.10,28.55,28.83,35.0,34.7,23.4,25.0,gstreamer_single
1404,105.988,0.00,3.60,13.00,14.68,31.29,31.57,32.0,31.7,23.4,25.0,gstreamer_single
1405,106.027,0.00,3.53,10.87,14.68,29.08,29.38,34.4,34.0,23.5,25.0,gstreamer_single
1406,106.067,0.00,3.43,10.99,14.88,29.30,29.65,34.1,33.7,23.6,25.0,gstreamer_single
1407,106.141,0.00,4.57,12.97,39.86,57.40,57.67,17.4,17.3,22.9,25.0,gstreamer_single
1408,106.186,0.00,4.75,11.77,22.68,39.20,39.70,25.5,25.2,22.7,25.0,gstreamer_single
1409,106.228,0.00,3.10,10.86,24.75,38.72,39.04,25.8,25.6,23.1,25.0,gstreamer_single
1410,106.296,0.00,4.57,11.53,39.82,55.92,56.32,17.9,17.8,23.0,25.0,gstreamer_single
1411,106.337,0.00,4.41,11.56,15.47,31.45,31.85,31.8,31.4,23.2,25.0,gstreamer_single
1412,106.407,0.00,3.61,13.52,35.30,52.43,52.71,19.1,19.0,22.6,25.0,gstreamer_single
1413,106.447,0.00,3.31,11.11,18.29,32.71,33.00,30.6,30.3,22.8,25.0,gstreamer_single
1414,106.491,0.00,3.11,10.71,21.19,35.00,35.36,28.6,28.3,23.1,25.0,gstreamer_single
1415,106.531,0.00,3.17,11.10,16.57,30.84,31.08,32.4,32.2,23.1,25.0,gstreamer_single
1416,106.565,0.00,3.08,10.69,15.77,29.54,29.82,33.9,33.5,23.1,25.0,gstreamer_single
1417,106.599,0.00,3.38,11.42,15.63,30.43,30.69,32.9,32.6,23.1,25.0,gstreamer_single
1418,106.639,0.00,4.52,16.54,16.55,37.61,37.89,26.6,26.4,22.9,25.0,gstreamer_single
1419,106.677,0.00,3.58,14.15,15.52,33.25,33.64,30.1,29.7,23.1,25.0,gstreamer_single
1420,106.712,0.00,3.70,12.06,15.57,31.34,31.69,31.9,31.6,23.2,25.0,gstreamer_single
1421,106.753,0.00,3.27,13.38,13.98,30.63,30.97,32.7,32.3,23.2,25.0,gstreamer_single
1422,106.792,0.00,3.10,11.17,20.29,34.56,34.89,28.9,28.7,23.2,25.0,gstreamer_single
1423,106.827,0.00,4.80,11.76,14.68,31.23,31.60,32.0,31.6,23.3,25.0,gstreamer_single
1424,106.869,0.00,3.16,11.03,14.78,28.97,29.25,34.5,34.2,23.3,25.0,gstreamer_single
1425,106.902,0.00,3.17,10.96,14.21,28.34,29.45,35.3,34.0,23.3,25.0,gstreamer_single
1426,106.944,0.00,3.54,10.76,14.94,29.25,29.75,34.2,33.6,23.3,25.0,gstreamer_single
1427,106.983,0.00,3.32,11.03,19.57,33.91,34.27,29.5,29.2,23.4,25.0,gstreamer_single
1428,107.028,0.00,4.14,13.84,14.83,32.81,33.29,30.5,30.0,23.3,25.0,gstreamer_single
1429,107.074,0.00,3.97,12.26,22.83,39.07,39.33,25.6,25.4,23.2,25.0,gstreamer_single
1430,107.108,0.00,3.07,11.37,14.84,29.28,29.59,34.2,33.8,23.3,25.0,gstreamer_single
1431,107.154,0.00,3.19,14.80,14.78,32.77,33.08,30.5,30.2,23.2,25.0,gstreamer_single
1432,107.201,0.00,3.06,11.52,15.44,30.01,30.29,33.3,33.0,23.1,25.0,gstreamer_single
1433,107.249,0.00,4.22,11.07,16.15,31.45,31.92,31.8,31.3,23.0,25.0,gstreamer_single
1434,107.291,0.00,3.53,11.23,15.61,30.37,30.71,32.9,32.6,22.9,25.0,gstreamer_single
1435,107.338,0.00,2.99,11.15,16.49,30.63,30.96,32.6,32.3,22.8,25.0,gstreamer_single
1436,107.377,0.00,3.04,16.59,14.86,34.49,34.78,29.0,28.7,23.5,25.0,gstreamer_single
1437,107.421,0.00,3.23,13.84,14.83,31.91,32.20,31.3,31.1,23.5,25.0,gstreamer_single
1438,107.467,0.00,3.16,10.70,14.96,28.82,29.29,34.7,34.1,23.4,25.0,gstreamer_single
1439,107.503,0.00,3.34,11.26,14.62,29.21,29.52,34.2,33.9,24.0,25.0,gstreamer_single
1440,107.548,0.00,3.56,10.79,14.93,29.28,29.57,34.2,33.8,23.9,25.0,gstreamer_single
1441,107.596,0.00,4.75,11.12,15.13,31.00,31.29,32.3,32.0,24.4,25.0,gstreamer_single
1442,107.639,0.00,3.44,11.26,14.55,29.26,29.61,34.2,33.8,24.3,25.0,gstreamer_single
1443,107.681,0.00,3.18,11.43,20.60,35.21,35.48,28.4,28.2,24.4,25.0,gstreamer_single
1444,107.717,0.00,3.24,12.53,14.97,30.74,31.14,32.5,32.1,24.5,25.0,gstreamer_single
1445,107.756,0.00,2.96,17.05,14.46,34.47,34.74,29.0,28.8,24.3,25.0,gstreamer_single
1446,107.789,0.00,3.33,12.57,14.43,30.33,30.57,33.0,32.7,24.4,25.0,gstreamer_single
1447,107.836,0.00,3.23,14.91,16.08,34.21,34.48,29.2,29.0,24.2,25.0,gstreamer_single
1448,107.874,0.00,3.81,14.69,15.66,34.17,34.47,29.3,29.0,24.2,25.0,gstreamer_single
1449,107.915,0.00,3.61,11.12,14.98,29.71,30.02,33.7,33.3,24.1,25.0,gstreamer_single
1450,107.967,0.00,3.33,11.26,18.54,33.14,33.59,30.2,29.8,23.9,25.0,gstreamer_single
1451,108.007,0.00,3.31,11.51,20.74,35.55,35.88,28.1,27.9,23.9,25.0,gstreamer_single
1452,108.046,0.00,3.40,10.84,20.03,34.27,34.55,29.2,28.9,23.8,25.0,gstreamer_single
1453,108.090,0.00,3.40,10.92,15.68,29.99,30.28,33.3,33.0,23.7,25.0,gstreamer_single
1454,108.135,0.00,3.01,11.43,14.80,29.24,29.75,34.2,33.6,23.5,25.0,gstreamer_single
1455,108.180,0.00,3.37,18.11,14.34,35.82,36.11,27.9,27.7,23.5,25.0,gstreamer_single
1456,108.214,0.00,3.49,11.74,14.69,29.92,30.20,33.4,33.1,23.5,25.0,gstreamer_single
1457,108.249,0.00,3.58,11.09,15.63,30.30,30.58,33.0,32.7,23.8,25.0,gstreamer_single
1458,108.299,0.00,3.56,11.54,16.71,31.80,32.08,31.4,31.2,23.7,25.0,gstreamer_single
1459,108.349,0.00,3.40,11.93,20.54,35.87,36.21,27.9,27.6,23.4,25.0,gstreamer_single
1460,108.395,0.00,3.35,11.29,21.45,36.08,36.50,27.7,27.4,23.4,25.0,gstreamer_single
1461,108.446,0.00,3.80,14.84,17.75,36.39,36.64,27.5,27.3,23.3,25.0,gstreamer_single
1462,108.491,0.00,3.11,10.69,17.07,30.87,31.13,32.4,32.1,23.3,25.0,gstreamer_single
1463,108.531,0.00,3.33,11.33,16.63,31.28,31.63,32.0,31.6,23.4,25.0,gstreamer_single
1464,108.582,0.00,3.37,14.79,23.51,41.66,42.05,24.0,23.8,23.3,25.0,gstreamer_single
1465,108.634,0.00,4.09,13.57,14.73,32.40,32.88,30.9,30.4,23.1,25.0,gstreamer_single
1466,108.685,0.00,4.63,11.53,19.13,35.29,35.80,28.3,27.9,23.0,25.0,gstreamer_single
1467,108.718,0.00,3.03,10.82,15.57,29.42,29.74,34.0,33.6,23.2,25.0,gstreamer_single
1468,108.773,0.00,3.09,14.04,21.62,38.76,39.08,25.8,25.6,22.8,25.0,gstreamer_single
1469,108.816,0.00,3.41,11.17,14.98,29.56,29.83,33.8,33.5,22.9,25.0,gstreamer_single
1470,108.856,0.00,3.13,17.30,15.46,35.89,36.17,27.9,27.6,23.0,25.0,gstreamer_single
1471,108.897,0.00,3.68,11.66,15.20,30.54,30.81,32.7,32.5,23.0,25.0,gstreamer_single
1472,108.942,0.00,3.42,11.62,14.39,29.44,29.75,34.0,33.6,23.0,25.0,gstreamer_single
1473,108.989,0.00,3.26,11.34,14.64,29.24,29.53,34.2,33.9,22.8,25.0,gstreamer_single
1474,109.022,0.00,3.59,11.19,14.35,29.12,29.56,34.3,33.8,22.9,25.0,gstreamer_single
1475,109.080,0.00,3.31,12.00,31.30,46.60,47.17,21.5,21.2,22.5,25.0,gstreamer_single
1476,109.114,0.00,3.24,12.48,14.36,30.08,30.33,33.2,33.0,22.7,25.0,gstreamer_single
1477,109.177,0.00,3.33,17.03,31.05,51.41,51.68,19.5,19.3,22.3,25.0,gstreamer_single
1478,109.245,0.00,4.74,12.45,39.65,56.84,57.24,17.6,17.5,21.8,25.0,gstreamer_single
1479,109.290,0.00,4.83,10.78,24.91,40.52,40.97,24.7,24.4,21.9,25.0,gstreamer_single
1480,109.338,0.00,5.12,10.99,14.91,31.03,31.48,32.2,31.8,21.8,25.0,gstreamer_single
1481,109.384,0.00,3.77,15.03,15.08,33.88,34.28,29.5,29.2,21.7,25.0,gstreamer_single
1482,109.416,0.00,3.25,11.17,14.76,29.18,29.44,34.3,34.0,21.9,25.0,gstreamer_single
1483,109.467,0.00,3.30,14.87,14.64,32.82,33.48,30.5,29.9,21.8,25.0,gstreamer_single
1484,109.503,0.00,3.21,11.12,14.46,28.79,29.18,34.7,34.3,21.9,25.0,gstreamer_single
1485,109.543,0.00,3.36,11.05,14.34,28.74,29.25,34.8,34.2,21.8,25.0,gstreamer_single
1486,109.599,0.00,3.00,11.39,29.04,43.44,43.88,23.0,22.8,21.5,25.0,gstreamer_single
1487,109.642,0.00,3.12,10.81,17.11,31.04,31.34,32.2,31.9,21.6,25.0,gstreamer_single
1488,109.680,0.00,3.10,10.79,15.66,29.55,29.82,33.8,33.5,21.8,25.0,gstreamer_single
1489,109.727,0.00,4.38,13.66,15.21,33.26,33.51,30.1,29.8,21.8,25.0,gstreamer_single
1490,109.771,0.00,3.08,11.20,16.06,30.33,30.60,33.0,32.7,21.9,25.0,gstreamer_single
1491,109.809,0.00,3.15,11.26,16.04,30.44,30.78,32.8,32.5,22.0,25.0,gstreamer_single
1492,109.874,0.00,4.42,11.67,34.40,50.50,50.94,19.8,19.6,21.6,25.0,gstreamer_single
1493,109.912,0.00,3.44,11.04,14.44,28.93,29.21,34.6,34.2,21.8,25.0,gstreamer_single
1494,109.966,0.00,3.69,11.92,25.33,40.94,41.30,24.4,24.2,21.8,25.0,gstreamer_single
1495,110.014,0.00,3.14,10.71,21.97,35.82,36.12,27.9,27.7,21.8,25.0,gstreamer_single
1496,110.051,0.00,3.00,10.66,15.54,29.21,29.49,34.2,33.9,21.7,25.0,gstreamer_single
1497,110.095,0.00,3.68,11.14,17.02,31.84,32.11,31.4,31.1,21.9,25.0,gstreamer_single
1498,110.142,0.00,3.09,12.37,16.27,31.72,32.01,31.5,31.2,21.9,25.0,gstreamer_single
1499,110.190,0.00,3.30,11.51,16.28,31.08,31.46,32.2,31.8,21.7,25.0,gstreamer_single
1500,110.236,0.00,4.38,11.28,26.84,42.51,42.85,23.5,23.3,21.7,25.0,gstreamer_single
1501,110.303,0.00,4.25,11.54,43.43,59.22,59.72,16.9,16.7,21.3,25.0,gstreamer_single
1502,110.339,0.00,3.50,10.82,15.28,29.61,29.98,33.8,33.4,21.5,25.0,gstreamer_single
1503,110.387,0.00,3.65,11.82,14.78,30.25,30.69,33.1,32.6,21.2,25.0,gstreamer_single
1504,110.439,0.00,3.25,11.97,27.48,42.70,43.00,23.4,23.3,21.3,25.0,gstreamer_single
1505,110.500,0.00,4.76,11.66,39.38,55.80,56.18,17.9,17.8,20.9,25.0,gstreamer_single
1506,110.541,0.00,3.81,10.81,14.09,28.70,29.10,34.8,34.4,21.3,25.0,gstreamer_single
1507,110.588,0.00,3.13,10.99,16.57,30.69,31.14,32.6,32.1,21.6,25.0,gstreamer_single
1508,110.626,0.00,3.46,11.28,15.40,30.14,30.52,33.2,32.8,21.7,25.0,gstreamer_single
1509,110.667,0.00,3.38,10.80,13.82,28.00,28.28,35.7,35.4,21.8,25.0,gstreamer_single
1510,110.703,0.00,4.27,11.06,13.94,29.27,29.81,34.2,33.5,22.0,25.0,gstreamer_single
1511,110.745,0.00,3.91,11.21,14.37,29.49,29.77,33.9,33.6,21.8,25.0,gstreamer_single
1512,110.776,0.00,3.11,10.61,14.60,28.31,28.60,35.3,35.0,22.1,25.0,gstreamer_single
1513,110.824,0.00,2.89,18.82,14.61,36.31,36.74,27.5,27.2,22.0,25.0,gstreamer_single
1514,110.861,0.00,2.98,10.87,16.29,30.14,30.45,33.2,32.8,22.0,25.0,gstreamer_single
1515,110.914,0.00,3.64,10.91,21.57,36.11,36.44,27.7,27.4,22.0,25.0,gstreamer_single
1516,110.968,0.00,3.02,10.84,27.02,40.88,41.38,24.5,24.2,21.9,25.0,gstreamer_single
1517,111.008,0.00,4.05,11.15,15.45,30.65,30.93,32.6,32.3,21.8,25.0,gstreamer_single
1518,111.048,0.00,3.01,11.03,14.90,28.93,29.34,34.6,34.1,22.0,25.0,gstreamer_single
1519,111.093,0.00,3.16,10.83,19.76,33.75,34.19,29.6,29.3,21.9,25.0,gstreamer_single
1520,111.140,0.00,3.32,15.70,20.51,39.54,39.98,25.3,25.0,21.8,25.0,gstreamer_single
1521,111.197,0.00,3.30,14.15,32.67,50.11,50.48,20.0,19.8,21.9,25.0,gstreamer_single
1522,111.234,0.00,2.80,10.67,15.48,28.95,29.21,34.5,34.2,21.9,25.0,gstreamer_single
1523,111.266,0.00,2.94,10.91,14.20,28.06,28.28,35.6,35.4,22.3,25.0,gstreamer_single
1524,111.316,0.00,3.14,10.85,14.19,28.18,28.44,35.5,35.2,22.3,25.0,gstreamer_single
1525,111.350,0.00,3.02,12.83,14.29,30.13,30.40,33.2,32.9,22.3,25.0,gstreamer_single
1526,111.385,0.00,3.38,11.30,13.85,28.54,29.03,35.0,34.4,22.5,25.0,gstreamer_single
1527,111.426,0.00,3.55,10.85,14.09,28.48,28.78,35.1,34.8,22.6,25.0,gstreamer_single
1528,111.458,0.00,3.67,10.77,14.08,28.51,28.87,35.1,34.6,22.9,25.0,gstreamer_single
1529,111.494,0.00,3.68,14.05,14.91,32.65,32.92,30.6,30.4,23.1,25.0,gstreamer_single
1530,111.531,0.00,3.23,12.94,14.74,30.92,31.23,32.3,32.0,23.6,25.0,gstreamer_single
1531,111.575,0.00,3.71,14.28,15.03,33.01,33.30,30.3,30.0,23.5,25.0,gstreamer_single
1532,111.610,0.00,3.33,10.87,17.05,31.25,31.53,32.0,31.7,23.7,25.0,gstreamer_single
1533,111.649,0.00,2.98,10.98,14.47,28.43,28.72,35.2,34.8,24.0,25.0,gstreamer_single
1534,111.684,0.00,3.01,10.69,16.35,30.06,30.33,33.3,33.0,24.5,25.0,gstreamer_single
1535,111.717,0.00,2.84,10.62,15.44,28.91,29.18,34.6,34.3,24.7,25.0,gstreamer_single
1536,111.762,0.00,3.26,16.75,17.42,37.43,37.69,26.7,26.5,24.7,25.0,gstreamer_single
1537,111.806,0.00,3.28,12.73,15.49,31.51,31.78,31.7,31.5,24.6,25.0,gstreamer_single
1538,111.846,0.00,3.35,11.09,19.94,34.39,34.69,29.1,28.8,24.6,25.0,gstreamer_single
1539,111.886,0.00,3.41,11.07,15.10,29.59,29.89,33.8,33.5,24.5,25.0,gstreamer_single
1540,111.926,0.00,3.30,10.72,14.66,28.68,28.97,34.9,34.5,24.5,25.0,gstreamer_single
1541,111.974,0.00,3.71,12.25,15.02,30.98,31.37,32.3,31.9,24.2,25.0,gstreamer_single
1542,112.015,0.00,2.78,10.86,14.58,28.22,28.61,35.4,35.0,24.4,25.0,gstreamer_single
1543,112.063,0.00,3.08,12.44,14.51,30.03,30.34,33.3,33.0,24.1,25.0,gstreamer_single
1544,112.104,0.00,3.08,11.92,14.59,29.59,30.00,33.8,33.3,24.4,25.0,gstreamer_single
1545,112.145,0.00,3.15,11.65,15.33,30.13,30.43,33.2,32.9,24.6,25.0,gstreamer_single
1546,112.183,0.00,2.97,11.72,14.17,28.87,29.18,34.6,34.3,24.7,25.0,gstreamer_single
1547,112.228,0.00,3.58,14.39,14.28,32.25,32.58,31.0,30.7,24.6,25.0,gstreamer_single
1548,112.267,0.00,3.39,11.74,14.11,29.24,29.79,34.2,33.6,24.7,25.0,gstreamer_single
1549,112.318,0.00,3.08,11.34,15.81,30.23,30.54,33.1,32.7,24.6,25.0,gstreamer_single
1550,112.368,0.00,3.34,15.81,16.93,36.08,36.55,27.7,27.4,24.8,25.0,gstreamer_single
1551,112.402,0.00,2.94,11.76,15.01,29.71,29.95,33.7,33.4,24.8,25.0,gstreamer_single
1552,112.449,0.00,2.93,11.49,15.02,29.43,29.73,34.0,33.6,24.5,25.0,gstreamer_single
1553,112.487,0.00,3.12,11.61,17.40,32.13,32.46,31.1,30.8,24.8,25.0,gstreamer_single
1554,112.522,0.00,3.37,11.39,14.99,29.75,30.20,33.6,33.1,24.7,25.0,gstreamer_single
1555,112.568,0.00,3.00,10.71,15.56,29.27,29.76,34.2,33.6,24.5,25.0,gstreamer_single
1556,112.606,0.00,3.51,10.96,15.26,29.73,30.04,33.6,33.3,24.6,25.0,gstreamer_single
1557,112.654,0.00,2.95,12.55,14.96,30.47,31.05,32.8,32.2,24.3,25.0,gstreamer_single
1558,112.691,0.00,3.26,11.04,15.20,29.50,29.95,33.9,33.4,24.2,25.0,gstreamer_single
1559,112.725,0.00,3.57,10.99,15.15,29.71,30.02,33.7,33.3,24.3,25.0,gstreamer_single
1560,112.770,0.00,2.93,11.19,15.90,30.03,30.37,33.3,32.9,24.3,25.0,gstreamer_single
1561,112.809,0.00,3.31,10.86,15.65,29.82,30.09,33.5,33.2,24.2,25.0,gstreamer_single
1562,112.857,0.00,3.10,12.98,17.52,33.59,33.87,29.8,29.5,24.0,25.0,gstreamer_single
1563,112.904,0.00,3.20,10.60,21.18,34.99,35.56,28.6,28.1,23.8,25.0,gstreamer_single
1564,112.941,0.00,3.13,12.36,14.64,30.13,30.43,33.2,32.9,23.7,25.0,gstreamer_single
1565,112.981,0.00,3.20,10.79,14.49,28.47,28.77,35.1,34.8,23.8,25.0,gstreamer_single
1566,113.023,0.00,3.48,11.59,14.48,29.56,29.86,33.8,33.5,23.8,25.0,gstreamer_single
1567,113.056,0.00,3.10,10.89,15.05,29.03,29.30,34.4,34.1,24.0,25.0,gstreamer_single
1568,113.089,0.00,3.11,11.80,15.06,29.97,30.43,33.4,32.9,24.1,25.0,gstreamer_single
1569,113.121,0.00,2.93,11.23,15.08,29.24,29.50,34.2,33.9,24.3,25.0,gstreamer_single
1570,113.161,0.00,2.92,11.27,14.95,29.14,29.71,34.3,33.7,24.5,25.0,gstreamer_single
1571,113.203,0.00,4.52,12.05,14.25,30.82,31.35,32.4,31.9,24.4,25.0,gstreamer_single
1572,113.240,0.00,3.92,11.44,14.47,29.83,30.12,33.5,33.2,24.6,25.0,gstreamer_single
1573,113.313,0.00,4.32,12.09,39.05,55.46,55.85,18.0,17.9,24.0,25.0,gstreamer_single
1574,113.359,0.00,4.45,11.00,17.07,32.52,32.90,30.8,30.4,23.9,25.0,gstreamer_single
1575,113.397,0.00,3.44,14.41,15.01,32.86,33.15,30.4,30.2,23.9,25.0,gstreamer_single
1576,113.439,0.00,4.74,14.38,14.35,33.46,33.76,29.9,29.6,23.9,25.0,gstreamer_single
1577,113.475,0.00,2.84,13.73,14.90,31.47,31.72,31.8,31.5,24.0,25.0,gstreamer_single
1578,113.520,0.00,3.24,15.28,16.71,35.23,35.53,28.4,28.1,24.1,25.0,gstreamer_single
1579,113.554,0.00,2.90,10.97,14.48,28.35,28.63,35.3,34.9,24.4,25.0,gstreamer_single
1580,113.590,0.00,3.23,11.38,14.37,28.98,29.28,34.5,34.2,24.4,25.0,gstreamer_single
1581,113.629,0.00,4.35,11.78,14.76,30.90,31.25,32.4,32.0,24.6,25.0,gstreamer_single
1582,113.667,0.00,3.07,10.80,14.75,28.62,28.98,34.9,34.5,24.6,25.0,gstreamer_single
1583,113.703,0.00,3.28,11.82,13.96,29.06,29.34,34.4,34.1,24.6,25.0,gstreamer_single
1584,113.742,0.00,3.33,11.24,14.29,28.86,29.36,34.7,34.1,24.7,25.0,gstreamer_single
1585,113.783,0.00,3.41,11.18,13.95,28.55,29.18,35.0,34.3,24.6,25.0,gstreamer_single
1586,113.826,0.00,3.47,11.19,17.50,32.15,32.63,31.1,30.6,24.7,25.0,gstreamer_single
1587,113.880,0.00,3.23,10.90,31.48,45.61,45.91,21.9,21.8,24.4,25.0,gstreamer_single
1588,113.913,0.00,3.72,11.04,13.72,28.48,28.88,35.1,34.6,24.4,25.0,gstreamer_single
1589,113.954,0.00,4.02,14.82,14.96,33.80,34.24,29.6,29.2,24.5,25.0,gstreamer_single
1590,113.993,0.00,3.26,10.97,13.84,28.07,28.37,35.6,35.2,24.5,25.0,gstreamer_single
1591,114.035,0.00,3.17,10.92,14.49,28.58,28.88,35.0,34.6,24.6,25.0,gstreamer_single
1592,114.069,0.00,3.47,13.08,14.06,30.61,30.88,32.7,32.4,24.9,25.0,gstreamer_single
1593,114.102,0.00,3.35,11.95,14.48,29.78,30.45,33.6,32.8,25.0,25.0,gstreamer_single
1594,114.142,0.00,3.57,10.99,15.06,29.62,29.91,33.8,33.4,25.0,25.0,gstreamer_single
1595,114.197,0.00,3.49,11.00,27.96,42.45,42.86,23.6,23.3,24.7,25.0,gstreamer_single
1596,114.235,0.00,3.37,12.12,14.99,30.48,30.74,32.8,32.5,24.6,25.0,gstreamer_single
1597,114.266,0.00,3.23,10.75,14.60,28.59,28.99,35.0,34.5,24.6,25.0,gstreamer_single
1598,114.308,0.00,3.03,10.76,22.88,36.67,37.18,27.3,26.9,24.4,25.0,gstreamer_single
1599,114.354,0.00,4.33,13.05,14.74,32.12,32.91,31.1,30.4,24.3,25.0,gstreamer_single
1600,114.402,0.00,3.80,11.90,16.00,31.70,32.01,31.5,31.2,24.2,25.0,gstreamer_single
1601,114.444,0.00,3.98,11.50,16.17,31.65,31.95,31.6,31.3,24.1,25.0,gstreamer_single
1602,114.486,0.00,3.12,11.30,14.87,29.29,29.58,34.1,33.8,24.7,25.0,gstreamer_single
1603,114.532,0.00,3.26,11.04,14.79,29.08,29.37,34.4,34.0,24.7,25.0,gstreamer_single
1604,114.565,0.00,3.06,11.03,16.35,30.45,30.71,32.8,32.6,24.8,25.0,gstreamer_single
1605,114.601,0.00,2.96,10.90,14.33,28.19,28.46,35.5,35.1,24.9,25.0,gstreamer_single
1606,114.647,0.00,3.25,11.49,26.29,41.03,41.30,24.4,24.2,24.7,25.0,gstreamer_single
1607,114.690,0.00,2.97,11.07,16.58,30.62,31.00,32.7,32.3,24.8,25.0,gstreamer_single
1608,114.742,0.00,3.36,11.84,20.38,35.58,35.86,28.1,27.9,24.4,25.0,gstreamer_single
1609,114.782,0.00,3.12,16.60,14.55,34.27,34.74,29.2,28.8,24.3,25.0,gstreamer_single
1610,114.816,0.00,2.87,10.90,14.05,27.82,28.26,36.0,35.4,24.4,25.0,gstreamer_single
1611,114.857,0.00,3.09,19.19,15.38,37.66,38.05,26.6,26.3,24.4,25.0,gstreamer_single
1612,114.891,0.00,3.51,12.95,14.27,30.73,31.01,32.5,32.2,24.4,25.0,gstreamer_single
1613,114.935,0.00,3.09,11.09,14.84,29.01,29.27,34.5,34.2,24.3,25.0,gstreamer_single
1614,114.976,0.00,2.86,11.29,15.36,29.51,29.77,33.9,33.6,24.3,25.0,gstreamer_single
1615,115.017,0.00,3.29,11.55,14.39,29.22,29.54,34.2,33.9,24.4,25.0,gstreamer_single
1616,115.062,0.00,3.16,15.16,15.80,34.12,34.40,29.3,29.1,24.5,25.0,gstreamer_single
1617,115.104,0.00,3.33,11.41,17.85,32.59,33.09,30.7,30.2,24.4,25.0,gstreamer_single
1618,115.143,0.00,3.96,11.76,16.12,31.83,32.14,31.4,31.1,24.4,25.0,gstreamer_single
1619,115.181,0.00,3.44,11.10,14.14,28.68,29.07,34.9,34.4,24.4,25.0,gstreamer_single
1620,115.227,0.00,4.67,11.60,15.78,32.05,32.53,31.2,30.7,24.3,25.0,gstreamer_single
1621,115.274,0.00,3.56,14.60,14.68,32.83,33.28,30.5,30.0,24.1,25.0,gstreamer_single
1622,115.318,0.00,3.18,11.56,15.36,30.10,30.58,33.2,32.7,23.9,25.0,gstreamer_single
1623,115.362,0.00,3.10,13.60,19.87,36.56,36.80,27.3,27.2,23.8,25.0,gstreamer_single
1624,115.398,0.00,3.27,13.62,15.11,32.00,32.32,31.2,30.9,24.1,25.0,gstreamer_single
1625,115.441,0.00,3.20,16.24,15.59,35.03,35.34,28.5,28.3,24.0,25.0,gstreamer_single
1626,115.491,0.00,3.01,11.90,20.73,35.64,35.90,28.1,27.9,23.7,25.0,gstreamer_single
1627,115.535,0.00,3.21,16.27,13.59,33.07,33.34,30.2,30.0,23.6,25.0,gstreamer_single
1628,115.572,0.00,3.37,11.78,14.58,29.74,30.01,33.6,33.3,23.8,25.0,gstreamer_single
1629,115.615,0.00,3.39,13.37,14.81,31.58,31.87,31.7,31.4,23.9,25.0,gstreamer_single
1630,115.652,0.00,3.02,11.93,18.66,33.61,33.89,29.8,29.5,24.0,25.0,gstreamer_single
1631,115.700,0.00,4.80,12.23,17.98,35.01,35.29,28.6,28.3,23.9,25.0,gstreamer_single
1632,115.750,0.00,2.87,15.64,27.63,46.14,46.41,21.7,21.5,23.8,25.0,gstreamer_single
1633,115.790,0.00,3.11,14.34,13.98,31.43,31.90,31.8,31.3,23.7,25.0,gstreamer_single
1634,115.831,0.00,3.49,12.37,15.33,31.19,31.47,32.1,31.8,23.6,25.0,gstreamer_single
1635,115.870,0.00,3.06,11.78,14.40,29.23,29.69,34.2,33.7,23.7,25.0,gstreamer_single
1636,115.913,0.00,2.98,13.22,13.93,30.13,30.46,33.2,32.8,23.7,25.0,gstreamer_single
1637,115.954,0.00,3.06,12.41,14.32,29.78,30.08,33.6,33.2,23.9,25.0,gstreamer_single
1638,115.996,0.00,4.08,11.65,15.06,30.79,31.13,32.5,32.1,23.9,25.0,gstreamer_single
1639,116.034,0.00,3.14,14.45,14.63,32.22,32.50,31.0,30.8,23.8,25.0,gstreamer_single
1640,116.075,0.00,4.32,11.40,14.88,30.60,30.99,32.7,32.3,23.8,25.0,gstreamer_single
1641,116.118,0.00,3.24,15.03,14.54,32.81,33.28,30.5,30.1,23.7,25.0,gstreamer_single
1642,116.158,0.00,3.58,17.98,14.96,36.53,36.93,27.4,27.1,23.7,25.0,gstreamer_single
1643,116.206,0.00,3.22,15.45,15.87,34.53,34.83,29.0,28.7,23.6,25.0,gstreamer_single
1644,116.251,0.00,3.33,12.13,24.18,39.65,39.97,25.2,25.0,23.5,25.0,gstreamer_single
1645,116.295,0.00,4.07,11.43,18.33,33.82,34.13,29.6,29.3,23.5,25.0,gstreamer_single
1646,116.334,0.00,2.93,15.11,14.17,32.20,32.49,31.1,30.8,23.6,25.0,gstreamer_single
1647,116.374,0.00,3.36,13.33,14.87,31.56,31.83,31.7,31.4,23.6,25.0,gstreamer_single
1648,116.415,0.00,3.16,14.24,14.92,32.32,32.57,30.9,30.7,23.5,25.0,gstreamer_single
1649,116.456,0.00,3.02,17.01,14.33,34.36,34.64,29.1,28.9,23.6,25.0,gstreamer_single
1650,116.492,0.00,2.92,11.53,18.47,32.93,33.19,30.4,30.1,23.8,25.0,gstreamer_single
1651,116.535,0.00,3.76,16.10,14.93,34.79,35.09,28.7,28.5,23.8,25.0,gstreamer_single
1652,116.574,0.00,3.33,13.62,15.01,31.96,32.24,31.3,31.0,23.9,25.0,gstreamer_single
1653,116.620,0.00,3.08,10.77,18.12,31.97,32.21,31.3,31.0,23.7,25.0,gstreamer_single
1654,116.672,0.00,3.35,13.02,24.20,40.57,40.92,24.6,24.4,23.6,25.0,gstreamer_single
1655,116.715,0.00,3.13,14.32,14.95,32.41,32.75,30.9,30.5,23.7,25.0,gstreamer_single
1656,116.752,0.00,3.04,12.47,15.56,31.07,31.36,32.2,31.9,23.8,25.0,gstreamer_single
1657,116.807,0.00,3.48,10.70,32.72,46.90,47.23,21.3,21.2,23.5,25.0,gstreamer_single
1658,116.847,0.00,3.27,10.86,14.98,29.10,29.37,34.4,34.1,23.5,25.0,gstreamer_single
1659,116.889,0.00,3.19,11.09,15.47,29.75,30.02,33.6,33.3,23.5,25.0,gstreamer_single
1660,116.940,0.00,2.97,15.20,19.81,37.98,38.57,26.3,25.9,23.4,25.0,gstreamer_single
1661,116.983,0.00,4.63,11.43,14.88,30.94,31.40,32.3,31.8,23.5,25.0,gstreamer_single
1662,117.023,0.00,2.93,10.51,22.40,35.85,36.13,27.9,27.7,23.5,25.0,gstreamer_single
1663,117.074,0.00,2.86,11.67,28.30,42.83,43.34,23.3,23.1,23.3,25.0,gstreamer_single
1664,117.126,0.00,3.99,12.90,26.93,43.82,44.11,22.8,22.7,23.1,25.0,gstreamer_single
1665,117.183,0.00,3.12,13.67,32.77,49.55,49.87,20.2,20.1,22.8,25.0,gstreamer_single
1666,117.219,0.00,3.27,11.29,16.01,30.57,30.88,32.7,32.4,22.9,25.0,gstreamer_single
1667,117.267,0.00,3.20,11.33,25.41,39.95,40.24,25.0,24.9,22.8,25.0,gstreamer_single
1668,117.304,0.00,3.09,10.74,14.36,28.19,28.76,35.5,34.8,22.8,25.0,gstreamer_single
1669,117.345,0.00,3.20,10.82,14.00,28.02,28.32,35.7,35.3,22.8,25.0,gstreamer_single
1670,117.381,0.00,3.18,12.35,17.01,32.53,32.84,30.7,30.4,23.0,25.0,gstreamer_single
1671,117.423,0.00,3.16,13.68,15.19,32.02,32.36,31.2,30.9,22.9,25.0,gstreamer_single
1672,117.466,0.00,3.31,10.71,15.17,29.19,29.47,34.3,33.9,23.0,25.0,gstreamer_single
1673,117.501,0.00,3.19,11.04,16.68,30.91,31.18,32.4,32.1,23.2,25.0,gstreamer_single
1674,117.540,0.00,2.95,11.08,16.89,30.92,31.18,32.3,32.1,23.3,25.0,gstreamer_single
1675,117.587,0.00,3.19,11.28,20.42,34.90,35.17,28.7,28.4,23.1,25.0,gstreamer_single
1676,117.622,0.00,3.09,11.02,14.38,28.49,28.85,35.1,34.7,23.2,25.0,gstreamer_single
1677,117.679,0.00,4.16,11.45,29.13,44.74,45.03,22.4,22.2,23.0,25.0,gstreamer_single
1678,117.721,0.00,3.78,11.24,14.74,29.76,30.21,33.6,33.1,22.9,25.0,gstreamer_single
1679,117.759,0.00,2.93,11.08,14.39,28.39,28.73,35.2,34.8,22.9,25.0,gstreamer_single
1680,117.804,0.00,4.47,11.67,15.64,31.78,32.17,31.5,31.1,22.9,25.0,gstreamer_single
1681,117.849,0.00,3.58,11.07,21.92,36.56,36.93,27.3,27.1,22.8,25.0,gstreamer_single
1682,117.882,0.00,2.94,11.10,14.51,28.56,28.81,35.0,34.7,23.0,25.0,gstreamer_single
1683,117.914,0.00,3.16,11.65,15.01,29.82,30.08,33.5,33.2,23.3,25.0,gstreamer_single
1684,117.960,0.00,3.33,11.19,15.33,29.85,30.15,33.5,33.2,23.3,25.0,gstreamer_single
1685,117.996,0.00,3.33,11.09,15.96,30.39,30.68,32.9,32.6,23.3,25.0,gstreamer_single
1686,118.033,0.00,3.28,11.06,14.54,28.88,29.18,34.6,34.3,23.7,25.0,gstreamer_single
1687,118.072,0.00,3.05,11.35,14.67,29.07,29.35,34.4,34.1,23.7,25.0,gstreamer_single
1688,118.106,0.00,3.08,12.99,15.51,31.58,31.85,31.7,31.4,23.8,25.0,gstreamer_single
1689,118.145,0.00,3.20,12.30,14.51,30.01,30.38,33.3,32.9,24.1,25.0,gstreamer_single
1690,118.202,0.00,3.18,12.54,33.48,49.20,49.47,20.3,20.2,23.8,25.0,gstreamer_single
1691,118.237,0.00,3.16,10.72,14.91,28.79,29.16,34.7,34.3,23.9,25.0,gstreamer_single
1692,118.275,0.00,4.89,11.05,14.81,30.75,31.18,32.5,32.1,24.1,25.0,gstreamer_single
1693,118.324,0.00,2.95,11.21,17.68,31.84,32.18,31.4,31.1,24.2,25.0,gstreamer_single
1694,118.395,0.00,4.57,12.87,39.10,56.53,57.01,17.7,17.5,23.9,25.0,gstreamer_single
1695,118.443,0.00,4.58,11.67,27.43,43.68,44.11,22.9,22.7,23.7,25.0,gstreamer_single
1696,118.486,0.00,3.36,11.31,15.11,29.78,30.06,33.6,33.3,23.8,25.0,gstreamer_single
1697,118.529,0.00,3.31,11.01,16.59,30.91,31.23,32.3,32.0,23.7,25.0,gstreamer_single
1698,118.573,0.00,2.91,10.90,20.62,34.43,34.94,29.0,28.6,23.6,25.0,gstreamer_single
1699,118.613,0.00,4.12,11.22,19.45,34.80,35.09,28.7,28.5,23.5,25.0,gstreamer_single
1700,118.652,0.00,2.94,11.16,19.16,33.26,33.53,30.1,29.8,23.6,25.0,gstreamer_single
1701,118.694,0.00,3.49,11.30,20.26,35.05,35.35,28.5,28.3,23.6,25.0,gstreamer_single
1702,118.737,0.00,3.08,10.73,21.11,34.93,35.26,28.6,28.4,23.5,25.0,gstreamer_single
1703,118.773,0.00,3.00,10.64,15.67,29.31,29.72,34.1,33.6,23.5,25.0,gstreamer_single
1704,118.817,0.00,3.25,11.82,14.06,29.13,29.45,34.3,34.0,23.6,25.0,gstreamer_single
1705,118.855,0.00,3.45,13.08,16.99,33.51,33.84,29.8,29.6,23.5,25.0,gstreamer_single
1706,118.890,0.00,3.36,11.44,14.29,29.09,29.35,34.4,34.1,23.9,25.0,gstreamer_single
1707,118.930,0.00,3.18,10.97,13.88,28.02,28.39,35.7,35.2,24.0,25.0,gstreamer_single
1708,118.992,0.00,3.22,11.90,35.77,50.89,51.17,19.7,19.5,23.5,25.0,gstreamer_single
1709,119.042,0.00,4.51,12.08,26.86,43.45,43.87,23.0,22.8,23.4,25.0,gstreamer_single
1710,119.079,0.00,3.55,11.10,13.85,28.50,28.93,35.1,34.6,23.6,25.0,gstreamer_single
1711,119.127,0.00,3.48,14.67,17.62,35.77,36.03,28.0,27.8,23.3,25.0,gstreamer_single
1712,119.170,0.00,3.47,10.80,17.67,31.95,32.46,31.3,30.8,23.1,25.0,gstreamer_single
1713,119.207,0.00,3.34,11.48,15.37,30.18,30.48,33.1,32.8,23.2,25.0,gstreamer_single
1714,119.248,0.00,2.98,10.56,15.10,28.64,28.91,34.9,34.6,23.1,25.0,gstreamer_single
1715,119.289,0.00,3.26,11.00,15.11,29.38,29.68,34.0,33.7,23.1,25.0,gstreamer_single
1716,119.330,0.00,3.12,11.31,14.36,28.79,29.10,34.7,34.4,23.1,25.0,gstreamer_single
1717,119.364,0.00,2.88,10.98,16.31,30.16,30.45,33.2,32.8,23.0,25.0,gstreamer_single
1718,119.405,0.00,2.86,10.84,15.49,29.18,29.58,34.3,33.8,23.0,25.0,gstreamer_single
1719,119.447,0.00,3.78,11.89,15.05,30.72,31.01,32.6,32.2,23.3,25.0,gstreamer_single
1720,119.495,0.00,2.96,10.70,24.65,38.32,38.60,26.1,25.9,23.1,25.0,gstreamer_single
1721,119.535,0.00,3.47,12.40,14.99,30.85,31.14,32.4,32.1,23.0,25.0,gstreamer_single
1722,119.573,0.00,3.66,11.67,15.89,31.23,31.70,32.0,31.6,23.2,25.0,gstreamer_single
1723,119.610,0.00,2.86,11.13,15.09,29.08,29.53,34.4,33.9,23.9,25.0,gstreamer_single
1724,119.651,0.00,3.21,11.52,14.34,29.08,29.35,34.4,34.1,24.0,25.0,gstreamer_single
1725,119.698,0.00,4.61,12.21,14.57,31.38,31.72,31.9,31.5,23.9,25.0,gstreamer_single
1726,119.734,0.00,3.04,11.91,13.85,28.80,29.08,34.7,34.4,24.1,25.0,gstreamer_single
1727,119.773,0.00,3.03,11.46,14.48,28.98,29.28,34.5,34.1,24.2,25.0,gstreamer_single
1728,119.811,0.00,3.00,10.65,15.16,28.81,29.14,34.7,34.3,24.2,25.0,gstreamer_single
1729,119.848,0.00,3.19,11.04,18.25,32.47,32.80,30.8,30.5,24.3,25.0,gstreamer_single
1730,119.884,0.00,2.97,10.56,14.89,28.42,28.90,35.2,34.6,24.4,25.0,gstreamer_single
1731,119.928,0.00,3.25,11.10,16.74,31.09,31.69,32.2,31.6,24.4,25.0,gstreamer_single
1732,119.979,0.00,3.22,11.31,24.68,39.22,39.58,25.5,25.3,24.0,25.0,gstreamer_single
1733,120.018,0.00,3.17,13.69,16.60,33.47,33.75,29.9,29.6,24.1,25.0,gstreamer_single
1734,120.054,0.00,3.34,12.02,15.43,30.78,31.15,32.5,32.1,24.2,25.0,gstreamer_single
1735,120.109,0.00,3.72,11.71,21.73,37.17,37.46,26.9,26.7,23.8,25.0,gstreamer_single
1736,120.143,0.00,4.57,11.52,15.52,31.61,31.95,31.6,31.3,23.9,25.0,gstreamer_single
1737,120.190,0.00,3.22,11.29,16.92,31.44,31.83,31.8,31.4,24.2,25.0,gstreamer_single
1738,120.231,0.00,3.17,11.83,13.94,28.95,29.23,34.5,34.2,24.4,25.0,gstreamer_single
1739,120.287,0.00,3.24,10.95,31.58,45.77,46.29,21.8,21.6,24.0,25.0,gstreamer_single
1740,120.322,0.00,3.25,11.27,14.82,29.33,29.72,34.1,33.6,24.3,25.0,gstreamer_single
1741,120.362,0.00,3.44,11.12,13.98,28.54,28.94,35.0,34.6,24.3,25.0,gstreamer_single
1742,120.394,0.00,2.92,10.74,15.26,28.92,29.29,34.6,34.1,24.4,25.0,gstreamer_single
1743,120.438,0.00,3.29,10.77,21.12,35.18,35.48,28.4,28.2,24.4,25.0,gstreamer_single
1744,120.485,0.00,3.86,11.70,17.88,33.43,33.74,29.9,29.6,24.2,25.0,gstreamer_single
1745,120.525,0.00,3.22,12.89,16.53,32.64,32.89,30.6,30.4,24.3,25.0,gstreamer_single
1746,120.565,0.00,3.40,11.51,15.97,30.88,31.14,32.4,32.1,24.1,25.0,gstreamer_single
1747,120.603,0.00,2.81,10.62,14.94,28.37,28.76,35.2,34.8,24.2,25.0,gstreamer_single
1748,120.647,0.00,3.28,11.70,16.72,31.69,32.12,31.6,31.1,24.2,25.0,gstreamer_single
1749,120.688,0.00,3.07,11.04,22.45,36.56,36.83,27.3,27.2,24.3,25.0,gstreamer_single
1750,120.735,0.00,3.13,11.24,14.47,28.84,29.12,34.7,34.3,24.2,25.0,gstreamer_single
1751,120.781,0.00,3.66,11.13,17.02,31.81,32.28,31.4,31.0,24.0,25.0,gstreamer_single
1752,120.820,0.00,2.89,15.12,15.28,33.29,33.71,30.0,29.7,24.0,25.0,gstreamer_single
1753,120.865,0.00,3.97,14.96,15.00,33.93,34.23,29.5,29.2,23.9,25.0,gstreamer_single
1754,120.906,0.00,3.38,11.07,18.62,33.06,33.39,30.2,29.9,24.0,25.0,gstreamer_single
1755,120.950,0.00,3.68,11.16,13.97,28.82,29.18,34.7,34.3,23.8,25.0,gstreamer_single
1756,120.990,0.00,3.24,11.08,14.36,28.68,28.95,34.9,34.5,23.8,25.0,gstreamer_single
1757,121.021,0.00,3.17,10.75,14.81,28.73,29.31,34.8,34.1,24.0,25.0,gstreamer_single
1758,121.064,0.00,3.20,12.16,15.07,30.43,31.01,32.9,32.2,23.8,25.0,gstreamer_single
1759,121.107,0.00,4.37,12.05,21.93,38.35,38.76,26.1,25.8,23.7,25.0,gstreamer_single
1760,121.148,0.00,3.24,12.91,16.30,32.45,32.93,30.8,30.4,23.8,25.0,gstreamer_single
1761,121.186,0.00,3.69,10.98,14.74,29.41,29.93,34.0,33.4,24.0,25.0,gstreamer_single
1762,121.221,0.00,3.14,10.98,17.18,31.30,31.63,32.0,31.6,24.1,25.0,gstreamer_single
1763,121.265,0.00,3.57,14.04,15.27,32.89,33.30,30.4,30.0,24.0,25.0,gstreamer_single
1764,121.299,0.00,3.04,11.44,15.14,29.62,29.90,33.8,33.4,24.4,25.0,gstreamer_single
1765,121.335,0.00,3.07,11.41,15.47,29.95,30.26,33.4,33.0,24.3,25.0,gstreamer_single
1766,121.394,0.00,4.15,11.85,26.06,42.07,42.48,23.8,23.5,24.1,25.0,gstreamer_single
1767,121.445,0.00,2.83,11.76,25.14,39.73,40.03,25.2,25.0,23.9,25.0,gstreamer_single
1768,121.481,0.00,4.56,11.89,16.03,32.47,32.77,30.8,30.5,24.3,25.0,gstreamer_single
1769,121.530,0.00,3.13,17.40,17.03,37.57,37.86,26.6,26.4,24.0,25.0,gstreamer_single
1770,121.569,0.00,3.06,11.48,15.34,29.88,30.19,33.5,33.1,24.0,25.0,gstreamer_single
1771,121.614,0.00,3.46,11.08,15.27,29.80,30.08,33.6,33.2,23.8,25.0,gstreamer_single
1772,121.649,0.00,3.80,11.07,16.17,31.05,31.37,32.2,31.9,24.0,25.0,gstreamer_single
1773,121.688,0.00,4.49,11.54,15.22,31.25,31.79,32.0,31.5,24.1,25.0,gstreamer_single
1774,121.734,0.00,3.70,11.01,14.24,28.95,29.41,34.5,34.0,24.0,25.0,gstreamer_single
1775,121.778,0.00,3.07,13.07,16.22,32.36,32.63,30.9,30.7,23.9,25.0,gstreamer_single
1776,121.815,0.00,3.16,11.45,14.12,28.74,29.09,34.8,34.4,23.9,25.0,gstreamer_single
1777,121.848,0.00,3.75,11.54,14.72,30.02,30.41,33.3,32.9,24.1,25.0,gstreamer_single
1778,121.887,0.00,3.23,10.80,15.23,29.27,29.52,34.2,33.9,24.2,25.0,gstreamer_single
1779,121.919,0.00,3.26,11.18,13.96,28.41,28.72,35.2,34.8,24.5,25.0,gstreamer_single
1780,121.962,0.00,3.46,10.98,24.34,38.78,39.23,25.8,25.5,24.5,25.0,gstreamer_single
1781,122.002,0.00,3.47,10.89,14.67,29.04,29.42,34.4,34.0,24.5,25.0,gstreamer_single
1782,122.035,0.00,3.51,11.21,13.73,28.45,28.79,35.2,34.7,24.8,25.0,gstreamer_single
1783,122.076,0.00,3.36,10.97,14.88,29.21,29.48,34.2,33.9,24.8,25.0,gstreamer_single
1784,122.117,0.00,3.03,10.52,14.55,28.10,28.38,35.6,35.2,24.9,25.0,gstreamer_single
1785,122.161,0.00,3.06,12.64,15.26,30.95,31.21,32.3,32.0,24.8,25.0,gstreamer_single
1786,122.210,0.00,2.97,14.76,20.35,38.08,38.42,26.3,26.0,24.4,25.0,gstreamer_single
1787,122.251,0.00,3.13,10.69,14.14,27.97,28.46,35.8,35.1,24.4,25.0,gstreamer_single
1788,122.301,0.00,3.23,11.59,14.87,29.69,30.18,33.7,33.1,24.3,25.0,gstreamer_single
1789,122.338,0.00,3.05,10.98,15.13,29.15,29.44,34.3,34.0,24.4,25.0,gstreamer_single
1790,122.384,0.00,3.03,10.81,28.77,42.61,43.04,23.5,23.2,24.2,25.0,gstreamer_single
1791,122.441,0.00,3.32,10.74,32.87,46.93,47.52,21.3,21.0,23.8,25.0,gstreamer_single
1792,122.477,0.00,3.18,15.39,15.18,33.74,34.09,29.6,29.3,23.9,25.0,gstreamer_single
1793,122.519,0.00,4.60,17.25,15.53,37.38,37.68,26.8,26.5,23.8,25.0,gstreamer_single
1794,122.552,0.00,2.89,12.63,14.47,29.99,30.27,33.3,33.0,23.8,25.0,gstreamer_single
1795,122.594,0.00,3.21,12.39,15.19,30.79,31.24,32.5,32.0,24.2,25.0,gstreamer_single
1796,122.638,0.00,2.98,13.36,18.08,34.43,34.72,29.0,28.8,24.3,25.0,gstreamer_single
1797,122.687,0.00,3.01,14.76,25.24,43.01,43.28,23.3,23.1,24.0,25.0,gstreamer_single
1798,122.725,0.00,3.57,11.08,14.95,29.60,29.88,33.8,33.5,24.3,25.0,gstreamer_single
1799,122.764,0.00,3.20,11.08,16.01,30.28,30.61,33.0,32.7,24.3,25.0,gstreamer_single
1800,122.796,0.00,3.49,11.51,14.12,29.12,29.52,34.3,33.9,24.5,25.0,gstreamer_single
1801,122.839,0.00,3.22,11.99,16.54,31.75,32.20,31.5,31.1,24.4,25.0,gstreamer_single
1802,122.888,0.00,3.16,13.41,18.98,35.55,35.83,28.1,27.9,24.2,25.0,gstreamer_single
1803,122.923,0.00,3.17,12.11,16.33,31.61,32.15,31.6,31.1,24.4,25.0,gstreamer_single
1804,122.962,0.00,3.43,12.29,18.42,34.14,34.44,29.3,29.0,24.5,25.0,gstreamer_single
1805,122.998,0.00,3.98,11.43,14.18,29.59,29.88,33.8,33.5,24.5,25.0,gstreamer_single
1806,123.041,0.00,4.25,10.96,15.03,30.24,30.58,33.1,32.7,24.3,25.0,gstreamer_single
1807,123.082,0.00,3.26,11.60,15.28,30.14,30.52,33.2,32.8,24.3,25.0,gstreamer_single
1808,123.125,0.00,3.23,12.98,15.55,31.76,32.11,31.5,31.1,24.0,25.0,gstreamer_single
1809,123.180,0.00,3.32,15.50,17.54,36.36,36.69,27.5,27.3,23.8,25.0,gstreamer_single
1810,123.214,0.00,3.22,11.87,13.92,29.00,29.33,34.5,34.1,23.9,25.0,gstreamer_single
1811,123.264,0.00,3.43,11.56,21.83,36.82,37.12,27.2,26.9,23.6,25.0,gstreamer_single
1812,123.298,0.00,2.91,12.69,14.19,29.79,30.08,33.6,33.2,23.7,25.0,gstreamer_single
1813,123.336,0.00,3.36,11.62,14.67,29.65,30.02,33.7,33.3,23.8,25.0,gstreamer_single
1814,123.376,0.00,3.39,11.20,14.20,28.79,29.05,34.7,34.4,23.9,25.0,gstreamer_single
1815,123.419,0.00,2.93,11.30,15.67,29.90,30.28,33.4,33.0,24.0,25.0,gstreamer_single
1816,123.462,0.00,3.39,12.94,14.51,30.85,31.23,32.4,32.0,24.0,25.0,gstreamer_single
1817,123.500,0.00,3.38,11.36,14.05,28.80,29.25,34.7,34.2,24.2,25.0,gstreamer_single
1818,123.543,0.00,3.24,14.38,14.60,32.22,32.48,31.0,30.8,24.1,25.0,gstreamer_single
1819,123.581,0.00,3.27,11.07,14.10,28.44,28.83,35.2,34.7,24.2,25.0,gstreamer_single
1820,123.633,0.00,3.51,20.80,15.21,39.52,39.99,25.3,25.0,24.3,25.0,gstreamer_single
1821,123.672,0.00,3.69,11.62,18.14,33.46,33.80,29.9,29.6,24.3,25.0,gstreamer_single
1822,123.706,0.00,3.35,10.64,15.34,29.33,30.11,34.1,33.2,24.4,25.0,gstreamer_single
1823,123.756,0.00,2.99,11.27,20.14,34.40,34.82,29.1,28.7,24.1,25.0,gstreamer_single
1824,123.810,0.00,3.10,11.18,26.27,40.55,40.81,24.7,24.5,23.8,25.0,gstreamer_single
1825,123.853,0.00,3.49,12.88,14.86,31.23,31.74,32.0,31.5,23.9,25.0,gstreamer_single
1826,123.895,0.00,3.56,11.01,20.89,35.47,35.80,28.2,27.9,24.0,25.0,gstreamer_single
1827,123.936,0.00,3.82,12.77,15.71,32.30,32.76,31.0,30.5,24.0,25.0,gstreamer_single
1828,123.982,0.00,3.11,10.91,14.36,28.38,28.65,35.2,34.9,23.8,25.0,gstreamer_single
1829,124.017,0.00,3.08,11.13,14.55,28.77,29.05,34.8,34.4,23.7,25.0,gstreamer_single
1830,124.057,0.00,3.31,11.04,14.49,28.84,29.15,34.7,34.3,23.8,25.0,gstreamer_single
1831,124.099,0.00,3.78,12.02,14.72,30.52,31.01,32.8,32.3,23.9,25.0,gstreamer_single
1832,124.147,0.00,3.34,13.45,14.35,31.14,31.48,32.1,31.8,23.7,25.0,gstreamer_single
1833,124.202,0.00,3.02,11.81,27.92,42.75,43.26,23.4,23.1,23.4,25.0,gstreamer_single
1834,124.243,0.00,2.90,11.57,18.94,33.41,33.69,29.9,29.7,23.3,25.0,gstreamer_single
1835,124.289,0.00,3.25,18.13,15.87,37.24,37.55,26.9,26.6,23.2,25.0,gstreamer_single
1836,124.334,0.00,3.28,11.71,16.81,31.80,32.13,31.5,31.1,23.2,25.0,gstreamer_single
1837,124.371,0.00,3.02,11.69,16.38,31.09,31.55,32.2,31.7,23.3,25.0,gstreamer_single
1838,124.412,0.00,3.18,11.84,16.21,31.24,31.80,32.0,31.5,23.5,25.0,gstreamer_single
1839,124.453,0.00,2.87,12.45,16.19,31.52,32.01,31.7,31.2,23.4,25.0,gstreamer_single
1840,124.487,0.00,3.57,12.15,14.38,30.10,30.39,33.2,32.9,23.7,25.0,gstreamer_single
1841,124.529,0.00,3.45,12.17,16.04,31.66,32.02,31.6,31.2,23.6,25.0,gstreamer_single
1842,124.566,0.00,3.01,11.42,15.88,30.31,30.61,33.0,32.7,23.6,25.0,gstreamer_single
1843,124.601,0.00,4.30,11.88,15.28,31.46,31.89,31.8,31.4,23.7,25.0,gstreamer_single
1844,124.649,0.00,3.24,11.73,15.09,30.06,30.48,33.3,32.8,23.6,25.0,gstreamer_single
1845,124.694,0.00,3.62,11.91,22.17,37.70,38.12,26.5,26.2,23.5,25.0,gstreamer_single
1846,124.729,0.00,3.33,11.50,16.40,31.23,31.53,32.0,31.7,23.6,25.0,gstreamer_single
1847,124.763,0.00,3.28,11.04,14.89,29.21,29.47,34.2,33.9,23.8,25.0,gstreamer_single
1848,124.798,0.00,3.46,15.04,14.37,32.86,33.14,30.4,30.2,23.8,25.0,gstreamer_single
1849,124.847,0.00,4.25,13.87,18.82,36.94,37.26,27.1,26.8,23.9,25.0,gstreamer_single
1850,124.889,0.00,4.31,11.12,17.38,32.81,33.08,30.5,30.2,23.8,25.0,gstreamer_single
1851,124.930,0.00,3.11,10.85,22.25,36.21,36.46,27.6,27.4,23.7,25.0,gstreamer_single
1852,124.965,0.00,2.86,10.61,15.27,28.73,29.25,34.8,34.2,24.0,25.0,gstreamer_single
1853,125.007,0.00,2.98,10.28,19.24,32.51,32.79,30.8,30.5,24.2,25.0,gstreamer_single
1854,125.054,0.00,4.51,10.86,19.96,35.33,35.61,28.3,28.1,24.2,25.0,gstreamer_single
1855,125.087,0.00,2.96,10.32,14.76,28.03,28.56,35.7,35.0,24.3,25.0,gstreamer_single
1856,125.119,0.00,4.24,10.92,14.21,29.37,29.64,34.0,33.7,24.5,25.0,gstreamer_single
1857,125.162,0.00,3.96,10.95,15.47,30.38,30.68,32.9,32.6,24.6,25.0,gstreamer_single
1858,125.204,0.00,3.07,10.63,21.79,35.49,35.92,28.2,27.8,24.4,25.0,gstreamer_single
1859,125.243,0.00,3.62,10.78,15.84,30.24,30.54,33.1,32.7,24.4,25.0,gstreamer_single
1860,125.294,0.00,2.97,10.92,25.67,39.56,39.87,25.3,25.1,24.3,25.0,gstreamer_single
1861,125.336,0.00,3.05,10.70,17.30,31.06,31.38,32.2,31.9,24.4,25.0,gstreamer_single
1862,125.383,0.00,3.30,11.21,14.45,28.97,29.29,34.5,34.1,24.6,25.0,gstreamer_single
1863,125.417,0.00,3.02,11.05,16.31,30.37,30.66,32.9,32.6,24.7,25.0,gstreamer_single
1864,125.450,0.00,2.96,10.73,15.47,29.16,29.48,34.3,33.9,25.0,25.0,gstreamer_single
1865,125.489,0.00,3.10,10.19,14.50,27.79,28.24,36.0,35.4,25.1,25.0,gstreamer_single
1866,125.519,0.00,2.92,10.47,14.08,27.47,27.97,36.4,35.7,25.3,25.0,gstreamer_single
1867,125.560,0.00,3.04,10.55,15.11,28.69,29.04,34.9,34.4,25.3,25.0,gstreamer_single
1868,125.605,0.00,2.83,10.60,19.98,33.41,33.75,29.9,29.6,25.2,25.0,gstreamer_single
1869,125.641,0.00,3.12,10.19,15.41,28.72,28.99,34.8,34.5,25.1,25.0,gstreamer_single
1870,125.683,0.00,2.97,10.30,15.05,28.31,28.63,35.3,34.9,25.1,25.0,gstreamer_single
1871,125.729,0.00,4.38,11.56,18.44,34.38,34.76,29.1,28.8,24.9,25.0,gstreamer_single
1872,125.767,0.00,4.33,11.17,14.77,30.28,30.69,33.0,32.6,24.9,25.0,gstreamer_single
1873,125.804,0.00,3.09,11.11,19.53,33.73,34.08,29.6,29.3,25.1,25.0,gstreamer_single
1874,125.846,0.00,3.61,10.59,20.11,34.32,34.78,29.1,28.7,25.2,25.0,gstreamer_single
1875,125.887,0.00,2.90,10.73,21.19,34.82,35.13,28.7,28.5,25.0,25.0,gstreamer_single
1876,125.922,0.00,2.87,10.72,15.75,29.34,29.69,34.1,33.7,25.0,25.0,gstreamer_single
1877,125.964,0.00,3.01,10.94,16.13,30.08,30.35,33.2,33.0,24.9,25.0,gstreamer_single
1878,126.003,0.00,2.91,10.48,14.98,28.38,28.67,35.2,34.9,25.1,25.0,gstreamer_single
1879,126.050,0.00,3.40,10.70,16.97,31.06,31.39,32.2,31.9,25.0,25.0,gstreamer_single
1880,126.095,0.00,3.13,10.42,22.91,36.45,36.79,27.4,27.2,24.9,25.0,gstreamer_single
1881,126.136,0.00,3.36,10.89,18.78,33.03,33.31,30.3,30.0,24.8,25.0,gstreamer_single
1882,126.179,0.00,3.47,10.52,22.68,36.67,36.96,27.3,27.1,24.7,25.0,gstreamer_single
1883,126.225,0.00,3.22,10.69,19.15,33.06,33.75,30.2,29.6,24.8,25.0,gstreamer_single
1884,126.268,0.00,3.15,10.47,20.70,34.32,34.89,29.1,28.7,24.6,25.0,gstreamer_single
1885,126.305,0.00,3.37,10.66,15.26,29.29,29.77,34.1,33.6,24.5,25.0,gstreamer_single
1886,126.347,0.00,3.10,10.33,16.41,29.85,30.11,33.5,33.2,24.5,25.0,gstreamer_single
1887,126.384,0.00,3.66,11.37,14.73,29.76,30.06,33.6,33.3,24.6,25.0,gstreamer_single
1888,126.446,0.00,3.52,10.70,30.04,44.25,44.52,22.6,22.5,24.1,25.0,gstreamer_single
1889,126.495,0.00,4.45,10.96,20.43,35.85,36.28,27.9,27.6,24.1,25.0,gstreamer_single
1890,126.531,0.00,3.07,10.23,17.24,30.54,30.86,32.7,32.4,24.3,25.0,gstreamer_single
1891,126.571,0.00,3.26,10.53,16.13,29.92,30.20,33.4,33.1,24.4,25.0,gstreamer_single
1892,126.619,0.00,2.86,10.35,19.93,33.14,33.41,30.2,29.9,24.1,25.0,gstreamer_single
1893,126.660,0.00,3.23,10.86,14.79,28.88,29.43,34.6,34.0,24.0,25.0,gstreamer_single
1894,126.735,0.00,4.68,14.38,40.16,59.21,59.64,16.9,16.8,23.3,25.0,gstreamer_single
1895,126.795,0.00,4.71,11.24,38.94,54.89,55.30,18.2,18.1,22.7,25.0,gstreamer_single
1896,126.837,0.00,3.21,10.35,14.31,27.87,28.26,35.9,35.4,22.7,25.0,gstreamer_single
1897,126.875,0.00,3.32,10.70,14.60,28.61,28.91,34.9,34.6,22.8,25.0,gstreamer_single
1898,126.914,0.00,3.00,10.70,13.83,27.52,27.82,36.3,35.9,22.8,25.0,gstreamer_single
1899,126.948,0.00,4.31,10.96,15.95,31.21,31.62,32.0,31.6,22.9,25.0,gstreamer_single
1900,126.985,0.00,3.74,10.27,14.47,28.49,28.79,35.1,34.7,23.1,25.0,gstreamer_single
1901,127.023,0.00,3.12,10.27,15.55,28.94,29.25,34.6,34.2,23.1,25.0,gstreamer_single
1902,127.055,0.00,3.14,10.48,14.63,28.25,28.56,35.4,35.0,23.2,25.0,gstreamer_single
1903,127.114,0.00,2.77,10.47,33.84,47.09,47.36,21.2,21.1,22.9,25.0,gstreamer_single
1904,127.149,0.00,4.44,11.59,14.45,30.48,30.89,32.8,32.4,23.0,25.0,gstreamer_single
1905,127.186,0.00,3.35,10.33,14.46,28.15,28.73,35.5,34.8,22.9,25.0,gstreamer_single
1906,127.218,0.00,3.33,10.87,14.69,28.90,29.45,34.6,34.0,23.1,25.0,gstreamer_single
1907,127.252,0.00,3.40,10.79,14.70,28.90,29.26,34.6,34.2,23.2,25.0,gstreamer_single
1908,127.291,0.00,3.00,10.28,14.11,27.39,27.89,36.5,35.9,23.4,25.0,gstreamer_single
1909,127.322,0.00,2.96,10.18,14.63,27.76,28.55,36.0,35.0,23.6,25.0,gstreamer_single
1910,127.366,0.00,4.55,10.68,15.81,31.03,31.42,32.2,31.8,23.6,25.0,gstreamer_single
1911,127.405,0.00,3.11,10.34,15.68,29.13,29.53,34.3,33.9,23.7,25.0,gstreamer_single
1912,127.439,0.00,3.28,10.82,15.33,29.43,29.72,34.0,33.6,23.9,25.0,gstreamer_single
1913,127.485,0.00,3.09,10.62,15.58,29.30,29.57,34.1,33.8,23.8,25.0,gstreamer_single
1914,127.531,0.00,2.97,10.60,14.96,28.53,28.86,35.1,34.7,23.7,25.0,gstreamer_single
1915,127.567,0.00,3.16,10.81,15.64,29.60,29.84,33.8,33.5,23.8,25.0,gstreamer_single
1916,127.608,0.00,3.10,11.17,15.63,29.90,30.21,33.4,33.1,23.7,25.0,gstreamer_single
1917,127.648,0.00,3.07,10.25,15.63,28.95,29.22,34.5,34.2,24.1,25.0,gstreamer_single
1918,127.694,0.00,4.03,11.67,18.52,34.22,34.67,29.2,28.8,24.2,25.0,gstreamer_single
1919,127.730,0.00,3.75,10.85,16.02,30.61,30.99,32.7,32.3,24.2,25.0,gstreamer_single
1920,127.767,0.00,3.19,10.64,15.46,29.29,29.70,34.1,33.7,24.2,25.0,gstreamer_single
1921,127.818,0.00,4.48,11.37,15.62,31.47,31.86,31.8,31.4,24.2,25.0,gstreamer_single
1922,127.873,0.00,4.36,11.49,17.11,32.96,33.60,30.3,29.8,23.9,25.0,gstreamer_single
1923,127.919,0.00,2.96,10.73,20.03,33.72,34.04,29.7,29.4,24.5,25.0,gstreamer_single
1924,127.962,0.00,2.86,11.52,14.84,29.23,29.53,34.2,33.9,24.8,25.0,gstreamer_single
1925,128.000,0.00,3.16,10.60,14.92,28.68,28.95,34.9,34.5,24.9,25.0,gstreamer_single
1926,128.042,0.00,4.27,11.06,14.73,30.06,30.39,33.3,32.9,24.8,25.0,gstreamer_single
1927,128.085,0.00,3.12,11.95,15.98,31.04,31.37,32.2,31.9,24.7,25.0,gstreamer_single
1928,128.120,0.00,2.88,11.80,14.40,29.08,29.36,34.4,34.1,24.8,25.0,gstreamer_single
1929,128.167,0.00,3.01,14.22,18.32,35.55,35.81,28.1,27.9,24.5,25.0,gstreamer_single
1930,128.208,0.00,3.89,13.18,18.84,35.91,36.34,27.8,27.5,24.5,25.0,gstreamer_single
1931,128.249,0.00,3.16,13.24,14.52,30.92,31.16,32.3,32.1,24.3,25.0,gstreamer_single
1932,128.294,0.00,3.01,10.78,15.00,28.79,29.07,34.7,34.4,24.6,25.0,gstreamer_single
1933,128.331,0.00,3.51,11.50,18.74,33.74,34.05,29.6,29.4,24.5,25.0,gstreamer_single
1934,128.371,0.00,4.31,10.96,14.70,29.96,30.58,33.4,32.7,24.5,25.0,gstreamer_single
1935,128.411,0.00,3.37,11.02,14.54,28.93,29.22,34.6,34.2,24.3,25.0,gstreamer_single
1936,128.454,0.00,3.13,10.59,17.35,31.08,31.44,32.2,31.8,24.1,25.0,gstreamer_single
1937,128.493,0.00,3.19,11.27,14.35,28.82,29.40,34.7,34.0,24.1,25.0,gstreamer_single
1938,128.535,0.00,4.53,11.43,19.88,35.83,36.22,27.9,27.6,23.9,25.0,gstreamer_single
1939,128.572,0.00,3.75,10.93,15.23,29.91,30.36,33.4,32.9,24.0,25.0,gstreamer_single
1940,128.615,0.00,3.22,10.96,14.67,28.85,29.14,34.7,34.3,24.0,25.0,gstreamer_single
1941,128.652,0.00,3.11,11.30,18.19,32.60,33.05,30.7,30.3,23.9,25.0,gstreamer_single
1942,128.704,0.00,3.68,10.87,28.65,43.20,43.80,23.2,22.8,23.8,25.0,gstreamer_single
1943,128.748,0.00,4.35,11.41,14.16,29.91,30.19,33.4,33.1,23.8,25.0,gstreamer_single
1944,128.789,0.00,4.68,11.74,15.55,31.97,32.47,31.3,30.8,23.7,25.0,gstreamer_single
1945,128.837,0.00,4.03,10.77,15.78,30.59,31.00,32.7,32.3,23.6,25.0,gstreamer_single
1946,128.888,0.00,5.19,16.28,23.45,44.93,45.24,22.3,22.1,23.4,25.0,gstreamer_single
1947,128.962,0.00,4.56,12.55,39.49,56.59,56.98,17.7,17.5,22.9,25.0,gstreamer_single
1948,129.001,0.00,3.06,11.28,15.38,29.72,30.04,33.7,33.3,22.8,25.0,gstreamer_single
1949,129.045,0.00,3.42,12.65,18.19,34.25,34.60,29.2,28.9,22.7,25.0,gstreamer_single
1950,129.094,0.00,3.00,10.92,27.92,41.84,42.12,23.9,23.7,22.7,25.0,gstreamer_single
1951,129.131,0.00,3.14,12.86,14.69,30.70,31.01,32.6,32.3,23.1,25.0,gstreamer_single
1952,129.174,0.00,3.03,11.36,21.25,35.64,36.04,28.1,27.7,23.1,25.0,gstreamer_single
1953,129.217,0.00,3.07,14.14,15.12,32.33,32.88,30.9,30.4,23.1,25.0,gstreamer_single
1954,129.268,0.00,3.46,17.42,21.97,42.85,43.27,23.3,23.1,22.9,25.0,gstreamer_single
1955,129.307,0.00,3.06,10.81,14.84,28.70,29.13,34.8,34.3,22.9,25.0,gstreamer_single
1956,129.346,0.00,2.97,11.18,14.43,28.57,28.83,35.0,34.7,23.0,25.0,gstreamer_single
1957,129.385,0.00,3.74,12.11,14.05,29.90,30.17,33.4,33.1,22.9,25.0,gstreamer_single
1958,129.434,0.00,4.49,13.08,14.93,32.49,32.81,30.8,30.5,22.9,25.0,gstreamer_single
1959,129.488,0.00,3.02,10.84,21.65,35.51,35.81,28.2,27.9,22.7,25.0,gstreamer_single
1960,129.545,0.00,4.40,16.88,32.31,53.58,54.08,18.7,18.5,22.4,25.0,gstreamer_single
1961,129.597,0.00,3.75,12.03,31.76,47.54,47.81,21.0,20.9,22.3,25.0,gstreamer_single
1962,129.638,0.00,2.98,11.49,15.43,29.90,30.34,33.4,33.0,22.2,25.0,gstreamer_single
1963,129.681,0.00,3.29,11.03,24.87,39.19,39.46,25.5,25.3,22.1,25.0,gstreamer_single
1964,129.715,0.00,4.32,11.01,16.06,31.39,31.71,31.9,31.5,22.2,25.0,gstreamer_single
1965,129.760,0.00,3.61,11.30,16.18,31.09,31.39,32.2,31.9,22.2,25.0,gstreamer_single
1966,129.804,0.00,3.03,12.31,16.14,31.49,31.74,31.8,31.5,22.1,25.0,gstreamer_single
1967,129.835,0.00,3.08,10.82,14.63,28.54,29.07,35.0,34.4,22.3,25.0,gstreamer_single
1968,129.886,0.00,3.04,12.23,16.73,31.99,32.29,31.3,31.0,22.1,25.0,gstreamer_single
1969,129.938,0.00,3.77,12.50,14.81,31.08,31.73,32.2,31.5,21.9,25.0,gstreamer_single
1970,129.981,0.00,2.95,11.15,15.09,29.19,29.66,34.3,33.7,21.8,25.0,gstreamer_single
1971,130.016,0.00,3.17,11.59,15.74,30.50,30.75,32.8,32.5,22.1,25.0,gstreamer_single
1972,130.054,0.00,2.96,11.17,18.30,32.42,32.83,30.8,30.5,22.2,25.0,gstreamer_single
1973,130.099,0.00,3.20,11.25,14.40,28.85,29.14,34.7,34.3,22.1,25.0,gstreamer_single
1974,130.144,0.00,3.64,14.63,14.67,32.93,33.39,30.4,29.9,22.2,25.0,gstreamer_single
1975,130.178,0.00,3.14,11.09,15.38,29.61,29.88,33.8,33.5,22.5,25.0,gstreamer_single
1976,130.224,0.00,4.19,13.76,14.18,32.14,32.57,31.1,30.7,23.0,25.0,gstreamer_single
1977,130.277,0.00,4.45,12.71,17.44,34.60,35.07,28.9,28.5,22.7,25.0,gstreamer_single
1978,130.323,0.00,4.53,11.47,14.77,30.77,31.13,32.5,32.1,22.7,25.0,gstreamer_single
1979,130.372,0.00,3.27,11.14,17.27,31.68,31.97,31.6,31.3,22.7,25.0,gstreamer_single
1980,130.419,0.00,3.36,10.88,15.52,29.76,30.04,33.6,33.3,22.5,25.0,gstreamer_single
1981,130.458,0.00,3.22,11.65,15.08,29.95,30.30,33.4,33.0,22.6,25.0,gstreamer_single
1982,130.503,0.00,3.43,11.27,15.16,29.87,30.16,33.5,33.2,22.5,25.0,gstreamer_single
1983,130.538,0.00,3.43,11.54,15.52,30.49,30.81,32.8,32.5,22.8,25.0,gstreamer_single
1984,130.588,0.00,3.02,13.93,15.04,32.00,32.27,31.2,31.0,22.6,25.0,gstreamer_single
1985,130.623,0.00,3.28,11.45,17.00,31.73,32.15,31.5,31.1,22.7,25.0,gstreamer_single
1986,130.663,0.00,3.27,10.89,14.47,28.62,28.89,34.9,34.6,22.7,25.0,gstreamer_single
1987,130.705,0.00,3.76,11.03,14.64,29.43,29.89,34.0,33.5,22.8,25.0,gstreamer_single
1988,130.759,0.00,4.09,14.51,17.24,35.84,36.11,27.9,27.7,22.8,25.0,gstreamer_single
1989,130.803,0.00,3.32,11.22,15.30,29.84,30.18,33.5,33.1,23.0,25.0,gstreamer_single
1990,130.838,0.00,3.20,11.22,14.65,29.06,29.51,34.4,33.9,23.4,25.0,gstreamer_single
1991,130.890,0.00,3.37,15.07,15.11,33.55,33.84,29.8,29.6,23.2,25.0,gstreamer_single
1992,130.940,0.00,4.38,11.06,18.03,33.46,33.89,29.9,29.5,23.0,25.0,gstreamer_single
1993,130.987,0.00,3.34,10.84,15.63,29.81,30.11,33.5,33.2,22.8,25.0,gstreamer_single
1994,131.025,0.00,3.12,10.82,15.18,29.12,29.44,34.3,34.0,22.9,25.0,gstreamer_single
1995,131.082,0.00,4.56,11.10,29.67,45.34,45.65,22.1,21.9,22.7,25.0,gstreamer_single
1996,131.116,0.00,3.04,10.61,15.23,28.88,29.15,34.6,34.3,22.6,25.0,gstreamer_single
1997,131.162,0.00,3.29,15.05,20.56,38.89,39.20,25.7,25.5,22.7,25.0,gstreamer_single
1998,131.207,0.00,2.99,12.43,16.77,32.18,32.47,31.1,30.8,22.9,25.0,gstreamer_single
1999,131.255,0.00,3.25,11.19,15.96,30.39,30.72,32.9,32.6,22.8,25.0,gstreamer_single
2000,131.302,0.00,3.12,12.45,16.53,32.10,32.52,31.2,30.7,22.5,25.0,gstreamer_single
2001,131.338,0.00,3.28,10.92,16.28,30.48,30.87,32.8,32.4,22.6,25.0,gstreamer_single
2002,131.377,0.00,4.56,13.62,15.40,33.58,34.04,29.8,29.4,22.7,25.0,gstreamer_single
2003,131.415,0.00,3.09,10.87,16.41,30.37,30.94,32.9,32.3,22.8,25.0,gstreamer_single
2004,131.450,0.00,2.87,10.74,14.20,27.80,28.07,36.0,35.6,22.8,25.0,gstreamer_single
2005,131.483,0.00,3.16,10.74,14.98,28.89,29.21,34.6,34.2,23.0,25.0,gstreamer_single
2006,131.536,0.00,4.41,13.20,24.57,42.19,42.50,23.7,23.5,23.0,25.0,gstreamer_single
2007,131.581,0.00,4.61,11.29,18.84,34.74,35.15,28.8,28.5,23.1,25.0,gstreamer_single
2008,131.622,0.00,3.09,14.01,15.50,32.61,32.88,30.7,30.4,23.2,25.0,gstreamer_single
2009,131.663,0.00,3.31,10.80,15.24,29.34,29.74,34.1,33.6,23.3,25.0,gstreamer_single
2010,131.703,0.00,4.02,11.24,14.53,29.79,30.25,33.6,33.1,23.3,25.0,gstreamer_single
2011,131.745,0.00,4.27,11.56,14.30,30.13,30.41,33.2,32.9,23.4,25.0,gstreamer_single
2012,131.780,0.00,3.06,10.64,14.70,28.40,28.67,35.2,34.9,23.3,25.0,gstreamer_single
2013,131.816,0.00,3.13,15.15,14.66,32.94,33.20,30.4,30.1,23.6,25.0,gstreamer_single
2014,131.855,0.00,3.25,11.08,15.64,29.97,30.32,33.4,33.0,23.5,25.0,gstreamer_single
2015,131.897,0.00,3.09,10.86,23.87,37.82,38.18,26.4,26.2,23.5,25.0,gstreamer_single
2016,131.935,0.00,3.06,10.83,14.89,28.79,29.08,34.7,34.4,23.6,25.0,gstreamer_single
2017,131.977,0.00,3.15,11.25,14.15,28.55,28.84,35.0,34.7,23.8,25.0,gstreamer_single
2018,132.021,0.00,3.15,11.00,17.72,31.87,32.15,31.4,31.1,23.8,25.0,gstreamer_single
2019,132.083,0.00,4.34,11.46,35.76,51.56,52.07,19.4,19.2,23.3,25.0,gstreamer_single
2020,132.122,0.00,3.15,11.01,15.68,29.84,30.22,33.5,33.1,23.5,25.0,gstreamer_single
2021,132.194,0.00,3.95,18.84,39.11,61.90,62.17,16.2,16.1,23.1,25.0,gstreamer_single
2022,132.243,0.00,3.46,11.64,27.89,43.00,43.29,23.3,23.1,23.1,25.0,gstreamer_single
2023,132.282,0.00,3.12,10.69,14.60,28.41,28.73,35.2,34.8,23.1,25.0,gstreamer_single
2024,132.316,0.00,3.24,11.83,15.23,30.30,30.57,33.0,32.7,23.5,25.0,gstreamer_single
2025,132.358,0.00,2.97,15.73,15.20,33.90,34.19,29.5,29.3,23.3,25.0,gstreamer_single
2026,132.407,0.00,4.43,14.78,22.89,42.09,42.47,23.8,23.5,23.3,25.0,gstreamer_single
2027,132.448,0.00,3.25,12.81,14.66,30.73,31.01,32.5,32.2,23.4,25.0,gstreamer_single
2028,132.490,0.00,3.14,11.67,16.21,31.02,31.29,32.2,32.0,23.5,25.0,gstreamer_single
2029,132.543,0.00,2.88,12.09,28.12,43.09,43.61,23.2,22.9,23.4,25.0,gstreamer_single
2030,132.580,0.00,3.20,12.12,14.64,29.96,30.42,33.4,32.9,23.4,25.0,gstreamer_single
2031,132.640,0.00,3.29,19.16,27.00,49.46,49.82,20.2,20.1,23.0,25.0,gstreamer_single
2032,132.680,0.00,3.10,11.56,14.88,29.54,29.84,33.9,33.5,22.9,25.0,gstreamer_single
2033,132.720,0.00,3.33,11.67,14.64,29.64,29.95,33.7,33.4,22.8,25.0,gstreamer_single
2034,132.761,0.00,3.28,10.83,15.61,29.73,29.99,33.6,33.3,22.7,25.0,gstreamer_single
2035,132.803,0.00,3.05,17.61,15.55,36.21,36.62,27.6,27.3,22.9,25.0,gstreamer_single
2036,132.837,0.00,3.07,10.80,14.76,28.64,28.97,34.9,34.5,23.1,25.0,gstreamer_single
2037,132.885,0.00,2.96,11.88,24.59,39.42,39.72,25.4,25.2,23.0,25.0,gstreamer_single
2038,132.925,0.00,3.12,12.03,20.12,35.27,35.70,28.4,28.0,23.0,25.0,gstreamer_single
2039,132.973,0.00,3.69,18.35,21.15,43.19,43.66,23.2,22.9,22.8,25.0,gstreamer_single
2040,133.011,0.00,3.22,11.14,14.99,29.34,29.86,34.1,33.5,22.9,25.0,gstreamer_single
2041,133.057,0.00,3.95,14.95,14.79,33.69,34.02,29.7,29.4,22.7,25.0,gstreamer_single
2042,133.101,0.00,4.34,11.10,15.22,30.66,31.09,32.6,32.2,22.6,25.0,gstreamer_single
2043,133.146,0.00,3.44,14.22,15.04,32.69,32.96,30.6,30.3,22.5,25.0,gstreamer_single
2044,133.183,0.00,3.30,10.89,14.63,28.82,29.12,34.7,34.3,22.5,25.0,gstreamer_single
2045,133.228,0.00,3.50,11.01,18.18,32.69,33.07,30.6,30.2,22.4,25.0,gstreamer_single
2046,133.267,0.00,3.27,11.34,17.29,31.91,32.20,31.3,31.1,22.5,25.0,gstreamer_single
2047,133.308,0.00,3.18,11.03,18.17,32.39,32.67,30.9,30.6,22.5,25.0,gstreamer_single
2048,133.352,0.00,3.34,11.23,20.60,35.17,35.51,28.4,28.2,22.9,25.0,gstreamer_single
2049,133.384,0.00,3.04,10.53,14.16,27.72,28.01,36.1,35.7,23.0,25.0,gstreamer_single
2050,133.420,0.00,3.35,10.86,14.95,29.17,29.63,34.3,33.7,23.7,25.0,gstreamer_single
2051,133.464,0.00,3.87,14.78,14.71,33.36,33.64,30.0,29.7,23.7,25.0,gstreamer_single
2052,133.499,0.00,3.06,12.93,14.38,30.38,30.64,32.9,32.6,23.8,25.0,gstreamer_single
2053,133.540,0.00,4.05,17.80,14.63,36.49,36.78,27.4,27.2,23.7,25.0,gstreamer_single
2054,133.579,0.00,3.26,16.56,14.20,34.02,34.32,29.4,29.1,23.8,25.0,gstreamer_single
2055,133.627,0.00,3.21,17.75,20.56,41.51,41.79,24.1,23.9,23.8,25.0,gstreamer_single
2056,133.675,0.00,3.21,10.82,25.21,39.24,39.56,25.5,25.3,23.6,25.0,gstreamer_single
2057,133.725,0.00,3.11,12.92,21.62,37.66,37.95,26.6,26.4,23.5,25.0,gstreamer_single
2058,133.765,0.00,2.94,10.87,22.87,36.68,36.92,27.3,27.1,23.7,25.0,gstreamer_single
2059,133.801,0.00,3.00,12.76,16.20,31.96,32.44,31.3,30.8,23.8,25.0,gstreamer_single
2060,133.843,0.00,3.48,14.96,15.71,34.15,34.64,29.3,28.9,24.1,25.0,gstreamer_single
2061,133.889,0.00,3.47,15.28,15.93,34.68,34.92,28.8,28.6,24.0,25.0,gstreamer_single
2062,133.935,0.00,4.56,12.48,15.26,32.30,32.69,31.0,30.6,23.9,25.0,gstreamer_single
2063,133.969,0.00,3.10,11.05,15.79,29.94,30.21,33.4,33.1,24.0,25.0,gstreamer_single
2064,134.009,0.00,3.07,11.12,16.13,30.32,30.60,33.0,32.7,24.0,25.0,gstreamer_single
2065,134.065,0.00,3.22,11.22,31.65,46.10,46.42,21.7,21.5,23.6,25.0,gstreamer_single
2066,134.109,0.00,2.88,13.76,22.11,38.76,39.31,25.8,25.4,23.7,25.0,gstreamer_single
2067,134.143,0.00,3.24,12.39,15.55,31.18,31.46,32.1,31.8,23.8,25.0,gstreamer_single
2068,134.181,0.00,3.04,11.56,14.53,29.14,29.44,34.3,34.0,24.0,25.0,gstreamer_single
2069,134.225,0.00,3.44,13.77,15.25,32.46,32.84,30.8,30.5,23.9,25.0,gstreamer_single
2070,134.264,0.00,3.81,11.90,14.87,30.58,30.92,32.7,32.3,24.0,25.0,gstreamer_single
2071,134.305,0.00,3.38,11.54,15.73,30.65,30.92,32.6,32.3,24.1,25.0,gstreamer_single
2072,134.363,0.00,2.99,11.64,30.24,44.87,45.41,22.3,22.0,23.8,25.0,gstreamer_single
2073,134.405,0.00,3.28,12.00,15.11,30.39,30.67,32.9,32.6,23.7,25.0,gstreamer_single
2074,134.439,0.00,3.20,11.39,15.76,30.35,30.65,32.9,32.6,23.9,25.0,gstreamer_single
2075,134.476,0.00,3.33,12.21,14.47,30.01,30.30,33.3,33.0,24.0,25.0,gstreamer_single
2076,134.519,0.00,3.09,12.67,14.84,30.59,31.11,32.7,32.1,24.0,25.0,gstreamer_single
2077,134.553,0.00,3.75,11.78,15.95,31.48,31.75,31.8,31.5,24.1,25.0,gstreamer_single
2078,134.590,0.00,3.13,11.35,14.82,29.30,29.55,34.1,33.8,24.1,25.0,gstreamer_single
2079,134.626,0.00,3.06,10.78,14.94,28.78,29.05,34.7,34.4,24.0,25.0,gstreamer_single
2080,134.666,0.00,3.28,10.82,14.76,28.86,29.36,34.7,34.1,24.1,25.0,gstreamer_single
2081,134.708,0.00,3.40,11.40,15.20,30.00,30.31,33.3,33.0,24.0,25.0,gstreamer_single
2082,134.749,0.00,3.07,10.92,15.38,29.38,29.79,34.0,33.6,24.0,25.0,gstreamer_single
2083,134.786,0.00,3.26,10.80,14.81,28.87,29.26,34.6,34.2,24.0,25.0,gstreamer_single
2084,134.820,0.00,3.14,10.68,16.22,30.04,30.34,33.3,33.0,24.3,25.0,gstreamer_single
2085,134.865,0.00,3.25,15.52,14.69,33.46,33.78,29.9,29.6,24.4,25.0,gstreamer_single
2086,134.900,0.00,3.26,10.97,14.21,28.44,28.88,35.2,34.6,24.7,25.0,gstreamer_single
2087,134.948,0.00,3.39,16.91,14.74,35.04,35.30,28.5,28.3,24.5,25.0,gstreamer_single
2088,134.999,0.00,4.43,11.81,24.60,40.83,41.25,24.5,24.2,24.2,25.0,gstreamer_single
2089,135.047,0.00,3.11,11.30,15.10,29.51,29.79,33.9,33.6,24.1,25.0,gstreamer_single
2090,135.093,0.00,3.02,10.91,15.32,29.25,29.53,34.2,33.9,24.1,25.0,gstreamer_single
2091,135.137,0.00,3.55,11.47,15.16,30.18,30.51,33.1,32.8,24.1,25.0,gstreamer_single
2092,135.187,0.00,3.65,11.82,14.61,30.07,30.71,33.3,32.6,23.8,25.0,gstreamer_single
2093,135.249,0.00,3.91,11.02,26.57,41.49,42.42,24.1,23.6,23.4,25.0,gstreamer_single
2094,135.288,0.00,4.47,16.56,14.61,35.64,36.01,28.1,27.8,23.7,25.0,gstreamer_single
2095,135.327,0.00,4.54,11.36,18.17,34.06,34.53,29.4,29.0,23.8,25.0,gstreamer_single
2096,135.365,0.00,3.98,11.71,15.72,31.41,31.87,31.8,31.4,23.7,25.0,gstreamer_single
2097,135.405,0.00,3.01,10.71,17.21,30.93,31.23,32.3,32.0,23.7,25.0,gstreamer_single
2098,135.445,0.00,3.05,11.33,15.05,29.43,29.95,34.0,33.4,23.8,25.0,gstreamer_single
2099,135.495,0.00,3.05,11.24,29.25,43.54,43.83,23.0,22.8,23.6,25.0,gstreamer_single
2100,135.536,0.00,3.40,16.16,14.96,34.53,34.85,29.0,28.7,23.6,25.0,gstreamer_single
2101,135.598,0.00,3.14,13.16,30.27,46.56,47.21,21.5,21.2,23.5,25.0,gstreamer_single
2102,135.637,0.00,3.74,11.26,14.84,29.84,30.27,33.5,33.0,23.5,25.0,gstreamer_single
2103,135.677,0.00,3.06,12.81,14.88,30.76,31.03,32.5,32.2,23.4,25.0,gstreamer_single
2104,135.721,0.00,4.24,11.89,19.35,35.48,35.85,28.2,27.9,23.3,25.0,gstreamer_single
2105,135.757,0.00,3.28,11.71,14.60,29.59,29.99,33.8,33.3,23.4,25.0,gstreamer_single
2106,135.798,0.00,3.06,10.89,14.66,28.61,28.89,34.9,34.6,23.3,25.0,gstreamer_single
2107,135.842,0.00,3.28,14.03,15.59,32.90,33.19,30.4,30.1,23.2,25.0,gstreamer_single
2108,135.883,0.00,3.34,14.40,15.51,33.25,33.57,30.1,29.8,23.1,25.0,gstreamer_single
2109,135.926,0.00,2.88,12.47,18.49,33.84,34.11,29.5,29.3,23.0,25.0,gstreamer_single
2110,135.964,0.00,3.20,11.41,16.98,31.59,31.87,31.7,31.4,23.1,25.0,gstreamer_single
2111,136.010,0.00,3.56,15.23,18.06,36.85,37.14,27.1,26.9,23.0,25.0,gstreamer_single
2112,136.050,0.00,3.13,10.66,18.60,32.40,32.92,30.9,30.4,22.9,25.0,gstreamer_single
2113,136.098,0.00,3.16,11.33,21.42,35.91,36.22,27.8,27.6,22.7,25.0,gstreamer_single
2114,136.139,0.00,3.30,10.90,19.82,34.01,34.28,29.4,29.2,22.8,25.0,gstreamer_single
2115,136.174,0.00,3.04,11.62,14.59,29.25,29.57,34.2,33.8,22.8,25.0,gstreamer_single
2116,136.226,0.00,3.09,14.46,22.00,39.56,39.93,25.3,25.0,22.7,25.0,gstreamer_single
2117,136.265,0.00,3.11,10.89,14.25,28.25,28.54,35.4,35.0,22.9,25.0,gstreamer_single
2118,136.305,0.00,3.24,10.86,14.65,28.75,29.03,34.8,34.4,23.0,25.0,gstreamer_single
2119,136.355,0.00,3.09,11.23,23.15,37.47,37.76,26.7,26.5,23.0,25.0,gstreamer_single
2120,136.396,0.00,3.48,10.98,23.22,37.68,38.07,26.5,26.3,23.0,25.0,gstreamer_single
2121,136.449,0.00,4.55,11.90,23.86,40.31,40.66,24.8,24.6,23.0,25.0,gstreamer_single
2122,136.504,0.00,4.17,11.24,36.83,52.24,52.61,19.1,19.0,23.1,25.0,gstreamer_single
2123,136.562,0.00,4.32,11.66,24.43,40.41,40.69,24.7,24.6,22.8,25.0,gstreamer_single
2124,136.609,0.00,3.28,10.88,22.17,36.33,36.60,27.5,27.3,22.6,25.0,gstreamer_single
2125,136.664,0.00,3.11,11.14,35.48,49.73,50.30,20.1,19.9,22.3,25.0,gstreamer_single
2126,136.704,0.00,3.20,10.85,14.48,28.53,28.85,35.1,34.7,22.3,25.0,gstreamer_single
2127,136.739,0.00,3.35,10.94,17.82,32.11,32.39,31.1,30.9,22.4,25.0,gstreamer_single
2128,136.777,0.00,3.35,10.84,15.29,29.48,29.99,33.9,33.3,22.6,25.0,gstreamer_single
2129,136.821,0.00,3.14,10.82,18.35,32.32,32.61,30.9,30.7,22.6,25.0,gstreamer_single
2130,136.858,0.00,3.16,11.08,14.50,28.73,29.15,34.8,34.3,23.0,25.0,gstreamer_single
2131,136.901,0.00,3.22,11.25,16.04,30.51,31.12,32.8,32.1,22.9,25.0,gstreamer_single
2132,136.950,0.00,3.50,12.75,14.82,31.07,31.37,32.2,31.9,22.8,25.0,gstreamer_single
2133,136.985,0.00,3.29,10.69,15.22,29.19,29.57,34.3,33.8,22.9,25.0,gstreamer_single
2134,137.018,0.00,3.45,11.72,14.72,29.89,30.18,33.5,33.1,23.0,25.0,gstreamer_single
2135,137.062,0.00,3.29,11.07,13.86,28.23,28.65,35.4,34.9,22.9,25.0,gstreamer_single
2136,137.094,0.00,2.91,11.06,14.45,28.43,28.68,35.2,34.9,23.2,25.0,gstreamer_single
2137,137.130,0.00,3.03,11.11,16.15,30.30,30.56,33.0,32.7,23.3,25.0,gstreamer_single
2138,137.174,0.00,3.14,15.60,15.32,34.06,34.33,29.4,29.1,23.2,25.0,gstreamer_single
2139,137.221,0.00,3.41,10.73,15.20,29.34,29.74,34.1,33.6,23.1,25.0,gstreamer_single
2140,137.257,0.00,3.15,11.07,14.96,29.18,29.49,34.3,33.9,23.2,25.0,gstreamer_single
2141,137.306,0.00,3.16,15.03,14.76,32.95,33.32,30.3,30.0,23.1,25.0,gstreamer_single
2142,137.341,0.00,3.47,11.30,15.65,30.41,30.72,32.9,32.6,23.3,25.0,gstreamer_single
2143,137.388,0.00,4.74,11.98,14.33,31.05,31.46,32.2,31.8,23.2,25.0,gstreamer_single
2144,137.423,0.00,3.44,11.36,16.61,31.42,32.06,31.8,31.2,23.2,25.0,gstreamer_single
2145,137.468,0.00,3.19,10.81,15.48,29.48,29.77,33.9,33.6,23.3,25.0,gstreamer_single
2146,137.503,0.00,3.37,10.63,15.14,29.13,29.41,34.3,34.0,23.4,25.0,gstreamer_single
2147,137.539,0.00,3.40,13.45,15.01,31.86,32.30,31.4,31.0,23.5,25.0,gstreamer_single
2148,137.576,0.00,2.88,11.54,15.52,29.94,30.18,33.4,33.1,23.8,25.0,gstreamer_single
2149,137.620,0.00,3.27,10.64,15.29,29.21,29.64,34.2,33.7,23.7,25.0,gstreamer_single
2150,137.669,0.00,3.37,15.62,14.42,33.41,33.81,29.9,29.6,23.8,25.0,gstreamer_single
2151,137.703,0.00,3.11,11.02,14.26,28.39,28.72,35.2,34.8,24.2,25.0,gstreamer_single
2152,137.739,0.00,3.69,13.16,15.43,32.28,32.59,31.0,30.7,24.6,25.0,gstreamer_single
2153,137.786,0.00,3.47,12.34,15.31,31.12,31.41,32.1,31.8,24.6,25.0,gstreamer_single
2154,137.839,0.00,3.74,11.74,24.93,40.41,40.69,24.7,24.6,24.7,25.0,gstreamer_single
2155,137.870,0.00,3.29,10.90,14.67,28.86,29.16,34.7,34.3,24.9,25.0,gstreamer_single
2156,137.915,0.00,3.87,11.32,16.18,31.38,31.66,31.9,31.6,24.7,25.0,gstreamer_single
2157,137.956,0.00,3.06,11.33,15.44,29.82,30.15,33.5,33.2,24.6,25.0,gstreamer_single
2158,137.996,0.00,3.13,11.15,15.07,29.35,29.66,34.1,33.7,24.7,25.0,gstreamer_single
2159,138.036,0.00,2.89,10.75,15.48,29.12,29.55,34.3,33.8,24.6,25.0,gstreamer_single
2160,138.069,0.00,3.23,11.02,15.13,29.38,29.73,34.0,33.6,24.8,25.0,gstreamer_single
2161,138.115,0.00,3.31,12.21,15.36,30.87,31.13,32.4,32.1,24.9,25.0,gstreamer_single
2162,138.151,0.00,3.21,11.20,15.00,29.42,29.70,34.0,33.7,24.9,25.0,gstreamer_single
2163,138.206,0.00,3.04,11.18,21.68,35.91,36.21,27.8,27.6,24.4,25.0,gstreamer_single
2164,138.245,0.00,3.26,15.37,15.58,34.22,34.60,29.2,28.9,24.5,25.0,gstreamer_single
2165,138.280,0.00,2.99,10.81,15.22,29.03,29.32,34.5,34.1,24.4,25.0,gstreamer_single
2166,138.331,0.00,3.09,25.66,19.35,48.10,48.37,20.8,20.7,24.1,25.0,gstreamer_single
2167,138.363,0.00,2.89,10.72,14.80,28.41,28.68,35.2,34.9,24.4,25.0,gstreamer_single
2168,138.406,0.00,2.85,11.27,16.49,30.61,30.94,32.7,32.3,24.5,25.0,gstreamer_single
2169,138.461,0.00,3.06,11.00,30.30,44.36,44.81,22.5,22.3,24.1,25.0,gstreamer_single
2170,138.505,0.00,3.46,13.97,21.66,39.08,39.35,25.6,25.4,24.2,25.0,gstreamer_single
2171,138.549,0.00,3.41,12.85,15.77,32.02,32.32,31.2,30.9,24.0,25.0,gstreamer_single
2172,138.587,0.00,3.24,11.38,14.32,28.94,29.35,34.6,34.1,24.2,25.0,gstreamer_single
2173,138.632,0.00,3.46,11.14,16.25,30.86,31.12,32.4,32.1,24.0,25.0,gstreamer_single
2174,138.664,0.00,3.12,10.92,14.35,28.39,28.69,35.2,34.9,24.2,25.0,gstreamer_single
2175,138.710,0.00,3.11,10.75,22.14,36.00,36.28,27.8,27.6,24.0,25.0,gstreamer_single
2176,138.761,0.00,3.84,11.66,23.96,39.45,39.71,25.4,25.2,23.7,25.0,gstreamer_single
2177,138.793,0.00,3.33,11.00,14.35,28.69,29.02,34.9,34.5,23.8,25.0,gstreamer_single
2178,138.825,0.00,3.42,11.01,14.79,29.22,29.76,34.2,33.6,24.1,25.0,gstreamer_single
2179,138.869,0.00,3.30,10.87,14.18,28.35,28.66,35.3,34.9,24.2,25.0,gstreamer_single
2180,138.909,0.00,3.20,10.91,14.25,28.35,28.66,35.3,34.9,24.1,25.0,gstreamer_single
2181,138.951,0.00,3.37,11.08,17.37,31.83,32.16,31.4,31.1,23.9,25.0,gstreamer_single
2182,139.000,0.00,4.22,11.11,15.49,30.81,31.38,32.5,31.9,23.9,25.0,gstreamer_single
2183,139.038,0.00,4.59,11.28,15.54,31.41,31.80,31.8,31.4,24.2,25.0,gstreamer_single
2184,139.075,0.00,3.28,11.01,14.28,28.57,29.05,35.0,34.4,24.1,25.0,gstreamer_single
2185,139.121,0.00,3.11,10.69,16.70,30.49,30.81,32.8,32.5,24.1,25.0,gstreamer_single
2186,139.164,0.00,2.81,13.59,16.66,33.06,33.39,30.2,29.9,24.0,25.0,gstreamer_single
2187,139.209,0.00,3.33,11.77,25.90,41.01,41.78,24.4,23.9,23.9,25.0,gstreamer_single
2188,139.247,0.00,3.46,11.55,19.12,34.13,34.39,29.3,29.1,23.9,25.0,gstreamer_single
2189,139.286,0.00,3.09,10.82,15.73,29.64,30.01,33.7,33.3,23.8,25.0,gstreamer_single
2190,139.329,0.00,3.14,11.08,16.81,31.03,31.31,32.2,31.9,23.9,25.0,gstreamer_single
2191,139.366,0.00,3.42,11.52,15.44,30.39,30.72,32.9,32.6,23.9,25.0,gstreamer_single
2192,139.417,0.00,2.89,15.82,14.65,33.36,33.66,30.0,29.7,23.9,25.0,gstreamer_single
2193,139.461,0.00,3.78,11.00,15.04,29.83,30.30,33.5,33.0,23.9,25.0,gstreamer_single
2194,139.503,0.00,4.35,14.23,14.60,33.19,33.76,30.1,29.6,23.7,25.0,gstreamer_single
2195,139.543,0.00,2.86,11.12,18.13,32.11,32.61,31.1,30.7,23.9,25.0,gstreamer_single
2196,139.580,0.00,3.15,11.53,14.52,29.20,29.51,34.2,33.9,23.8,25.0,gstreamer_single
2197,139.627,0.00,3.21,19.74,14.31,37.27,37.52,26.8,26.7,23.7,25.0,gstreamer_single
2198,139.667,0.00,3.46,11.09,13.87,28.42,28.86,35.2,34.7,24.0,25.0,gstreamer_single
2199,139.708,0.00,4.37,11.06,14.30,29.73,30.20,33.6,33.1,24.1,25.0,gstreamer_single
2200,139.749,0.00,3.16,11.31,15.02,29.49,29.81,33.9,33.5,24.2,25.0,gstreamer_single
2201,139.786,0.00,3.38,11.11,14.63,29.12,29.80,34.3,33.6,24.2,25.0,gstreamer_single
2202,139.828,0.00,2.98,10.79,14.28,28.06,28.33,35.6,35.3,24.2,25.0,gstreamer_single
2203,139.865,0.00,4.28,11.20,14.12,29.61,30.01,33.8,33.3,24.2,25.0,gstreamer_single
2204,139.904,0.00,3.03,10.92,14.46,28.40,28.71,35.2,34.8,24.3,25.0,gstreamer_single
2205,139.945,0.00,3.15,10.74,14.85,28.74,29.02,34.8,34.5,24.5,25.0,gstreamer_single
2206,139.981,0.00,3.31,11.39,18.28,32.98,33.34,30.3,30.0,24.4,25.0,gstreamer_single
2207,140.031,0.00,3.28,11.58,28.05,42.91,43.21,23.3,23.1,24.0,25.0,gstreamer_single
2208,140.067,0.00,3.12,10.96,14.37,28.46,28.72,35.1,34.8,24.2,25.0,gstreamer_single
2209,140.108,0.00,3.66,11.58,14.09,29.33,29.87,34.1,33.5,24.2,25.0,gstreamer_single
2210,140.157,0.00,3.06,11.62,18.65,33.33,33.87,30.0,29.5,24.1,25.0,gstreamer_single
2211,140.195,0.00,3.81,12.03,15.22,31.05,31.47,32.2,31.8,24.3,25.0,gstreamer_single
2212,140.245,0.00,3.54,14.61,15.28,33.43,33.93,29.9,29.5,24.0,25.0,gstreamer_single
2213,140.279,0.00,3.10,11.74,14.32,29.16,29.47,34.3,33.9,24.1,25.0,gstreamer_single
2214,140.323,0.00,3.77,12.36,16.24,32.37,32.72,30.9,30.6,24.1,25.0,gstreamer_single
2215,140.364,0.00,3.32,12.06,15.92,31.31,31.61,31.9,31.6,24.2,25.0,gstreamer_single
2216,140.407,0.00,3.09,11.75,18.90,33.75,34.02,29.6,29.4,24.2,25.0,gstreamer_single
2217,140.459,0.00,3.01,11.62,29.39,44.02,44.34,22.7,22.6,23.9,25.0,gstreamer_single
2218,140.500,0.00,3.32,11.94,17.97,33.23,33.68,30.1,29.7,23.9,25.0,gstreamer_single
2219,140.540,0.00,3.26,14.13,16.20,33.59,33.89,29.8,29.5,24.0,25.0,gstreamer_single
2220,140.577,0.00,3.22,11.03,14.31,28.56,28.99,35.0,34.5,23.9,25.0,gstreamer_single
2221,140.622,0.00,3.24,13.93,15.56,32.73,33.13,30.6,30.2,24.1,25.0,gstreamer_single
2222,140.665,0.00,3.05,10.73,15.50,29.27,29.59,34.2,33.8,24.1,25.0,gstreamer_single
2223,140.702,0.00,3.29,11.03,14.05,28.37,28.65,35.2,34.9,24.2,25.0,gstreamer_single
2224,140.738,0.00,3.15,10.87,15.42,29.44,29.70,34.0,33.7,24.3,25.0,gstreamer_single
2225,140.792,0.00,3.97,11.04,21.86,36.87,37.40,27.1,26.7,23.9,25.0,gstreamer_single
2226,140.827,0.00,3.33,12.73,14.52,30.57,30.86,32.7,32.4,24.2,25.0,gstreamer_single
2227,140.868,0.00,3.20,12.37,14.56,30.12,30.67,33.2,32.6,24.2,25.0,gstreamer_single
2228,140.910,0.00,3.17,13.05,14.43,30.65,30.91,32.6,32.4,24.1,25.0,gstreamer_single
2229,140.951,0.00,3.38,10.78,14.23,28.39,28.76,35.2,34.8,24.1,25.0,gstreamer_single
2230,140.991,0.00,3.27,11.10,14.03,28.39,28.67,35.2,34.9,24.1,25.0,gstreamer_single
2231,141.037,0.00,3.26,11.33,18.50,33.09,33.36,30.2,30.0,24.0,25.0,gstreamer_single
2232,141.075,0.00,3.38,11.16,15.21,29.75,30.01,33.6,33.3,24.0,25.0,gstreamer_single
2233,141.123,0.00,4.87,11.34,16.82,33.03,33.54,30.3,29.8,23.8,25.0,gstreamer_single
2234,141.162,0.00,3.53,10.77,17.69,31.99,32.27,31.3,31.0,23.8,25.0,gstreamer_single
2235,141.197,0.00,2.95,10.78,14.55,28.28,28.72,35.4,34.8,23.9,25.0,gstreamer_single
2236,141.229,0.00,3.08,10.99,14.39,28.46,28.81,35.1,34.7,24.2,25.0,gstreamer_single
2237,141.274,0.00,3.49,10.86,25.70,40.05,40.44,25.0,24.7,24.0,25.0,gstreamer_single
2238,141.321,0.00,3.17,10.51,16.58,30.26,30.61,33.0,32.7,23.9,25.0,gstreamer_single
2239,141.367,0.00,2.96,11.23,20.70,34.89,35.24,28.7,28.4,24.0,25.0,gstreamer_single
2240,141.405,0.00,2.89,11.36,17.50,31.75,32.19,31.5,31.1,24.0,25.0,gstreamer_single
2241,141.466,0.00,4.54,15.23,31.93,51.69,52.12,19.3,19.2,23.8,25.0,gstreamer_single
2242,141.514,0.00,4.38,11.97,25.43,41.78,42.06,23.9,23.8,23.5,25.0,gstreamer_single
2243,141.557,0.00,3.27,11.17,16.91,31.34,31.65,31.9,31.6,23.5,25.0,gstreamer_single
2244,141.598,0.00,4.28,11.86,14.43,30.57,31.09,32.7,32.2,23.5,25.0,gstreamer_single
2245,141.638,0.00,3.90,11.16,21.67,36.73,37.34,27.2,26.8,23.6,25.0,gstreamer_single
2246,141.678,0.00,2.97,11.15,15.76,29.88,30.18,33.5,33.1,23.8,25.0,gstreamer_single
2247,141.712,0.00,3.15,10.92,14.99,29.06,29.49,34.4,33.9,23.9,25.0,gstreamer_single
2248,141.761,0.00,3.22,14.74,18.67,36.63,36.91,27.3,27.1,23.7,25.0,gstreamer_single
2249,141.800,0.00,3.25,10.83,21.08,35.17,35.40,28.4,28.3,23.7,25.0,gstreamer_single
2250,141.837,0.00,4.49,11.45,14.93,30.87,31.21,32.4,32.0,23.9,25.0,gstreamer_single
2251,141.879,0.00,3.77,11.11,15.40,30.29,30.68,33.0,32.6,23.9,25.0,gstreamer_single
2252,141.922,0.00,3.47,11.11,18.22,32.80,33.13,30.5,30.2,23.8,25.0,gstreamer_single
2253,141.957,0.00,3.03,11.11,14.90,29.05,29.38,34.4,34.0,23.8,25.0,gstreamer_single
2254,142.018,0.00,2.85,10.80,36.32,49.98,50.43,20.0,19.8,23.6,25.0,gstreamer_single
2255,142.060,0.00,3.22,11.20,16.37,30.79,31.06,32.5,32.2,23.5,25.0,gstreamer_single
2256,142.104,0.00,4.39,11.27,16.56,32.21,32.62,31.0,30.7,23.5,25.0,gstreamer_single
2257,142.142,0.00,4.53,11.26,14.82,30.62,31.02,32.7,32.2,23.5,25.0,gstreamer_single
2258,142.186,0.00,3.85,11.22,15.97,31.04,31.31,32.2,31.9,23.5,25.0,gstreamer_single
2259,142.229,0.00,4.42,11.42,14.24,30.08,30.47,33.2,32.8,23.4,25.0,gstreamer_single
2260,142.271,0.00,4.37,11.48,14.72,30.57,30.98,32.7,32.3,23.5,25.0,gstreamer_single
2261,142.308,0.00,3.10,15.31,14.48,32.89,33.20,30.4,30.1,23.5,25.0,gstreamer_single
2262,142.349,0.00,3.26,11.22,15.51,29.99,30.32,33.3,33.0,23.6,25.0,gstreamer_single
2263,142.392,0.00,3.04,10.74,26.67,40.45,40.76,24.7,24.5,23.6,25.0,gstreamer_single
2264,142.430,0.00,2.93,10.74,14.51,28.19,28.67,35.5,34.9,23.5,25.0,gstreamer_single
2265,142.470,0.00,3.22,13.84,19.46,36.52,37.05,27.4,27.0,23.4,25.0,gstreamer_single
2266,142.502,0.00,3.40,10.77,14.66,28.83,29.36,34.7,34.1,23.6,25.0,gstreamer_single
2267,142.549,0.00,3.02,11.30,14.63,28.96,29.24,34.5,34.2,23.6,25.0,gstreamer_single
2268,142.597,0.00,2.98,17.73,16.57,37.28,37.57,26.8,26.6,23.6,25.0,gstreamer_single
2269,142.630,0.00,3.24,10.92,15.35,29.50,29.74,33.9,33.6,23.7,25.0,gstreamer_single
2270,142.670,0.00,3.30,14.48,15.38,33.16,33.47,30.2,29.9,24.1,25.0,gstreamer_single
2271,142.719,0.00,4.47,13.59,15.46,33.52,33.80,29.8,29.6,24.1,25.0,gstreamer_single
2272,142.766,0.00,2.96,11.02,19.21,33.19,33.45,30.1,29.9,24.0,25.0,gstreamer_single
2273,142.803,0.00,3.33,10.90,16.46,30.69,31.21,32.6,32.0,24.1,25.0,gstreamer_single
2274,142.838,0.00,3.09,10.66,14.69,28.45,28.76,35.2,34.8,24.2,25.0,gstreamer_single
2275,142.878,0.00,3.17,11.25,13.94,28.36,28.62,35.3,34.9,24.2,25.0,gstreamer_single
2276,142.918,0.00,4.28,11.72,20.32,36.32,36.84,27.5,27.1,24.1,25.0,gstreamer_single
2277,142.952,0.00,3.84,11.36,15.22,30.42,30.75,32.9,32.5,24.3,25.0,gstreamer_single
2278,142.995,0.00,3.67,11.37,14.55,29.59,29.94,33.8,33.4,24.3,25.0,gstreamer_single
2279,143.036,0.00,3.66,10.93,15.73,30.32,30.71,33.0,32.6,24.2,25.0,gstreamer_single
2280,143.079,0.00,3.15,11.06,14.58,28.79,29.06,34.7,34.4,24.2,25.0,gstreamer_single
2281,143.114,0.00,3.23,11.10,15.63,29.96,30.27,33.4,33.0,24.3,25.0,gstreamer_single
2282,143.149,0.00,3.04,13.03,15.02,31.09,31.35,32.2,31.9,24.3,25.0,gstreamer_single
2283,143.194,0.00,3.21,10.97,15.01,29.20,29.48,34.3,33.9,24.7,25.0,gstreamer_single
2284,143.228,0.00,4.50,12.45,13.68,30.62,31.51,32.7,31.7,24.8,25.0,gstreamer_single
2285,143.278,0.00,3.45,10.65,20.16,34.25,34.61,29.2,28.9,24.7,25.0,gstreamer_single
2286,143.315,0.00,3.30,11.25,14.91,29.47,29.97,33.9,33.4,24.7,25.0,gstreamer_single
2287,143.349,0.00,3.28,11.04,14.79,29.10,29.39,34.4,34.0,24.9,25.0,gstreamer_single
2288,143.380,0.00,3.17,10.93,14.71,28.81,29.11,34.7,34.4,25.2,25.0,gstreamer_single
2289,143.420,0.00,2.97,10.50,16.02,29.50,29.76,33.9,33.6,25.2,25.0,gstreamer_single
2290,143.468,0.00,3.62,11.95,14.95,30.53,31.03,32.8,32.2,25.0,25.0,gstreamer_single
2291,143.519,0.00,3.30,12.59,19.32,35.21,35.54,28.4,28.1,24.8,25.0,gstreamer_single
2292,143.572,0.00,3.04,11.33,26.18,40.55,40.86,24.7,24.5,24.6,25.0,gstreamer_single
2293,143.611,0.00,2.84,10.71,16.62,30.17,30.66,33.1,32.6,24.5,25.0,gstreamer_single
2294,143.651,0.00,2.96,10.57,15.60,29.12,29.41,34.3,34.0,24.6,25.0,gstreamer_single
2295,143.717,0.00,4.16,11.55,38.78,54.49,54.96,18.4,18.2,23.9,25.0,gstreamer_single
2296,143.771,0.00,3.81,13.94,16.85,34.60,35.07,28.9,28.5,23.7,25.0,gstreamer_single
2297,143.818,0.00,3.11,14.84,17.50,35.45,35.75,28.2,28.0,23.8,25.0,gstreamer_single
2298,143.857,0.00,2.95,11.07,14.34,28.36,28.68,35.3,34.9,23.7,25.0,gstreamer_single
2299,143.899,0.00,3.27,11.11,17.21,31.59,32.04,31.7,31.2,23.6,25.0,gstreamer_single
2300,143.937,0.00,2.98,11.15,14.35,28.48,28.78,35.1,34.7,23.8,25.0,gstreamer_single
2301,143.986,0.00,3.76,11.32,20.39,35.47,36.00,28.2,27.8,23.8,25.0,gstreamer_single
2302,144.021,0.00,4.63,11.60,14.44,30.66,30.95,32.6,32.3,23.8,25.0,gstreamer_single
2303,144.056,0.00,3.11,10.75,13.93,27.79,28.06,36.0,35.6,23.8,25.0,gstreamer_single
2304,144.089,0.00,3.19,11.03,15.62,29.84,30.15,33.5,33.2,24.0,25.0,gstreamer_single
2305,144.132,0.00,3.03,12.34,18.62,33.99,34.26,29.4,29.2,23.9,25.0,gstreamer_single
2306,144.175,0.00,4.56,13.84,17.47,35.87,36.28,27.9,27.6,23.7,25.0,gstreamer_single
2307,144.211,0.00,3.42,12.18,15.21,30.80,31.26,32.5,32.0,23.9,25.0,gstreamer_single
2308,144.255,0.00,3.11,18.12,13.87,35.09,35.41,28.5,28.2,23.8,25.0,gstreamer_single
2309,144.300,0.00,3.55,11.39,14.37,29.30,29.56,34.1,33.8,23.8,25.0,gstreamer_single
2310,144.342,0.00,3.06,10.71,22.21,35.98,36.26,27.8,27.6,23.6,25.0,gstreamer_single
2311,144.378,0.00,3.58,11.00,15.48,30.06,30.58,33.3,32.7,23.6,25.0,gstreamer_single
2312,144.435,0.00,3.05,10.69,26.36,40.10,40.40,24.9,24.8,23.4,25.0,gstreamer_single
2313,144.477,0.00,3.19,11.01,22.44,36.63,37.12,27.3,26.9,23.2,25.0,gstreamer_single
2314,144.518,0.00,4.45,15.88,14.90,35.22,35.74,28.4,28.0,23.4,25.0,gstreamer_single
2315,144.552,0.00,3.27,11.15,14.07,28.49,28.78,35.1,34.7,23.5,25.0,gstreamer_single
2316,144.601,0.00,2.98,18.28,14.71,35.97,36.27,27.8,27.6,23.2,25.0,gstreamer_single
2317,144.634,0.00,3.15,10.74,14.30,28.19,28.67,35.5,34.9,23.1,25.0,gstreamer_single
2318,144.675,0.00,4.45,11.24,14.63,30.31,30.81,33.0,32.5,23.1,25.0,gstreamer_single
2319,144.714,0.00,3.12,10.77,13.93,27.82,28.24,35.9,35.4,23.3,25.0,gstreamer_single
2320,144.749,0.00,4.32,12.60,15.37,32.29,32.62,31.0,30.7,23.6,25.0,gstreamer_single
2321,144.786,0.00,3.58,11.44,14.89,29.91,30.23,33.4,33.1,23.9,25.0,gstreamer_single
2322,144.831,0.00,3.10,10.77,15.66,29.54,29.91,33.9,33.4,23.8,25.0,gstreamer_single
2323,144.882,0.00,3.22,16.38,13.89,33.49,33.74,29.9,29.6,23.6,25.0,gstreamer_single
2324,144.921,0.00,3.42,10.95,14.96,29.33,29.61,34.1,33.8,24.1,25.0,gstreamer_single
2325,144.965,0.00,3.01,10.95,17.87,31.84,32.28,31.4,31.0,24.3,25.0,gstreamer_single
2326,145.003,0.00,3.40,11.19,15.03,29.62,29.93,33.8,33.4,24.5,25.0,gstreamer_single
2327,145.049,0.00,3.32,15.42,15.59,34.33,34.63,29.1,28.9,24.3,25.0,gstreamer_single
2328,145.096,0.00,3.12,10.94,27.22,41.28,41.56,24.2,24.1,24.2,25.0,gstreamer_single
2329,145.135,0.00,3.07,11.46,16.05,30.58,30.87,32.7,32.4,24.2,25.0,gstreamer_single
2330,145.179,0.00,3.53,12.05,17.22,32.80,33.28,30.5,30.0,24.3,25.0,gstreamer_single
2331,145.219,0.00,3.49,11.89,17.26,32.64,33.16,30.6,30.2,24.2,25.0,gstreamer_single
2332,145.264,0.00,3.06,11.78,15.92,30.77,31.13,32.5,32.1,24.0,25.0,gstreamer_single
2333,145.307,0.00,3.05,11.55,21.09,35.69,35.99,28.0,27.8,23.8,25.0,gstreamer_single
2334,145.349,0.00,3.24,14.28,14.68,32.20,32.46,31.1,30.8,23.8,25.0,gstreamer_single
2335,145.390,0.00,3.05,11.49,14.21,28.76,29.04,34.8,34.4,23.9,25.0,gstreamer_single
2336,145.432,0.00,3.19,13.36,13.98,30.53,30.81,32.8,32.5,23.7,25.0,gstreamer_single
2337,145.473,0.00,3.03,12.40,14.49,29.92,30.28,33.4,33.0,23.8,25.0,gstreamer_single
2338,145.519,0.00,3.31,11.38,19.84,34.53,34.80,29.0,28.7,23.8,25.0,gstreamer_single
2339,145.554,0.00,3.31,11.22,14.55,29.08,29.39,34.4,34.0,23.9,25.0,gstreamer_single
2340,145.593,0.00,2.88,12.09,13.81,28.79,29.19,34.7,34.3,23.9,25.0,gstreamer_single
2341,145.634,0.00,3.20,10.75,14.78,28.73,29.04,34.8,34.4,24.2,25.0,gstreamer_single
2342,145.672,0.00,3.19,10.62,14.50,28.30,28.57,35.3,35.0,24.3,25.0,gstreamer_single
2343,145.721,0.00,3.08,12.36,16.79,32.23,32.54,31.0,30.7,24.1,25.0,gstreamer_single
2344,145.765,0.00,3.44,11.65,17.99,33.08,33.38,30.2,30.0,23.9,25.0,gstreamer_single
2345,145.807,0.00,3.36,11.28,19.59,34.23,34.67,29.2,28.8,24.0,25.0,gstreamer_single
2346,145.848,0.00,3.63,14.61,14.46,32.69,32.96,30.6,30.3,23.9,25.0,gstreamer_single
2347,145.891,0.00,3.37,11.04,13.87,28.29,28.58,35.3,35.0,23.8,25.0,gstreamer_single
2348,145.930,0.00,3.20,12.12,16.55,31.87,32.14,31.4,31.1,23.8,25.0,gstreamer_single
2349,145.969,0.00,2.79,10.89,15.22,28.89,29.32,34.6,34.1,23.8,25.0,gstreamer_single
2350,146.010,0.00,3.28,11.24,14.56,29.08,29.38,34.4,34.0,23.7,25.0,gstreamer_single
2351,146.057,0.00,3.95,13.66,16.58,34.19,34.53,29.2,29.0,23.7,25.0,gstreamer_single
2352,146.096,0.00,3.08,10.63,16.48,30.19,30.54,33.1,32.7,23.9,25.0,gstreamer_single
2353,146.141,0.00,3.18,11.23,14.93,29.34,29.63,34.1,33.7,23.8,25.0,gstreamer_single
2354,146.172,0.00,3.21,11.25,14.20,28.66,28.95,34.9,34.5,24.0,25.0,gstreamer_single
2355,146.228,0.00,3.48,14.48,27.38,45.35,45.74,22.1,21.9,23.7,25.0,gstreamer_single
2356,146.263,0.00,3.66,11.26,15.13,30.05,30.58,33.3,32.7,23.9,25.0,gstreamer_single
2357,146.303,0.00,3.47,11.32,14.44,29.24,29.54,34.2,33.8,24.0,25.0,gstreamer_single
2358,146.343,0.00,3.50,10.82,13.83,28.16,28.58,35.5,35.0,24.0,25.0,gstreamer_single
2359,146.392,0.00,3.43,11.81,21.35,36.58,37.01,27.3,27.0,23.9,25.0,gstreamer_single
2360,146.434,0.00,3.67,13.42,19.94,37.04,37.29,27.0,26.8,23.9,25.0,gstreamer_single
2361,146.495,0.00,3.78,12.50,31.96,48.25,48.49,20.7,20.6,23.6,25.0,gstreamer_single
2362,146.540,0.00,3.78,10.96,18.34,33.08,33.39,30.2,30.0,23.5,25.0,gstreamer_single
2363,146.576,0.00,3.20,10.87,14.03,28.10,28.43,35.6,35.2,23.6,25.0,gstreamer_single
2364,146.615,0.00,3.19,10.84,21.18,35.20,35.50,28.4,28.2,23.7,25.0,gstreamer_single
2365,146.649,0.00,2.96,10.93,15.33,29.22,29.67,34.2,33.7,23.8,25.0,gstreamer_single
2366,146.686,0.00,3.11,10.66,15.47,29.24,29.58,34.2,33.8,23.9,25.0,gstreamer_single
2367,146.724,0.00,3.22,11.02,15.97,30.22,30.50,33.1,32.8,24.1,25.0,gstreamer_single
2368,146.765,0.00,2.92,10.71,16.64,30.27,30.58,33.0,32.7,23.9,25.0,gstreamer_single
2369,146.810,0.00,3.24,10.93,21.40,35.56,35.97,28.1,27.8,23.8,25.0,gstreamer_single
2370,146.855,0.00,3.13,14.58,21.49,39.19,39.54,25.5,25.3,23.7,25.0,gstreamer_single
2371,146.900,0.00,3.32,14.56,15.23,33.11,33.48,30.2,29.9,23.6,25.0,gstreamer_single
2372,146.948,0.00,3.24,14.92,14.17,32.33,32.91,30.9,30.4,23.6,25.0,gstreamer_single
2373,146.983,0.00,3.31,10.72,14.12,28.14,28.43,35.5,35.2,23.8,25.0,gstreamer_single
2374,147.024,0.00,3.31,11.00,15.22,29.53,29.87,33.9,33.5,23.8,25.0,gstreamer_single
2375,147.059,0.00,3.71,12.04,15.66,31.41,31.70,31.8,31.5,23.9,25.0,gstreamer_single
2376,147.109,0.00,3.30,12.26,14.92,30.48,30.75,32.8,32.5,23.8,25.0,gstreamer_single
2377,147.141,0.00,3.40,10.84,13.90,28.14,28.41,35.5,35.2,23.9,25.0,gstreamer_single
2378,147.182,0.00,3.04,10.80,14.09,27.93,28.40,35.8,35.2,23.9,25.0,gstreamer_single
2379,147.213,0.00,3.16,10.81,14.44,28.42,28.82,35.2,34.7,24.1,25.0,gstreamer_single
2380,147.254,0.00,3.49,11.53,18.01,33.04,33.31,30.3,30.0,24.2,25.0,gstreamer_single
2381,147.304,0.00,3.12,13.68,16.96,33.76,34.19,29.6,29.2,24.0,25.0,gstreamer_single
2382,147.349,0.00,3.39,11.46,14.98,29.83,30.13,33.5,33.2,24.0,25.0,gstreamer_single
2383,147.390,0.00,3.23,11.25,19.19,33.67,34.04,29.7,29.4,23.8,25.0,gstreamer_single
2384,147.430,0.00,3.23,12.06,16.36,31.65,31.95,31.6,31.3,24.1,25.0,gstreamer_single
2385,147.469,0.00,3.12,13.21,14.30,30.63,30.90,32.6,32.4,24.1,25.0,gstreamer_single
2386,147.540,0.00,3.52,15.84,36.36,55.71,56.00,17.9,17.9,23.4,25.0,gstreamer_single
2387,147.598,0.00,4.28,11.74,31.79,47.80,48.26,20.9,20.7,23.1,25.0,gstreamer_single
2388,147.630,0.00,3.15,11.08,13.87,28.09,28.38,35.6,35.2,23.4,25.0,gstreamer_single
