frame_id,timestamp_s,decode_ms,preprocess_ms,inference_ms,postprocess_ms,ai_total_ms,pipeline_total_ms,ai_fps,pipeline_fps,display_fps,video_source_fps,method
1,-0.482,26.06,4.71,438.78,12.84,456.32,482.39,2.2,2.1,0.0,25.0,opencv
2,0.059,3.50,2.65,18.43,13.67,34.76,38.26,28.8,26.1,10.2,25.0,opencv
3,0.103,3.39,2.74,11.31,13.51,27.56,30.96,36.3,32.3,15.0,25.0,opencv
4,0.145,3.55,3.02,11.33,14.33,28.68,32.24,34.9,31.0,16.9,25.0,opencv
5,0.183,4.00,3.02,11.44,13.59,28.05,32.06,35.7,31.2,18.6,25.0,opencv
6,0.226,3.21,2.47,11.05,13.88,27.40,30.62,36.5,32.7,19.5,25.0,opencv
7,0.261,3.32,2.74,11.09,14.27,28.10,31.43,35.6,31.8,20.5,25.0,opencv
8,0.298,4.06,2.65,11.42,14.69,28.76,32.83,34.8,30.5,21.1,25.0,opencv
9,0.338,3.41,2.58,10.82,13.71,27.10,30.51,36.9,32.8,21.7,25.0,opencv
10,0.379,3.40,2.74,11.07,13.38,27.19,30.60,36.8,32.7,22.0,25.0,opencv
11,0.420,3.69,2.41,10.92,14.15,27.48,31.18,36.4,32.1,22.1,25.0,opencv
12,0.459,3.58,2.63,11.54,14.07,28.24,31.82,35.4,31.4,22.4,25.0,opencv
13,0.497,3.61,2.55,10.64,13.73,26.92,30.54,37.1,32.7,22.7,25.0,opencv
14,0.539,3.76,2.60,10.83,14.33,27.76,31.53,36.0,31.7,22.8,25.0,opencv
15,0.580,3.97,2.92,11.04,14.31,28.27,32.24,35.4,31.0,22.9,25.0,opencv
16,0.622,3.13,2.56,10.90,13.64,27.11,30.24,36.9,33.1,23.0,25.0,opencv
17,0.657,3.51,2.33,10.76,13.89,26.98,30.50,37.1,32.8,23.3,25.0,opencv
18,0.699,4.00,2.43,11.08,13.69,27.20,31.21,36.8,32.0,23.3,25.0,opencv
19,0.742,3.28,2.43,11.20,14.06,27.69,30.98,36.1,32.3,23.3,25.0,opencv
20,0.781,4.20,2.41,11.12,13.89,27.43,31.64,36.5,31.6,23.4,25.0,opencv
21,0.822,3.82,2.40,11.16,14.70,28.26,32.09,35.4,31.2,23.4,25.0,opencv
22,0.860,3.22,2.67,11.13,14.54,28.33,31.56,35.3,31.7,23.6,25.0,opencv
23,0.894,3.33,2.61,11.16,14.38,28.15,31.49,35.5,31.8,23.8,25.0,opencv
24,0.929,3.36,2.89,11.06,14.61,28.56,31.92,35.0,31.3,23.9,25.0,opencv
25,0.970,3.44,2.55,10.77,14.86,28.17,31.62,35.5,31.6,24.0,25.0,opencv
26,1.005,3.30,2.42,10.97,15.53,28.92,32.22,34.6,31.0,24.1,25.0,opencv
27,1.040,3.37,2.93,11.25,14.65,28.83,32.21,34.7,31.0,24.2,25.0,opencv
28,1.081,3.44,2.81,10.96,14.34,28.11,31.56,35.6,31.7,24.3,25.0,opencv
29,1.127,3.46,2.62,11.77,14.64,29.03,32.49,34.5,30.8,24.2,25.0,opencv
30,1.169,3.63,2.33,11.08,14.58,27.99,31.63,35.7,31.6,24.1,25.0,opencv
31,1.112,3.41,2.83,11.19,14.61,28.63,32.05,34.9,31.2,25.3,25.0,opencv
32,1.115,3.50,2.44,10.86,14.19,27.50,31.00,36.4,32.3,25.3,25.0,opencv
33,1.115,3.15,2.43,10.98,14.32,27.73,30.88,36.1,32.4,25.3,25.0,opencv
34,1.116,3.52,2.95,10.83,13.93,27.71,31.24,36.1,32.0,25.3,25.0,opencv
35,1.119,3.38,2.64,11.01,14.32,27.97,31.36,35.7,31.9,25.2,25.0,opencv
36,1.119,3.36,2.46,10.92,14.05,27.43,30.80,36.5,32.5,25.2,25.0,opencv
37,1.121,3.78,2.49,10.95,13.77,27.22,31.00,36.7,32.3,25.2,25.0,opencv
38,1.123,3.26,2.49,11.31,14.35,28.15,31.41,35.5,31.8,25.1,25.0,opencv
39,1.123,3.50,2.68,10.96,14.14,27.79,31.29,36.0,32.0,25.1,25.0,opencv
40,1.122,3.20,2.57,10.94,14.57,28.08,31.29,35.6,32.0,25.2,25.0,opencv
41,1.124,4.35,2.51,10.96,14.07,27.54,31.89,36.3,31.4,25.1,25.0,opencv
42,1.123,3.82,2.55,11.16,14.32,28.03,31.86,35.7,31.4,25.1,25.0,opencv
43,1.122,3.13,2.43,11.12,14.35,27.90,31.04,35.8,32.2,25.1,25.0,opencv
44,1.118,3.46,2.64,11.45,14.09,28.18,31.65,35.5,31.6,25.2,25.0,opencv
45,1.120,3.14,2.28,11.14,14.22,27.65,30.80,36.2,32.5,25.2,25.0,opencv
46,1.125,3.23,2.69,10.99,15.38,29.06,32.29,34.4,31.0,25.1,25.0,opencv
47,1.121,3.92,2.53,10.94,14.39,27.86,31.78,35.9,31.5,25.2,25.0,opencv
48,1.119,3.61,2.32,11.08,14.08,27.48,31.10,36.4,32.2,25.2,25.0,opencv
49,1.118,3.59,3.10,11.02,14.17,28.29,31.89,35.3,31.4,25.2,25.0,opencv
50,1.111,3.44,2.34,11.11,14.48,27.93,31.38,35.8,31.9,25.4,25.0,opencv
51,1.108,3.42,2.48,10.91,14.49,27.88,31.31,35.9,31.9,25.5,25.0,opencv
52,1.109,3.22,2.37,10.68,13.54,26.58,29.81,37.6,33.6,25.5,25.0,opencv
53,1.119,3.78,2.55,11.45,13.92,27.92,31.71,35.8,31.5,25.2,25.0,opencv
54,1.120,3.14,2.30,10.79,13.97,27.06,30.21,37.0,33.1,25.2,25.0,opencv
55,1.125,3.48,2.99,11.32,14.35,28.66,32.15,34.9,31.1,25.1,25.0,opencv
56,1.138,3.34,2.88,10.97,14.11,27.95,31.30,35.8,31.9,24.8,25.0,opencv
57,1.139,3.81,2.35,11.30,14.33,27.98,31.79,35.7,31.5,24.8,25.0,opencv
58,1.133,3.40,2.64,11.45,14.30,28.40,31.80,35.2,31.4,24.9,25.0,opencv
59,1.133,3.57,2.56,11.07,14.26,27.88,31.45,35.9,31.8,24.9,25.0,opencv
60,1.133,3.26,2.49,11.06,14.34,27.89,31.16,35.9,32.1,24.9,25.0,opencv
61,1.136,3.31,2.92,10.94,13.93,27.79,31.11,36.0,32.1,24.9,25.0,opencv
62,1.626,3.48,2.39,10.87,13.44,26.70,30.18,37.5,33.1,17.5,25.0,opencv
63,1.628,3.49,2.52,11.34,13.32,27.18,30.68,36.8,32.6,17.5,25.0,opencv
64,1.622,3.49,2.61,11.62,13.58,27.82,31.32,35.9,31.9,17.5,25.0,opencv
65,1.628,3.48,2.55,10.92,14.33,27.79,31.29,36.0,32.0,17.5,25.0,opencv
66,1.628,3.33,2.79,11.07,14.73,28.59,31.93,35.0,31.3,17.5,25.0,opencv
67,1.626,3.55,2.79,10.83,14.16,27.79,31.35,36.0,31.9,17.5,25.0,opencv
68,1.619,3.27,2.48,10.88,14.32,27.69,30.96,36.1,32.3,17.6,25.0,opencv
69,1.616,3.72,2.49,10.91,14.08,27.47,31.19,36.4,32.1,17.6,25.0,opencv
70,1.613,3.30,2.79,11.01,14.39,28.19,31.49,35.5,31.8,17.6,25.0,opencv
71,1.617,3.69,2.84,10.82,14.88,28.54,32.23,35.0,31.0,17.6,25.0,opencv
72,1.611,3.41,2.51,10.92,13.82,27.26,30.67,36.7,32.6,17.7,25.0,opencv
73,1.612,3.53,2.40,11.05,14.08,27.52,31.06,36.3,32.2,17.6,25.0,opencv
74,1.604,3.17,2.29,11.04,14.61,27.95,31.12,35.8,32.1,17.7,25.0,opencv
75,1.600,3.45,2.59,11.57,14.23,28.39,31.84,35.2,31.4,17.8,25.0,opencv
76,1.603,3.57,2.62,10.90,14.11,27.63,31.21,36.2,32.0,17.7,25.0,opencv
77,1.603,3.37,2.50,11.13,14.20,27.82,31.20,35.9,32.1,17.7,25.0,opencv
78,1.603,3.76,2.66,10.76,13.74,27.16,30.93,36.8,32.3,17.7,25.0,opencv
79,1.611,3.45,2.53,11.11,14.05,27.68,31.14,36.1,32.1,17.7,25.0,opencv
80,1.618,3.59,2.55,10.74,13.89,27.19,30.79,36.8,32.5,17.6,25.0,opencv
81,1.631,3.55,2.67,12.05,14.11,28.83,32.39,34.7,30.9,17.4,25.0,opencv
82,1.620,3.51,2.65,11.02,13.79,27.47,30.99,36.4,32.3,17.6,25.0,opencv
83,1.622,3.42,2.50,11.13,14.22,27.84,31.27,35.9,32.0,17.5,25.0,opencv
84,1.625,3.30,2.61,12.23,14.32,29.16,32.47,34.3,30.8,17.5,25.0,opencv
85,1.624,4.25,2.96,10.95,14.85,28.76,33.01,34.8,30.3,17.5,25.0,opencv
86,1.625,3.40,2.51,10.97,14.65,28.14,31.54,35.5,31.7,17.5,25.0,opencv
87,1.627,4.05,2.50,10.95,14.11,27.56,31.61,36.3,31.6,17.5,25.0,opencv
88,1.626,3.24,2.31,10.89,14.38,27.58,30.83,36.3,32.4,17.5,25.0,opencv
89,1.627,3.56,2.70,11.00,13.66,27.36,30.93,36.5,32.3,17.5,25.0,opencv
90,1.628,3.50,2.40,11.11,14.31,27.81,31.32,36.0,31.9,17.5,25.0,opencv
91,1.135,3.61,2.85,10.91,14.73,28.49,32.11,35.1,31.1,24.8,25.0,opencv
92,1.131,3.41,2.44,11.02,14.65,28.11,31.52,35.6,31.7,25.0,25.0,opencv
93,1.129,3.26,2.50,11.12,14.49,28.11,31.37,35.6,31.9,25.0,25.0,opencv
94,1.132,4.05,2.78,10.87,14.79,28.44,32.50,35.2,30.8,24.9,25.0,opencv
95,1.133,3.52,2.53,11.05,15.26,28.84,32.36,34.7,30.9,24.9,25.0,opencv
96,1.137,4.17,2.41,10.82,14.44,27.66,31.84,36.2,31.4,24.8,25.0,opencv
97,1.145,3.20,2.53,11.07,14.41,28.02,31.22,35.7,32.0,24.6,25.0,opencv
98,1.149,3.61,2.89,10.78,14.44,28.11,31.73,35.6,31.5,24.6,25.0,opencv
99,1.150,3.40,2.59,11.04,13.89,27.52,30.93,36.3,32.3,24.6,25.0,opencv
100,1.150,3.74,2.90,11.06,13.86,27.81,31.56,36.0,31.7,24.6,25.0,opencv
101,1.157,3.19,2.58,10.78,14.39,27.75,30.95,36.0,32.3,24.4,25.0,opencv
102,1.154,3.34,2.97,11.12,14.65,28.75,32.09,34.8,31.2,24.5,25.0,opencv
103,1.158,3.39,2.71,11.58,13.91,28.20,31.60,35.5,31.6,24.4,25.0,opencv
104,1.161,3.39,2.39,11.01,14.05,27.44,30.84,36.4,32.4,24.3,25.0,opencv
105,1.161,3.70,2.90,11.39,14.19,28.47,32.18,35.1,31.1,24.3,25.0,opencv
106,1.158,3.47,2.92,11.28,13.88,28.09,31.56,35.6,31.7,24.4,25.0,opencv
107,1.160,3.10,2.39,11.33,14.71,28.43,31.53,35.2,31.7,24.3,25.0,opencv
108,1.159,3.49,2.73,10.94,14.12,27.78,31.28,36.0,32.0,24.4,25.0,opencv
109,1.159,3.42,2.43,10.85,14.00,27.29,30.71,36.6,32.6,24.4,25.0,opencv
110,1.152,3.83,3.15,11.35,13.78,28.28,32.12,35.4,31.1,24.5,25.0,opencv
111,1.162,3.50,2.63,11.37,14.23,28.22,31.73,35.4,31.5,24.3,25.0,opencv
112,1.160,3.63,2.80,11.00,14.99,28.79,32.43,34.7,30.8,24.3,25.0,opencv
113,1.155,3.91,2.43,10.99,14.49,27.91,31.83,35.8,31.4,24.4,25.0,opencv
114,1.150,4.07,2.80,10.85,14.58,28.22,32.30,35.4,31.0,24.5,25.0,opencv
115,1.150,3.17,2.40,10.96,13.75,27.11,30.28,36.9,33.0,24.6,25.0,opencv
116,1.148,3.88,2.82,11.07,14.00,27.88,31.77,35.9,31.5,24.6,25.0,opencv
117,1.147,3.57,2.71,10.97,14.15,27.83,31.41,35.9,31.8,24.6,25.0,opencv
118,1.147,3.51,2.65,11.06,13.77,27.47,30.98,36.4,32.3,24.6,25.0,opencv
119,1.144,3.65,2.96,10.93,13.77,27.66,31.32,36.2,31.9,24.7,25.0,opencv
120,1.144,3.34,2.44,10.88,13.63,26.94,30.29,37.1,33.0,24.7,25.0,opencv
121,1.147,3.95,2.81,12.92,13.62,29.35,33.31,34.1,30.0,24.6,25.0,opencv
122,1.154,3.40,2.44,11.17,13.61,27.21,30.61,36.8,32.7,24.5,25.0,opencv
123,1.152,3.77,2.57,11.21,13.93,27.70,31.48,36.1,31.8,24.5,25.0,opencv
124,1.152,3.23,2.49,10.85,14.27,27.61,30.84,36.2,32.4,24.5,25.0,opencv
125,1.149,3.55,2.66,10.84,14.22,27.73,31.29,36.1,32.0,24.6,25.0,opencv
126,1.149,3.28,2.61,10.96,13.64,27.21,30.49,36.8,32.8,24.6,25.0,opencv
127,1.148,3.48,2.66,11.77,13.65,28.09,31.58,35.6,31.7,24.6,25.0,opencv
128,1.148,3.69,2.33,10.81,13.65,26.79,30.48,37.3,32.8,24.6,25.0,opencv
129,1.147,3.34,2.85,11.02,14.10,27.96,31.31,35.8,31.9,24.6,25.0,opencv
130,1.146,3.77,2.60,10.77,13.96,27.33,31.11,36.6,32.1,24.6,25.0,opencv
131,1.150,3.55,2.33,10.88,14.28,27.48,31.04,36.4,32.2,24.6,25.0,opencv
132,1.148,3.18,2.42,11.00,14.39,27.81,30.99,36.0,32.3,24.6,25.0,opencv
133,1.146,4.31,3.00,11.17,14.30,28.47,32.79,35.1,30.5,24.6,25.0,opencv
134,1.145,3.34,2.35,11.08,13.67,27.11,30.45,36.9,32.8,24.7,25.0,opencv
135,1.147,3.38,2.89,10.97,13.94,27.80,31.18,36.0,32.1,24.6,25.0,opencv
136,1.145,3.91,2.72,10.70,13.98,27.40,31.32,36.5,31.9,24.6,25.0,opencv
137,1.145,3.32,2.47,11.13,13.87,27.47,30.79,36.4,32.5,24.7,25.0,opencv
138,1.145,3.46,3.22,10.87,13.76,27.85,31.32,35.9,31.9,24.7,25.0,opencv
139,1.143,3.89,2.55,11.18,14.60,28.34,32.24,35.3,31.0,24.7,25.0,opencv
140,1.140,3.71,2.97,10.91,14.40,28.28,32.00,35.4,31.3,24.8,25.0,opencv
141,1.140,3.61,2.40,10.84,14.07,27.30,30.98,36.6,32.3,24.8,25.0,opencv
142,1.136,3.46,2.78,11.04,14.13,27.95,31.41,35.8,31.8,24.9,25.0,opencv
143,1.133,3.92,2.86,11.03,13.87,27.76,31.69,36.0,31.6,24.9,25.0,opencv
144,1.136,3.40,2.75,11.86,14.03,28.63,32.04,34.9,31.2,24.8,25.0,opencv
145,1.133,3.26,2.52,11.10,14.17,27.79,31.06,36.0,32.2,24.9,25.0,opencv
146,1.135,3.77,2.30,11.20,13.56,27.06,30.83,37.0,32.4,24.9,25.0,opencv
147,1.135,3.36,3.01,13.48,13.92,30.41,33.77,32.9,29.6,24.8,25.0,opencv
148,1.136,4.01,2.67,13.78,14.08,30.54,34.55,32.7,28.9,24.8,25.0,opencv
149,1.138,3.39,2.76,14.38,14.24,31.37,34.76,31.9,28.8,24.7,25.0,opencv
150,1.136,3.82,2.76,11.09,13.74,27.58,31.41,36.3,31.8,24.8,25.0,opencv
151,1.133,3.62,2.49,11.69,14.07,28.25,31.88,35.4,31.4,24.9,25.0,opencv
152,1.139,3.23,2.37,11.30,13.64,27.32,30.56,36.6,32.7,24.8,25.0,opencv
153,1.133,3.48,2.32,12.03,13.75,28.09,31.59,35.6,31.7,24.9,25.0,opencv
154,1.134,3.49,2.83,12.18,14.24,29.25,32.75,34.2,30.5,24.8,25.0,opencv
155,1.131,3.49,2.64,12.36,13.84,28.84,32.33,34.7,30.9,24.9,25.0,opencv
156,1.131,3.35,2.61,13.30,13.91,29.82,33.17,33.5,30.1,24.9,25.0,opencv
157,1.129,3.81,2.46,12.75,13.66,28.87,32.69,34.6,30.6,25.0,25.0,opencv
158,1.128,3.98,2.41,15.69,13.83,31.94,35.93,31.3,27.8,24.9,25.0,opencv
159,1.129,3.65,2.64,11.63,13.92,28.18,31.84,35.5,31.4,25.0,25.0,opencv
160,1.128,3.37,2.84,11.56,14.39,28.79,32.17,34.7,31.1,25.0,25.0,opencv
161,1.134,3.13,2.46,12.21,14.25,28.92,32.06,34.6,31.2,24.9,25.0,opencv
162,1.135,3.38,2.33,11.78,13.76,27.87,31.25,35.9,32.0,24.9,25.0,opencv
163,1.138,3.16,2.28,11.70,13.73,27.70,30.87,36.1,32.4,24.8,25.0,opencv
164,1.140,3.36,3.01,11.47,13.52,28.01,31.37,35.7,31.9,24.8,25.0,opencv
165,1.140,3.24,2.54,11.10,13.99,27.64,30.88,36.2,32.4,24.8,25.0,opencv
166,1.141,3.52,2.57,12.05,13.86,28.49,32.01,35.1,31.2,24.7,25.0,opencv
167,1.141,3.50,2.57,15.04,13.85,31.46,35.09,31.8,28.5,24.7,25.0,opencv
168,1.141,3.21,2.65,12.81,13.81,29.26,32.48,34.2,30.8,24.7,25.0,opencv
169,1.140,4.14,2.52,11.44,13.75,27.70,31.85,36.1,31.4,24.7,25.0,opencv
170,1.141,3.53,2.87,12.00,13.74,28.61,32.15,35.0,31.1,24.7,25.0,opencv
171,1.145,4.03,2.54,11.78,14.02,28.34,32.38,35.3,30.9,24.6,25.0,opencv
172,1.145,3.77,2.44,12.17,13.98,28.60,32.38,35.0,30.9,24.6,25.0,opencv
173,1.141,3.90,2.95,12.56,13.60,29.11,33.02,34.4,30.3,24.7,25.0,opencv
174,1.146,3.12,2.46,12.36,14.00,28.83,31.96,34.7,31.3,24.6,25.0,opencv
175,1.146,3.73,2.61,12.45,14.06,29.12,32.86,34.3,30.4,24.6,25.0,opencv
176,1.142,3.85,2.60,12.18,13.95,28.72,32.58,34.8,30.7,24.7,25.0,opencv
177,1.142,3.20,2.84,11.86,13.83,28.53,31.74,35.0,31.5,24.7,25.0,opencv
178,1.141,3.68,2.49,11.86,13.88,28.23,31.92,35.4,31.3,24.7,25.0,opencv
179,1.144,3.65,2.78,12.59,14.22,29.60,33.25,33.8,30.1,24.6,25.0,opencv
180,1.155,3.20,2.52,13.44,13.62,29.58,32.78,33.8,30.5,24.4,25.0,opencv
181,1.151,3.76,2.57,12.93,14.32,29.82,33.59,33.5,29.8,24.5,25.0,opencv
182,1.153,3.39,2.50,12.83,13.92,29.25,32.64,34.2,30.6,24.5,25.0,opencv
183,1.148,3.64,2.68,12.96,14.15,29.79,33.44,33.6,29.9,24.5,25.0,opencv
184,1.153,3.46,2.50,12.11,14.18,28.79,32.26,34.7,31.0,24.5,25.0,opencv
185,1.152,4.35,2.75,12.86,13.86,29.48,33.83,33.9,29.6,24.4,25.0,opencv
186,1.157,3.65,2.34,12.37,13.67,28.38,32.04,35.2,31.2,24.4,25.0,opencv
187,1.155,3.25,2.74,12.45,14.39,29.58,32.83,33.8,30.5,24.4,25.0,opencv
188,1.158,3.49,2.73,12.26,13.62,28.60,32.10,35.0,31.2,24.4,25.0,opencv
189,1.158,3.26,2.58,12.50,13.56,28.63,31.90,34.9,31.3,24.4,25.0,opencv
190,1.158,3.77,3.02,14.90,14.84,32.75,36.53,30.5,27.4,24.3,25.0,opencv
191,1.167,5.41,2.52,18.00,13.68,34.21,39.62,29.2,25.2,24.0,25.0,opencv
192,1.169,3.42,2.28,28.41,13.56,44.24,47.67,22.6,21.0,23.8,25.0,opencv
193,1.182,3.87,2.71,13.43,13.66,29.79,33.67,33.6,29.7,23.9,25.0,opencv
194,1.182,3.41,2.75,18.50,14.35,35.60,39.02,28.1,25.6,23.7,25.0,opencv
195,1.191,3.67,2.48,16.58,13.58,32.63,36.31,30.6,27.5,23.6,25.0,opencv
196,1.188,3.35,2.79,12.98,13.99,29.76,33.12,33.6,30.2,23.7,25.0,opencv
197,1.190,4.03,2.42,17.72,14.69,34.83,38.86,28.7,25.7,23.6,25.0,opencv
198,1.199,3.65,2.34,12.85,13.85,29.04,32.70,34.4,30.6,23.6,25.0,opencv
199,1.198,3.39,2.38,19.07,13.74,35.19,38.58,28.4,25.9,23.5,25.0,opencv
200,1.206,3.30,2.43,25.89,13.72,42.04,45.36,23.8,22.0,23.2,25.0,opencv
201,1.217,3.28,2.50,20.01,14.29,36.81,40.10,27.2,24.9,23.1,25.0,opencv
202,1.230,3.53,3.00,19.26,14.07,36.33,39.87,27.5,25.1,22.8,25.0,opencv
203,1.237,3.17,2.35,25.73,14.12,42.20,45.38,23.7,22.0,22.6,25.0,opencv
204,1.249,3.96,2.77,13.44,14.65,30.86,34.84,32.4,28.7,22.6,25.0,opencv
205,1.249,3.54,2.34,12.12,13.83,28.29,31.84,35.3,31.4,22.6,25.0,opencv
206,1.250,3.04,2.41,13.65,13.62,29.68,32.73,33.7,30.6,22.6,25.0,opencv
207,1.249,3.76,2.68,13.67,14.40,30.75,34.52,32.5,29.0,22.6,25.0,opencv
208,1.248,3.41,2.28,12.40,13.99,28.66,32.07,34.9,31.2,22.7,25.0,opencv
209,1.238,3.48,2.72,12.45,14.43,29.60,33.08,33.8,30.2,22.8,25.0,opencv
210,1.234,3.37,2.34,12.58,13.89,28.81,32.18,34.7,31.1,22.9,25.0,opencv
211,1.237,3.83,3.02,19.14,14.59,36.75,40.59,27.2,24.6,22.7,25.0,opencv
212,1.250,4.44,3.01,22.38,13.55,38.94,43.39,25.7,23.0,22.4,25.0,opencv
213,1.258,3.55,2.59,13.54,13.55,29.69,33.26,33.7,30.1,22.5,25.0,opencv
214,1.258,3.39,2.45,18.77,14.11,35.34,38.73,28.3,25.8,22.4,25.0,opencv
215,1.269,3.53,2.56,29.34,13.88,45.79,49.32,21.8,20.3,22.0,25.0,opencv
216,1.286,3.41,3.15,21.16,14.07,38.38,41.80,26.1,23.9,21.8,25.0,opencv
217,1.298,3.77,3.27,14.75,13.58,31.61,35.39,31.6,28.3,21.8,25.0,opencv
218,1.297,3.36,2.32,25.98,13.59,41.89,45.25,23.9,22.1,21.6,25.0,opencv
219,1.304,3.78,2.69,13.00,14.11,29.81,33.59,33.5,29.8,21.7,25.0,opencv
220,1.291,3.61,2.59,12.71,14.22,29.52,33.14,33.9,30.2,21.9,25.0,opencv
221,1.278,3.98,2.51,13.30,14.06,29.87,33.86,33.5,29.5,22.1,25.0,opencv
222,1.278,3.56,2.51,13.39,13.85,29.75,33.32,33.6,30.0,22.1,25.0,opencv
223,1.270,3.67,2.81,12.64,14.29,29.75,33.42,33.6,29.9,22.3,25.0,opencv
224,1.266,3.66,2.35,12.11,14.47,28.94,32.60,34.6,30.7,22.3,25.0,opencv
225,1.268,4.36,2.93,12.47,13.75,29.15,33.53,34.3,29.8,22.3,25.0,opencv
226,1.269,3.09,2.48,18.11,14.39,34.98,38.08,28.6,26.3,22.2,25.0,opencv
227,1.275,3.63,2.71,30.63,14.14,47.49,51.13,21.1,19.6,21.9,25.0,opencv
228,1.290,3.68,2.54,14.34,14.12,31.00,34.69,32.3,28.8,21.9,25.0,opencv
229,1.275,3.28,2.78,13.48,13.94,30.20,33.48,33.1,29.9,22.2,25.0,opencv
230,1.270,3.93,2.62,11.96,14.14,28.72,32.65,34.8,30.6,22.3,25.0,opencv
231,1.258,3.63,2.61,12.56,14.39,29.56,33.20,33.8,30.1,22.5,25.0,opencv
232,1.244,4.11,2.54,12.32,14.65,29.52,33.63,33.9,29.7,22.7,25.0,opencv
233,1.244,3.17,2.39,12.76,14.19,29.35,32.53,34.1,30.7,22.7,25.0,opencv
234,1.248,3.43,2.65,12.64,13.73,29.01,32.45,34.5,30.8,22.6,25.0,opencv
235,1.248,3.27,2.34,12.46,14.93,29.73,33.01,33.6,30.3,22.6,25.0,opencv
236,1.245,3.80,2.81,12.64,14.07,29.52,33.32,33.9,30.0,22.7,25.0,opencv
237,1.247,3.65,2.43,12.06,13.78,28.27,31.93,35.4,31.3,22.7,25.0,opencv
238,1.246,3.13,2.53,13.15,13.67,29.35,32.49,34.1,30.8,22.7,25.0,opencv
239,1.246,4.05,2.50,12.25,13.51,28.26,32.33,35.4,30.9,22.7,25.0,opencv
240,1.239,3.30,2.35,12.15,13.93,28.43,31.73,35.2,31.5,22.8,25.0,opencv
241,1.224,3.63,2.79,16.38,14.51,33.67,37.31,29.7,26.8,23.0,25.0,opencv
242,1.231,3.34,2.44,25.91,14.30,42.65,46.00,23.4,21.7,22.7,25.0,opencv
243,1.242,3.75,2.63,12.46,13.99,29.09,32.84,34.4,30.5,22.8,25.0,opencv
244,1.221,3.10,2.35,13.19,14.18,29.72,32.83,33.6,30.5,23.1,25.0,opencv
245,1.209,3.66,2.86,13.56,13.52,29.95,33.61,33.4,29.8,23.3,25.0,opencv
246,1.207,3.74,2.64,13.22,14.38,30.24,33.99,33.1,29.4,23.4,25.0,opencv
247,1.200,3.90,2.53,12.36,13.80,28.69,32.60,34.9,30.7,23.5,25.0,opencv
248,1.200,3.92,2.72,12.72,14.26,29.69,33.61,33.7,29.8,23.5,25.0,opencv
249,1.203,3.28,2.81,12.36,13.77,28.95,32.24,34.5,31.0,23.5,25.0,opencv
250,1.200,4.02,2.41,12.27,13.67,28.36,32.38,35.3,30.9,23.5,25.0,opencv
251,1.201,3.59,2.59,12.87,14.23,29.69,33.29,33.7,30.0,23.5,25.0,opencv
252,1.211,3.54,2.54,14.74,13.94,31.22,34.77,32.0,28.8,23.3,25.0,opencv
253,1.212,3.94,2.54,26.59,13.47,42.60,46.54,23.5,21.5,23.0,25.0,opencv
254,1.222,3.32,2.46,24.89,14.17,41.51,44.84,24.1,22.3,22.9,25.0,opencv
255,1.225,3.45,2.72,17.12,13.55,33.39,36.84,30.0,27.1,23.0,25.0,opencv
256,1.202,3.37,2.57,13.26,13.51,29.34,32.71,34.1,30.6,23.5,25.0,opencv
257,1.198,3.74,2.53,12.19,14.24,28.97,32.72,34.5,30.6,23.6,25.0,opencv
258,1.203,4.80,2.81,13.78,14.21,30.81,35.61,32.5,28.1,23.4,25.0,opencv
259,1.205,3.18,2.25,32.00,14.83,49.08,52.27,20.4,19.1,23.1,25.0,opencv
260,1.225,3.38,2.73,15.67,13.91,32.31,35.70,30.9,28.0,23.0,25.0,opencv
261,1.225,3.28,2.39,19.97,13.90,36.26,39.54,27.6,25.3,22.9,25.0,opencv
262,1.241,4.35,2.68,11.67,14.32,28.66,33.02,34.9,30.3,22.8,25.0,opencv
263,1.243,3.39,2.55,13.54,14.04,30.13,33.52,33.2,29.8,22.7,25.0,opencv
264,1.242,3.63,2.99,12.00,14.11,29.09,32.74,34.4,30.5,22.8,25.0,opencv
265,1.242,3.83,2.53,12.87,13.98,29.38,33.22,34.0,30.1,22.7,25.0,opencv
266,1.239,3.32,2.52,12.23,14.43,29.18,32.50,34.3,30.8,22.8,25.0,opencv
267,1.241,3.57,2.34,15.81,13.82,31.97,35.56,31.3,28.1,22.7,25.0,opencv
268,1.240,3.16,2.65,26.48,13.84,42.98,46.14,23.3,21.7,22.5,25.0,opencv
269,1.251,3.23,2.62,13.43,13.72,29.78,33.02,33.6,30.3,22.6,25.0,opencv
270,1.245,4.05,2.87,13.74,14.07,30.69,34.74,32.6,28.8,22.7,25.0,opencv
271,1.239,3.34,2.89,12.57,13.88,29.35,32.70,34.1,30.6,22.8,25.0,opencv
272,1.231,3.37,2.61,12.36,13.93,28.90,32.27,34.6,31.0,23.0,25.0,opencv
273,1.234,3.19,2.35,14.38,13.82,30.54,33.74,32.7,29.6,22.9,25.0,opencv
274,1.233,3.44,2.92,12.81,13.75,29.48,32.93,33.9,30.4,22.9,25.0,opencv
275,1.231,3.31,2.37,19.90,14.20,36.47,39.78,27.4,25.1,22.8,25.0,opencv
276,1.239,3.52,2.49,23.52,13.80,39.81,43.34,25.1,23.1,22.6,25.0,opencv
277,1.249,3.48,2.59,13.70,14.63,30.91,34.39,32.4,29.1,22.6,25.0,opencv
278,1.250,3.77,2.78,21.37,14.07,38.22,41.99,26.2,23.8,22.5,25.0,opencv
279,1.263,3.91,2.69,12.23,13.59,28.51,32.43,35.1,30.8,22.4,25.0,opencv
280,1.262,3.38,2.41,13.03,13.57,29.01,32.40,34.5,30.9,22.4,25.0,opencv
281,1.262,3.69,2.57,13.86,14.02,30.45,34.15,32.8,29.3,22.4,25.0,opencv
282,1.247,3.87,2.54,27.77,13.59,43.90,47.78,22.8,20.9,22.4,25.0,opencv
283,1.254,3.88,2.43,19.85,14.61,36.89,40.78,27.1,24.5,22.4,25.0,opencv
284,1.260,3.62,2.45,15.11,13.52,31.07,34.70,32.2,28.8,22.4,25.0,opencv
285,1.267,3.74,2.72,12.98,14.37,30.08,33.83,33.2,29.6,22.3,25.0,opencv
286,1.271,3.58,2.55,18.52,14.27,35.34,38.93,28.3,25.7,22.1,25.0,opencv
287,1.278,3.77,2.44,20.00,13.27,35.71,39.49,28.0,25.3,22.0,25.0,opencv
288,1.272,3.46,2.69,17.80,14.27,34.76,38.22,28.8,26.2,22.1,25.0,opencv
289,1.277,3.51,2.78,14.90,13.40,31.08,34.60,32.2,28.9,22.1,25.0,opencv
290,1.274,4.01,2.28,12.58,13.63,28.48,32.50,35.1,30.8,22.2,25.0,opencv
291,1.262,3.48,2.82,12.86,14.03,29.70,33.19,33.7,30.1,22.4,25.0,opencv
292,1.257,3.42,2.55,12.32,14.52,29.38,32.81,34.0,30.5,22.5,25.0,opencv
293,1.261,3.30,2.46,13.72,13.82,30.00,33.31,33.3,30.0,22.4,25.0,opencv
294,1.271,3.21,2.71,19.88,14.16,36.74,39.96,27.2,25.0,22.1,25.0,opencv
295,1.281,3.36,2.50,11.92,14.56,28.98,32.34,34.5,30.9,22.1,25.0,opencv
296,1.275,3.80,2.80,13.09,13.71,29.60,33.40,33.8,29.9,22.2,25.0,opencv
297,1.266,3.38,2.75,12.15,13.86,28.76,32.14,34.8,31.1,22.3,25.0,opencv
298,1.266,3.92,2.61,13.00,13.69,29.30,33.23,34.1,30.1,22.3,25.0,opencv
299,1.265,3.91,2.90,12.81,14.02,29.73,33.65,33.6,29.7,22.3,25.0,opencv
300,1.261,3.93,2.36,12.73,14.14,29.23,33.16,34.2,30.2,22.4,25.0,opencv
301,1.264,3.85,2.81,12.67,14.14,29.62,33.48,33.8,29.9,22.4,25.0,opencv
302,1.257,3.30,2.62,12.46,14.04,29.12,32.43,34.3,30.8,22.5,25.0,opencv
303,1.259,3.16,2.50,12.86,13.63,29.00,32.17,34.5,31.1,22.5,25.0,opencv
304,1.254,3.69,2.83,12.63,13.70,29.16,32.85,34.3,30.4,22.5,25.0,opencv
305,1.239,3.33,2.49,12.60,13.76,28.85,32.19,34.7,31.1,22.8,25.0,opencv
306,1.234,3.35,2.45,13.13,14.00,29.57,32.93,33.8,30.4,22.9,25.0,opencv
307,1.229,3.52,2.91,17.47,14.69,35.08,38.60,28.5,25.9,22.9,25.0,opencv
308,1.237,3.77,2.47,13.93,14.35,30.76,34.53,32.5,29.0,22.8,25.0,opencv
309,1.237,3.26,2.37,17.99,13.66,34.02,37.29,29.4,26.8,22.7,25.0,opencv
310,1.226,3.96,2.76,22.62,13.78,39.16,43.13,25.5,23.2,22.9,25.0,opencv
311,1.222,4.04,2.99,13.31,13.85,30.15,34.20,33.2,29.2,23.1,25.0,opencv
312,1.216,3.29,2.57,12.78,14.20,29.54,32.84,33.9,30.5,23.2,25.0,opencv
313,1.210,3.62,2.61,18.64,14.16,35.42,39.04,28.2,25.6,23.2,25.0,opencv
314,1.216,3.44,2.58,24.27,14.61,41.45,44.89,24.1,22.3,23.0,25.0,opencv
315,1.216,3.02,2.57,12.95,14.12,29.64,32.66,33.7,30.6,23.2,25.0,opencv
316,1.204,3.12,2.36,16.59,14.30,33.25,36.37,30.1,27.5,23.4,25.0,opencv
317,1.196,3.52,2.81,12.37,13.62,28.80,32.33,34.7,30.9,23.6,25.0,opencv
318,1.195,3.52,2.63,16.60,13.83,33.07,36.60,30.2,27.3,23.5,25.0,opencv
319,1.202,3.26,2.27,19.63,14.05,35.95,39.22,27.8,25.5,23.4,25.0,opencv
320,1.214,3.54,2.46,12.75,13.67,28.88,32.43,34.6,30.8,23.3,25.0,opencv
321,1.217,4.01,2.85,12.64,14.01,29.50,33.52,33.9,29.8,23.2,25.0,opencv
322,1.209,3.38,2.42,13.01,13.80,29.23,32.61,34.2,30.7,23.4,25.0,opencv
323,1.192,3.06,2.66,14.59,14.09,31.34,34.40,31.9,29.1,23.6,25.0,opencv
324,1.193,3.42,2.94,15.13,13.74,31.81,35.24,31.4,28.4,23.6,25.0,opencv
325,1.193,3.49,2.26,11.81,14.16,28.23,31.73,35.4,31.5,23.7,25.0,opencv
326,1.195,3.49,2.61,12.84,13.81,29.26,32.76,34.2,30.5,23.6,25.0,opencv
327,1.194,3.80,2.64,12.61,13.79,29.03,32.84,34.4,30.5,23.6,25.0,opencv
328,1.194,3.02,2.51,13.02,13.81,29.34,32.37,34.1,30.9,23.6,25.0,opencv
329,1.194,3.70,2.84,12.52,14.18,29.53,33.23,33.9,30.1,23.6,25.0,opencv
330,1.195,3.59,2.55,13.86,14.54,30.95,34.55,32.3,28.9,23.6,25.0,opencv
331,1.199,4.00,2.70,16.45,14.00,33.15,37.15,30.2,26.9,23.5,25.0,opencv
332,1.202,3.32,2.51,13.67,13.97,30.15,33.47,33.2,29.9,23.5,25.0,opencv
333,1.201,3.86,2.70,13.06,13.61,29.37,33.24,34.0,30.1,23.5,25.0,opencv
334,1.203,3.73,2.53,12.72,14.11,29.37,33.12,34.0,30.2,23.5,25.0,opencv
335,1.207,3.99,2.90,12.94,14.17,30.00,34.00,33.3,29.4,23.4,25.0,opencv
336,1.196,3.67,2.51,12.47,14.11,29.09,32.77,34.4,30.5,23.6,25.0,opencv
337,1.191,3.58,2.69,13.18,14.82,30.69,34.28,32.6,29.2,23.7,25.0,opencv
338,1.188,3.73,2.42,12.57,13.83,28.81,32.55,34.7,30.7,23.8,25.0,opencv
339,1.182,3.57,2.33,12.97,13.90,29.20,32.78,34.3,30.5,23.9,25.0,opencv
340,1.182,4.13,2.88,12.89,14.25,30.02,34.16,33.3,29.3,23.9,25.0,opencv
341,1.182,3.62,2.50,13.18,14.32,30.00,33.63,33.3,29.7,23.9,25.0,opencv
342,1.179,3.78,2.59,12.30,14.15,29.04,32.82,34.4,30.5,23.9,25.0,opencv
343,1.167,3.24,2.36,12.54,13.77,28.67,31.92,34.9,31.3,24.2,25.0,opencv
344,1.171,3.37,2.68,14.18,13.63,30.48,33.86,32.8,29.5,24.1,25.0,opencv
345,1.163,3.45,2.89,12.27,14.26,29.42,32.87,34.0,30.4,24.2,25.0,opencv
346,1.168,3.97,2.77,12.46,14.85,30.08,34.06,33.2,29.4,24.1,25.0,opencv
347,1.158,3.09,2.30,29.71,14.67,46.68,49.77,21.4,20.1,24.0,25.0,opencv
348,1.169,3.68,2.63,14.29,13.78,30.70,34.39,32.6,29.1,24.1,25.0,opencv
349,1.166,3.39,2.49,17.45,14.19,34.13,37.52,29.3,26.6,24.1,25.0,opencv
350,1.165,3.66,2.69,32.78,14.93,50.39,54.06,19.8,18.5,23.8,25.0,opencv
351,1.191,3.44,2.34,13.81,14.46,30.61,34.05,32.7,29.4,23.7,25.0,opencv
352,1.199,3.24,2.42,13.50,13.80,29.72,32.96,33.7,30.3,23.5,25.0,opencv
353,1.203,3.70,2.45,12.80,13.76,29.01,32.73,34.5,30.6,23.5,25.0,opencv
354,1.206,3.30,2.66,13.97,13.51,30.15,33.45,33.2,29.9,23.4,25.0,opencv
355,1.205,3.74,2.75,17.99,14.63,35.37,39.13,28.3,25.6,23.3,25.0,opencv
356,1.214,3.50,2.91,38.12,13.85,54.87,58.39,18.2,17.1,22.8,25.0,opencv
357,1.244,3.75,2.62,15.38,14.21,32.22,35.98,31.0,27.8,22.7,25.0,opencv
358,1.244,3.43,2.65,29.92,14.31,46.87,50.31,21.3,19.9,22.4,25.0,opencv
359,1.260,3.83,2.29,16.68,13.96,32.93,36.77,30.4,27.2,22.4,25.0,opencv
360,1.257,3.39,2.40,19.11,13.87,35.38,38.78,28.3,25.8,22.4,25.0,opencv
361,1.268,3.55,3.08,20.86,14.55,38.48,42.04,26.0,23.8,22.1,25.0,opencv
362,1.279,3.36,2.74,20.75,14.15,37.64,41.01,26.6,24.4,22.0,25.0,opencv
363,1.286,3.15,2.98,14.76,14.01,31.76,34.91,31.5,28.6,21.9,25.0,opencv
364,1.287,4.00,2.52,13.06,14.12,29.70,33.70,33.7,29.7,22.0,25.0,opencv
365,1.289,3.48,2.53,13.43,14.11,30.07,33.56,33.3,29.8,21.9,25.0,opencv
366,1.287,3.77,2.97,14.31,14.03,31.31,35.09,31.9,28.5,21.9,25.0,opencv
367,1.286,3.41,2.24,12.61,14.41,29.26,32.68,34.2,30.6,22.0,25.0,opencv
368,1.291,4.38,2.65,15.88,13.86,32.39,36.78,30.9,27.2,21.8,25.0,opencv
369,1.290,3.38,2.40,17.73,14.10,34.23,37.61,29.2,26.6,21.8,25.0,opencv
370,1.289,3.34,2.83,19.55,13.85,36.23,39.58,27.6,25.3,21.8,25.0,opencv
371,1.297,3.73,2.86,14.11,14.40,31.37,35.11,31.9,28.5,21.8,25.0,opencv
372,1.301,3.49,2.60,14.03,14.21,30.84,34.34,32.4,29.1,21.7,25.0,opencv
373,1.302,4.01,2.50,11.66,13.93,28.08,32.10,35.6,31.2,21.7,25.0,opencv
374,1.303,3.16,2.56,13.45,13.83,29.84,33.01,33.5,30.3,21.7,25.0,opencv
375,1.300,4.11,2.97,12.96,13.63,29.56,33.68,33.8,29.7,21.7,25.0,opencv
376,1.286,3.30,2.49,12.85,13.88,29.22,32.52,34.2,30.8,22.0,25.0,opencv
377,1.281,3.61,2.70,14.06,13.28,30.04,33.66,33.3,29.7,22.1,25.0,opencv
378,1.277,3.89,2.44,12.75,13.46,28.66,32.56,34.9,30.7,22.1,25.0,opencv
379,1.257,3.42,2.80,12.80,13.60,29.20,32.63,34.2,30.6,22.5,25.0,opencv
380,1.257,3.52,2.74,12.65,13.82,29.21,32.73,34.2,30.5,22.5,25.0,opencv
381,1.249,3.74,2.45,12.71,14.06,29.23,32.97,34.2,30.3,22.6,25.0,opencv
382,1.248,4.15,2.73,13.08,14.03,29.84,33.99,33.5,29.4,22.6,25.0,opencv
383,1.244,3.76,2.37,12.02,14.37,28.75,32.52,34.8,30.8,22.7,25.0,opencv
384,1.242,3.97,2.79,19.72,14.52,37.03,41.01,27.0,24.4,22.6,25.0,opencv
385,1.225,3.52,3.09,32.71,13.87,49.67,53.19,20.1,18.8,22.7,25.0,opencv
386,1.237,3.53,2.61,12.67,14.07,29.35,32.90,34.1,30.4,22.8,25.0,opencv
387,1.221,3.64,2.72,12.40,13.43,28.55,32.19,35.0,31.1,23.1,25.0,opencv
388,1.215,3.64,2.38,12.67,13.72,28.77,32.42,34.8,30.8,23.2,25.0,opencv
389,1.214,3.59,2.52,12.62,14.03,29.16,32.75,34.3,30.5,23.3,25.0,opencv
390,1.200,3.65,2.53,12.62,13.91,29.05,32.71,34.4,30.6,23.5,25.0,opencv
391,1.190,3.50,2.90,13.12,14.09,30.11,33.62,33.2,29.7,23.7,25.0,opencv
392,1.186,3.60,2.34,12.24,14.63,29.21,32.82,34.2,30.5,23.8,25.0,opencv
393,1.190,3.38,2.33,12.21,13.75,28.29,31.68,35.3,31.6,23.7,25.0,opencv
394,1.191,3.33,2.95,12.64,13.79,29.39,32.73,34.0,30.6,23.7,25.0,opencv
395,1.190,3.63,2.48,13.44,13.59,29.50,33.14,33.9,30.2,23.7,25.0,opencv
396,1.197,3.63,2.78,12.99,13.93,29.70,33.34,33.7,30.0,23.6,25.0,opencv
397,1.195,4.05,2.84,16.11,13.86,32.81,36.87,30.5,27.1,23.5,25.0,opencv
398,1.203,4.18,2.64,28.64,14.54,45.82,50.00,21.8,20.0,23.2,25.0,opencv
399,1.220,3.79,2.37,15.76,13.25,31.38,35.19,31.9,28.4,23.1,25.0,opencv
400,1.215,3.52,2.74,13.03,13.78,29.54,33.07,33.8,30.2,23.2,25.0,opencv
401,1.210,4.50,2.44,12.74,14.05,29.23,33.74,34.2,29.6,23.3,25.0,opencv
402,1.208,3.61,2.57,12.67,13.85,29.09,32.70,34.4,30.6,23.4,25.0,opencv
403,1.204,3.12,2.76,13.72,13.42,29.90,33.03,33.4,30.3,23.4,25.0,opencv
404,1.206,3.52,2.57,14.32,14.04,30.93,34.45,32.3,29.0,23.4,25.0,opencv
405,1.208,3.57,2.66,13.07,13.48,29.21,32.78,34.2,30.5,23.4,25.0,opencv
406,1.207,3.67,2.51,12.71,14.29,29.51,33.18,33.9,30.1,23.4,25.0,opencv
407,1.206,3.21,2.43,12.13,13.75,28.31,31.52,35.3,31.7,23.4,25.0,opencv
408,1.208,3.40,2.88,14.24,13.56,30.68,34.08,32.6,29.3,23.4,25.0,opencv
409,1.208,3.52,2.50,17.61,14.02,34.12,37.65,29.3,26.6,23.3,25.0,opencv
410,1.218,3.25,2.81,24.90,14.40,42.11,45.37,23.7,22.0,23.0,25.0,opencv
411,1.230,4.60,3.02,12.50,13.46,28.98,33.59,34.5,29.8,23.0,25.0,opencv
412,1.241,3.36,2.75,12.37,14.56,29.68,33.05,33.7,30.3,22.8,25.0,opencv
413,1.229,3.83,2.34,12.65,13.62,28.61,32.45,34.9,30.8,23.0,25.0,opencv
414,1.211,4.14,2.81,16.18,13.79,32.78,36.93,30.5,27.1,23.2,25.0,opencv
415,1.219,3.62,2.80,24.81,13.41,41.03,44.66,24.4,22.4,22.9,25.0,opencv
416,1.232,3.55,2.61,28.71,13.54,44.86,48.42,22.3,20.7,22.6,25.0,opencv
417,1.252,3.15,2.53,18.58,13.57,34.67,37.82,28.8,26.4,22.5,25.0,opencv
418,1.261,3.15,2.68,19.80,13.82,36.30,39.46,27.5,25.3,22.3,25.0,opencv
419,1.270,3.48,2.71,13.04,13.77,29.52,33.01,33.9,30.3,22.2,25.0,opencv
420,1.269,3.60,2.76,22.54,13.81,39.11,42.71,25.6,23.4,22.1,25.0,opencv
421,1.281,3.38,3.11,16.94,13.88,33.93,37.32,29.5,26.8,22.0,25.0,opencv
422,1.285,3.41,2.42,12.86,13.63,28.90,32.31,34.6,30.9,22.0,25.0,opencv
423,1.286,3.89,2.49,18.74,13.62,34.85,38.75,28.7,25.8,21.9,25.0,opencv
424,1.295,3.92,2.43,28.30,13.52,44.25,48.18,22.6,20.8,21.6,25.0,opencv
425,1.313,3.92,2.81,17.22,13.64,33.67,37.59,29.7,26.6,21.5,25.0,opencv
426,1.312,3.60,3.40,26.25,14.36,44.01,47.62,22.7,21.0,21.3,25.0,opencv
427,1.310,3.37,2.51,17.95,13.67,34.13,37.51,29.3,26.7,21.5,25.0,opencv
428,1.315,3.32,2.46,31.80,13.38,47.64,50.97,21.0,19.6,21.2,25.0,opencv
429,1.337,3.34,2.85,12.60,13.83,29.28,32.63,34.2,30.7,21.2,25.0,opencv
430,1.342,3.40,2.74,13.56,14.40,30.69,34.09,32.6,29.3,21.1,25.0,opencv
431,1.341,3.28,2.76,12.30,14.41,29.47,32.76,33.9,30.5,21.1,25.0,opencv
432,1.347,3.19,2.50,15.75,13.70,31.95,35.15,31.3,28.5,21.0,25.0,opencv
433,1.341,3.76,2.99,28.70,13.50,45.18,48.94,22.1,20.4,20.9,25.0,opencv
434,1.355,3.28,2.35,13.81,14.06,30.22,33.51,33.1,29.8,20.9,25.0,opencv
435,1.355,3.55,2.69,12.27,14.25,29.21,32.77,34.2,30.5,20.9,25.0,opencv
436,1.357,4.54,2.89,12.71,14.42,30.03,34.58,33.3,28.9,20.8,25.0,opencv
437,1.355,3.50,2.40,12.69,13.49,28.58,32.08,35.0,31.2,20.9,25.0,opencv
438,1.351,3.45,2.54,13.07,13.25,28.85,32.30,34.7,31.0,21.0,25.0,opencv
439,1.332,3.61,2.83,13.29,14.27,30.40,34.02,32.9,29.4,21.2,25.0,opencv
440,1.328,3.46,2.59,12.93,13.87,29.39,32.86,34.0,30.4,21.3,25.0,opencv
441,1.322,3.62,2.83,18.44,14.71,35.97,39.59,27.8,25.3,21.3,25.0,opencv
442,1.325,3.09,2.67,13.98,13.50,30.15,33.25,33.2,30.1,21.3,25.0,opencv
443,1.313,3.51,3.05,12.02,14.39,29.46,32.98,33.9,30.3,21.6,25.0,opencv
444,1.296,3.13,2.27,12.48,14.00,28.75,31.89,34.8,31.4,21.8,25.0,opencv
445,1.281,3.20,2.40,11.88,13.46,27.74,30.94,36.1,32.3,22.1,25.0,opencv
446,1.272,3.47,3.11,11.42,13.33,27.86,31.35,35.9,31.9,22.3,25.0,opencv
447,1.261,3.14,2.58,11.75,13.74,28.07,31.21,35.6,32.0,22.4,25.0,opencv
448,1.256,3.64,2.87,14.45,14.02,31.34,34.98,31.9,28.6,22.5,25.0,opencv
449,1.257,3.33,2.77,18.97,14.11,35.85,39.19,27.9,25.5,22.4,25.0,opencv
450,1.263,3.54,2.76,20.14,13.88,36.78,40.32,27.2,24.8,22.3,25.0,opencv
451,1.272,3.86,2.87,25.10,13.73,41.71,45.57,24.0,21.9,22.0,25.0,opencv
452,1.286,3.30,2.52,19.44,13.68,35.64,38.95,28.1,25.7,21.9,25.0,opencv
453,1.269,3.30,2.31,12.99,14.37,29.67,32.98,33.7,30.3,22.3,25.0,opencv
454,1.261,3.46,2.80,13.30,13.61,29.71,33.18,33.7,30.1,22.4,25.0,opencv
455,1.243,3.66,2.48,12.44,13.81,28.74,32.40,34.8,30.9,22.7,25.0,opencv
456,1.233,3.60,2.34,12.64,14.51,29.49,33.09,33.9,30.2,22.9,25.0,opencv
457,1.209,3.72,2.72,12.29,13.65,28.66,32.39,34.9,30.9,23.4,25.0,opencv
458,1.208,3.42,2.48,12.64,14.28,29.40,32.82,34.0,30.5,23.4,25.0,opencv
459,1.208,3.22,2.41,17.35,13.53,33.28,36.51,30.0,27.4,23.3,25.0,opencv
460,1.214,3.57,3.02,21.88,13.87,38.78,42.36,25.8,23.6,23.1,25.0,opencv
461,1.215,3.64,2.90,18.57,14.44,35.91,39.55,27.8,25.3,23.1,25.0,opencv
462,1.211,3.57,2.39,34.21,13.51,50.12,53.70,20.0,18.6,22.9,25.0,opencv
463,1.238,3.22,2.59,14.17,14.12,30.88,34.12,32.4,29.3,22.8,25.0,opencv
464,1.238,3.55,2.55,18.36,14.16,35.06,38.62,28.5,25.9,22.7,25.0,opencv
465,1.237,3.13,2.70,31.69,13.50,47.89,51.03,20.9,19.6,22.5,25.0,opencv
466,1.258,3.50,2.83,16.92,13.98,33.73,37.24,29.6,26.9,22.4,25.0,opencv
467,1.259,3.45,2.32,34.79,13.29,50.40,53.86,19.8,18.6,22.1,25.0,opencv
468,1.281,3.43,2.72,19.66,13.39,35.77,39.21,28.0,25.5,22.0,25.0,opencv
469,1.288,4.06,3.00,12.38,13.89,29.27,33.34,34.2,30.0,21.9,25.0,opencv
470,1.291,3.81,2.67,16.71,14.52,33.89,37.71,29.5,26.5,21.8,25.0,opencv
471,1.304,4.07,2.89,20.08,13.67,36.64,40.71,27.3,24.6,21.6,25.0,opencv
472,1.318,3.93,2.80,16.32,13.73,32.86,36.80,30.4,27.2,21.4,25.0,opencv
473,1.330,4.45,3.19,21.52,13.95,38.66,43.11,25.9,23.2,21.1,25.0,opencv
474,1.340,3.84,2.75,21.24,14.31,38.31,42.15,26.1,23.7,21.0,25.0,opencv
475,1.350,3.60,2.68,13.24,13.70,29.62,33.23,33.8,30.1,21.0,25.0,opencv
476,1.348,3.40,2.33,12.38,13.78,28.49,31.90,35.1,31.3,21.0,25.0,opencv
477,1.351,4.19,3.06,15.73,14.24,33.03,37.23,30.3,26.9,20.9,25.0,opencv
478,1.337,3.34,2.56,12.34,14.34,29.24,32.58,34.2,30.7,21.2,25.0,opencv
479,1.328,3.84,2.81,14.82,14.27,31.89,35.74,31.4,28.0,21.3,25.0,opencv
480,1.314,3.47,2.40,13.80,13.79,30.00,33.48,33.3,29.9,21.5,25.0,opencv
481,1.304,3.80,2.57,16.47,13.66,32.70,36.51,30.6,27.4,21.6,25.0,opencv
482,1.308,3.18,2.59,12.62,13.91,29.12,32.30,34.3,31.0,21.6,25.0,opencv
483,1.304,3.72,2.78,12.54,13.86,29.19,32.92,34.3,30.4,21.7,25.0,opencv
484,1.303,3.58,2.45,12.61,13.38,28.44,32.02,35.2,31.2,21.7,25.0,opencv
485,1.302,3.39,2.84,12.30,14.60,29.74,33.14,33.6,30.2,21.7,25.0,opencv
486,1.303,3.41,2.54,12.15,13.99,28.67,32.09,34.9,31.2,21.7,25.0,opencv
487,1.301,3.51,2.34,14.17,13.58,30.09,33.61,33.2,29.8,21.7,25.0,opencv
488,1.292,3.47,2.91,13.81,13.32,30.03,33.51,33.3,29.8,21.9,25.0,opencv
489,1.285,3.50,2.41,17.66,13.21,33.28,36.80,30.1,27.2,21.9,25.0,opencv
490,1.281,3.82,2.87,11.85,14.54,29.26,33.09,34.2,30.2,22.1,25.0,opencv
491,1.261,4.07,2.33,19.86,14.23,36.42,40.50,27.5,24.7,22.3,25.0,opencv
492,1.272,3.43,2.71,15.77,13.13,31.60,35.03,31.6,28.5,22.2,25.0,opencv
493,1.268,3.69,2.39,12.97,13.69,29.05,32.74,34.4,30.5,22.3,25.0,opencv
494,1.256,3.46,2.49,21.14,14.85,38.48,41.94,26.0,23.8,22.3,25.0,opencv
495,1.263,3.12,2.55,16.40,13.63,32.59,35.71,30.7,28.0,22.3,25.0,opencv
496,1.246,3.60,2.37,12.73,13.94,29.04,32.65,34.4,30.6,22.7,25.0,opencv
497,1.236,3.11,2.60,12.55,13.80,28.95,32.06,34.5,31.2,22.9,25.0,opencv
498,1.241,3.36,2.37,13.78,13.69,29.84,33.20,33.5,30.1,22.8,25.0,opencv
499,1.230,3.39,3.10,19.75,14.26,37.11,40.51,26.9,24.7,22.8,25.0,opencv
500,1.228,3.63,2.91,15.25,14.28,32.44,36.08,30.8,27.7,22.9,25.0,opencv
501,1.221,3.65,2.45,12.38,14.04,28.86,32.52,34.6,30.8,23.1,25.0,opencv
502,1.201,3.40,2.31,14.51,14.09,30.91,34.31,32.4,29.1,23.5,25.0,opencv
503,1.192,3.43,2.69,15.87,13.83,32.40,35.83,30.9,27.9,23.6,25.0,opencv
504,1.198,3.91,2.46,12.52,14.09,29.06,32.98,34.4,30.3,23.6,25.0,opencv
505,1.200,3.84,2.49,13.04,13.87,29.40,33.24,34.0,30.1,23.5,25.0,opencv
506,1.190,3.18,2.40,12.66,13.59,28.66,31.84,34.9,31.4,23.7,25.0,opencv
507,1.194,3.64,3.00,12.18,14.12,29.29,32.94,34.1,30.4,23.6,25.0,opencv
508,1.190,3.37,2.71,11.58,14.67,28.97,32.34,34.5,30.9,23.7,25.0,opencv
509,1.191,3.76,3.03,14.82,13.53,31.38,35.15,31.9,28.4,23.6,25.0,opencv
510,1.182,3.40,2.50,12.36,14.34,29.21,32.61,34.2,30.7,23.9,25.0,opencv
511,1.186,4.02,3.09,13.44,14.33,30.86,34.89,32.4,28.7,23.8,25.0,opencv
512,1.198,3.37,2.85,12.30,13.50,28.66,32.03,34.9,31.2,23.6,25.0,opencv
513,1.198,3.91,2.32,12.46,13.50,28.28,32.19,35.4,31.1,23.6,25.0,opencv
514,1.199,3.10,2.56,14.50,13.60,30.66,33.77,32.6,29.6,23.5,25.0,opencv
515,1.201,3.83,2.44,20.44,14.03,36.91,40.75,27.1,24.5,23.4,25.0,opencv
516,1.209,4.15,2.49,14.92,13.48,30.89,35.04,32.4,28.5,23.3,25.0,opencv
517,1.210,3.12,2.46,12.53,14.21,29.20,32.33,34.2,30.9,23.3,25.0,opencv
518,1.206,4.06,2.44,13.11,14.50,30.05,34.12,33.3,29.3,23.4,25.0,opencv
519,1.208,3.45,2.41,13.03,13.45,28.90,32.35,34.6,30.9,23.4,25.0,opencv
520,1.199,3.43,2.63,12.93,13.64,29.19,32.64,34.3,30.6,23.5,25.0,opencv
521,1.191,3.44,2.35,12.85,14.14,29.33,32.79,34.1,30.5,23.7,25.0,opencv
522,1.191,3.28,2.82,12.68,14.11,29.61,32.90,33.8,30.4,23.7,25.0,opencv
523,1.190,3.31,2.45,12.68,13.91,29.04,32.36,34.4,30.9,23.7,25.0,opencv
524,1.180,3.59,2.65,29.87,13.40,45.92,49.52,21.8,20.2,23.6,25.0,opencv
525,1.204,3.46,2.46,24.55,13.54,40.56,44.02,24.7,22.7,23.2,25.0,opencv
526,1.217,3.44,2.61,12.76,14.18,29.55,33.00,33.8,30.3,23.2,25.0,opencv
527,1.212,4.08,2.61,11.45,14.38,28.45,32.53,35.1,30.7,23.3,25.0,opencv
528,1.198,3.18,2.56,19.01,13.97,35.55,38.73,28.1,25.8,23.4,25.0,opencv
529,1.197,3.94,2.83,13.53,13.97,30.34,34.28,33.0,29.2,23.5,25.0,opencv
530,1.206,3.32,2.81,13.42,14.24,30.46,33.79,32.8,29.6,23.4,25.0,opencv
531,1.212,3.35,2.51,14.49,14.43,31.43,34.78,31.8,28.7,23.3,25.0,opencv
532,1.215,3.84,2.87,32.80,13.78,49.45,53.30,20.2,18.8,22.9,25.0,opencv
533,1.229,3.33,2.58,15.08,14.16,31.82,35.16,31.4,28.4,22.9,25.0,opencv
534,1.230,3.89,3.41,16.02,14.63,34.05,37.96,29.4,26.3,22.9,25.0,opencv
535,1.240,3.85,2.81,17.14,14.38,34.34,38.20,29.1,26.2,22.7,25.0,opencv
536,1.250,3.72,2.76,15.18,13.84,31.78,35.54,31.5,28.1,22.6,25.0,opencv
537,1.248,3.18,2.67,22.41,14.16,39.24,42.43,25.5,23.6,22.5,25.0,opencv
538,1.255,3.34,2.78,13.74,13.75,30.27,33.62,33.0,29.7,22.5,25.0,opencv
539,1.254,3.37,2.57,13.02,13.91,29.50,32.87,33.9,30.4,22.5,25.0,opencv
540,1.255,3.85,2.67,14.22,13.82,30.72,34.57,32.6,28.9,22.5,25.0,opencv
541,1.247,3.21,2.66,15.12,14.71,32.49,35.70,30.8,28.0,22.6,25.0,opencv
542,1.257,3.44,2.40,21.62,13.92,37.94,41.39,26.4,24.2,22.3,25.0,opencv
543,1.259,3.09,2.41,12.69,14.10,29.21,32.31,34.2,31.0,22.5,25.0,opencv
544,1.252,3.09,2.63,12.49,14.13,29.24,32.34,34.2,30.9,22.6,25.0,opencv
545,1.256,3.54,2.56,11.41,13.87,27.85,31.39,35.9,31.9,22.5,25.0,opencv
546,1.253,3.22,2.58,22.08,13.94,38.60,41.82,25.9,23.9,22.4,25.0,opencv
547,1.261,3.46,2.87,14.10,13.90,30.87,34.34,32.4,29.1,22.4,25.0,opencv
548,1.263,3.51,2.84,12.29,14.07,29.20,32.71,34.2,30.6,22.4,25.0,opencv
549,1.262,3.27,2.46,13.78,14.28,30.52,33.80,32.8,29.6,22.4,25.0,opencv
550,1.262,3.31,2.87,12.86,13.80,29.53,32.84,33.9,30.4,22.4,25.0,opencv
551,1.265,3.35,2.66,13.34,14.11,30.10,33.48,33.2,29.9,22.3,25.0,opencv
552,1.257,4.15,2.38,12.31,13.69,28.38,32.53,35.2,30.7,22.5,25.0,opencv
553,1.247,3.44,2.51,12.89,13.76,29.16,32.61,34.3,30.7,22.7,25.0,opencv
554,1.233,3.79,2.70,24.24,13.58,40.52,44.32,24.7,22.6,22.7,25.0,opencv
555,1.241,3.36,2.94,12.96,14.23,30.14,33.50,33.2,29.8,22.8,25.0,opencv
556,1.247,3.33,2.73,13.69,13.61,30.03,33.37,33.3,30.0,22.6,25.0,opencv
557,1.249,3.30,2.56,22.30,14.00,38.86,42.17,25.7,23.7,22.5,25.0,opencv
558,1.268,3.61,2.98,13.51,13.93,30.42,34.04,32.9,29.4,22.3,25.0,opencv
559,1.264,3.32,2.49,13.34,14.08,29.91,33.24,33.4,30.1,22.4,25.0,opencv
560,1.259,3.38,2.74,13.32,14.10,30.16,33.55,33.2,29.8,22.4,25.0,opencv
561,1.235,3.20,2.54,13.08,14.19,29.80,33.01,33.6,30.3,22.9,25.0,opencv
562,1.232,3.12,2.53,14.76,14.22,31.51,34.64,31.7,28.9,22.9,25.0,opencv
563,1.228,3.63,2.77,12.43,14.30,29.49,33.13,33.9,30.2,23.0,25.0,opencv
564,1.219,3.40,2.49,22.09,14.07,38.64,42.05,25.9,23.8,23.0,25.0,opencv
565,1.229,3.51,2.79,20.63,13.61,37.04,40.55,27.0,24.7,22.8,25.0,opencv
566,1.233,3.38,2.74,13.81,14.10,30.65,34.04,32.6,29.4,22.9,25.0,opencv
567,1.231,3.37,2.46,12.22,13.78,28.46,31.84,35.1,31.4,23.0,25.0,opencv
568,1.232,3.43,2.27,12.43,13.99,28.69,32.13,34.9,31.1,22.9,25.0,opencv
569,1.226,3.42,2.58,15.54,14.14,32.25,35.68,31.0,28.0,23.0,25.0,opencv
570,1.227,3.43,2.44,12.66,13.82,28.92,32.36,34.6,30.9,23.0,25.0,opencv
571,1.213,3.44,2.77,12.79,14.29,29.85,33.30,33.5,30.0,23.3,25.0,opencv
572,1.215,3.22,2.73,12.40,14.01,29.14,32.37,34.3,30.9,23.3,25.0,opencv
573,1.216,3.39,2.41,12.81,13.58,28.80,32.20,34.7,31.1,23.2,25.0,opencv
574,1.209,3.65,2.89,12.35,14.49,29.73,33.38,33.6,30.0,23.3,25.0,opencv
575,1.203,3.40,2.43,14.19,14.02,30.64,34.05,32.6,29.4,23.4,25.0,opencv
576,1.201,3.41,2.72,19.83,14.26,36.81,40.23,27.2,24.9,23.4,25.0,opencv
577,1.213,3.45,2.50,13.90,14.34,30.74,34.19,32.5,29.2,23.3,25.0,opencv
578,1.210,3.36,2.25,12.28,13.81,28.34,31.71,35.3,31.5,23.3,25.0,opencv
579,1.211,3.09,2.72,15.48,14.04,32.23,35.33,31.0,28.3,23.3,25.0,opencv
580,1.210,3.69,2.47,11.61,13.68,27.76,31.46,36.0,31.8,23.4,25.0,opencv
581,1.206,3.26,2.36,15.13,13.97,31.46,34.73,31.8,28.8,23.4,25.0,opencv
582,1.203,3.35,2.87,18.02,14.60,35.50,38.85,28.2,25.7,23.4,25.0,opencv
583,1.196,3.11,2.35,13.03,13.56,28.94,32.06,34.6,31.2,23.6,25.0,opencv
584,1.195,3.59,2.60,12.22,14.53,29.35,32.96,34.1,30.3,23.6,25.0,opencv
585,1.191,3.57,2.62,12.78,14.39,29.79,33.37,33.6,30.0,23.7,25.0,opencv
586,1.179,3.37,2.54,13.63,13.66,29.83,33.20,33.5,30.1,23.9,25.0,opencv
587,1.168,3.83,2.48,13.20,14.57,30.25,34.09,33.1,29.3,24.1,25.0,opencv
588,1.169,3.22,3.02,16.64,14.55,34.21,37.44,29.2,26.7,24.0,25.0,opencv
589,1.169,3.12,2.25,16.34,13.96,32.56,35.68,30.7,28.0,24.1,25.0,opencv
590,1.172,3.26,2.50,13.46,13.82,29.78,33.04,33.6,30.3,24.1,25.0,opencv
591,1.174,4.04,2.37,12.44,13.62,28.43,32.48,35.2,30.8,24.0,25.0,opencv
592,1.178,3.49,2.54,25.46,14.07,42.07,45.57,23.8,21.9,23.7,25.0,opencv
593,1.177,3.39,2.38,12.90,13.87,29.15,32.55,34.3,30.7,24.0,25.0,opencv
594,1.163,3.64,2.85,12.47,14.50,29.82,33.47,33.5,29.9,24.2,25.0,opencv
595,1.159,3.72,2.50,12.59,14.31,29.41,33.13,34.0,30.2,24.3,25.0,opencv
596,1.163,3.61,2.91,12.70,15.15,30.76,34.37,32.5,29.1,24.2,25.0,opencv
597,1.164,3.12,2.34,12.62,14.14,29.09,32.22,34.4,31.0,24.2,25.0,opencv
598,1.159,3.36,2.33,15.51,13.79,31.62,34.99,31.6,28.6,24.3,25.0,opencv
599,1.164,3.78,2.54,20.34,13.49,36.38,40.16,27.5,24.9,24.1,25.0,opencv
600,1.174,4.32,2.48,12.82,13.84,29.14,33.47,34.3,29.9,24.0,25.0,opencv
601,1.178,3.24,2.64,13.41,14.34,30.39,33.63,32.9,29.7,23.9,25.0,opencv
602,1.184,3.21,2.33,21.07,13.95,37.35,40.56,26.8,24.7,23.7,25.0,opencv
603,1.195,4.07,2.59,15.49,13.98,32.06,36.14,31.2,27.7,23.6,25.0,opencv
604,1.196,3.24,2.58,14.14,14.07,30.79,34.04,32.5,29.4,23.6,25.0,opencv
605,1.189,3.72,2.51,28.99,13.59,45.09,48.82,22.2,20.5,23.4,25.0,opencv
606,1.205,3.77,2.40,15.24,13.52,31.16,34.94,32.1,28.6,23.4,25.0,opencv
607,1.208,3.28,2.59,17.33,13.57,33.49,36.77,29.9,27.2,23.3,25.0,opencv
608,1.204,3.47,2.96,16.16,13.39,32.51,35.99,30.8,27.8,23.4,25.0,opencv
609,1.208,3.39,2.60,13.34,13.95,29.88,33.28,33.5,30.1,23.4,25.0,opencv
610,1.211,3.40,2.98,19.70,13.58,36.25,39.66,27.6,25.2,23.2,25.0,opencv
611,1.214,4.12,2.58,13.21,14.02,29.81,33.94,33.5,29.5,23.2,25.0,opencv
612,1.217,3.26,2.24,12.18,14.27,28.69,31.95,34.9,31.3,23.2,25.0,opencv
613,1.223,3.72,2.56,16.61,14.01,33.18,36.90,30.1,27.1,23.0,25.0,opencv
614,1.222,3.15,2.58,33.00,13.82,49.40,52.55,20.2,19.0,22.7,25.0,opencv
615,1.237,3.38,2.86,19.63,14.07,36.57,39.95,27.3,25.0,22.7,25.0,opencv
616,1.241,3.53,2.75,14.49,13.89,31.13,34.66,32.1,28.9,22.7,25.0,opencv
617,1.244,3.34,2.36,12.86,13.97,29.19,32.54,34.3,30.7,22.7,25.0,opencv
618,1.246,3.66,2.69,13.27,13.55,29.50,33.17,33.9,30.1,22.7,25.0,opencv
619,1.248,3.09,2.46,13.53,13.62,29.61,32.70,33.8,30.6,22.7,25.0,opencv
620,1.248,3.60,2.52,18.11,13.63,34.26,37.87,29.2,26.4,22.5,25.0,opencv
621,1.243,4.56,2.59,11.96,13.82,28.37,32.94,35.2,30.4,22.7,25.0,opencv
622,1.257,4.58,2.96,13.64,13.51,30.11,34.70,33.2,28.8,22.5,25.0,opencv
623,1.255,3.59,2.48,26.26,13.85,42.59,46.18,23.5,21.7,22.3,25.0,opencv
624,1.274,4.09,2.70,16.95,13.94,33.59,37.69,29.8,26.5,22.1,25.0,opencv
625,1.280,3.52,3.04,27.53,13.99,44.57,48.09,22.4,20.8,21.8,25.0,opencv
626,1.299,3.89,2.58,11.69,13.87,28.14,32.03,35.5,31.2,21.8,25.0,opencv
627,1.301,3.30,2.72,21.62,13.94,38.28,41.59,26.1,24.0,21.6,25.0,opencv
628,1.301,3.33,2.34,13.30,13.98,29.62,32.96,33.8,30.3,21.7,25.0,opencv
629,1.297,3.64,2.95,16.29,13.87,33.11,36.76,30.2,27.2,21.8,25.0,opencv
630,1.297,3.45,2.31,17.21,14.20,33.72,37.18,29.7,26.9,21.7,25.0,opencv
631,1.283,3.44,3.10,26.17,14.47,43.75,47.20,22.9,21.2,21.8,25.0,opencv
632,1.293,3.26,2.61,18.10,14.37,35.09,38.35,28.5,26.1,21.8,25.0,opencv
633,1.298,3.58,2.39,37.42,13.79,53.60,57.19,18.7,17.5,21.4,25.0,opencv
634,1.307,3.79,2.82,19.42,13.48,35.71,39.51,28.0,25.3,21.5,25.0,opencv
635,1.310,3.65,2.89,12.34,13.91,29.14,32.80,34.3,30.5,21.6,25.0,opencv
636,1.315,3.41,2.68,16.96,13.64,33.28,36.70,30.0,27.2,21.5,25.0,opencv
637,1.322,3.08,2.30,26.85,13.58,42.73,45.82,23.4,21.8,21.2,25.0,opencv
638,1.335,3.33,2.40,28.93,13.85,45.19,48.53,22.1,20.6,21.0,25.0,opencv
639,1.348,3.81,2.65,24.56,13.69,40.91,44.73,24.4,22.4,20.8,25.0,opencv
640,1.366,3.26,2.51,22.93,13.97,39.41,42.67,25.4,23.4,20.6,25.0,opencv
641,1.374,4.51,2.68,14.35,13.99,31.01,35.52,32.2,28.1,20.6,25.0,opencv
642,1.373,3.32,2.58,21.21,13.65,37.44,40.78,26.7,24.5,20.5,25.0,opencv
643,1.368,3.80,3.08,22.46,13.68,39.21,43.02,25.5,23.2,20.6,25.0,opencv
644,1.375,3.64,2.91,29.23,13.33,45.47,49.12,22.0,20.4,20.4,25.0,opencv
645,1.394,3.25,2.46,22.18,14.42,39.06,42.32,25.6,23.6,20.2,25.0,opencv
646,1.395,3.24,2.47,12.26,13.73,28.46,31.71,35.1,31.5,20.3,25.0,opencv
647,1.391,3.60,2.39,12.37,14.05,28.80,32.41,34.7,30.9,20.4,25.0,opencv
648,1.391,3.59,2.83,12.71,13.56,29.11,32.70,34.4,30.6,20.4,25.0,opencv
649,1.385,3.18,2.57,12.73,14.34,29.64,32.83,33.7,30.5,20.5,25.0,opencv
650,1.382,3.48,2.41,12.81,13.48,28.70,32.19,34.8,31.1,20.5,25.0,opencv
651,1.370,3.83,2.40,12.13,14.10,28.63,32.46,34.9,30.8,20.7,25.0,opencv
652,1.359,3.31,2.54,14.76,13.62,30.93,34.25,32.3,29.2,20.8,25.0,opencv
653,1.362,3.48,2.56,12.70,13.89,29.15,32.64,34.3,30.6,20.8,25.0,opencv
654,1.349,3.15,2.47,13.50,13.89,29.85,33.01,33.5,30.3,21.0,25.0,opencv
655,1.348,3.63,2.97,11.76,14.39,29.12,32.75,34.3,30.5,21.0,25.0,opencv
656,1.337,3.32,2.30,12.11,13.62,28.02,31.34,35.7,31.9,21.2,25.0,opencv
657,1.336,3.27,2.69,12.92,14.04,29.65,32.93,33.7,30.4,21.2,25.0,opencv
658,1.329,3.45,2.97,12.42,13.59,28.99,32.44,34.5,30.8,21.3,25.0,opencv
659,1.324,3.20,2.67,12.68,13.89,29.24,32.45,34.2,30.8,21.4,25.0,opencv
660,1.314,3.34,2.40,12.86,13.42,28.68,32.03,34.9,31.2,21.6,25.0,opencv
661,1.305,4.13,2.74,11.57,14.18,28.48,32.63,35.1,30.7,21.7,25.0,opencv
662,1.284,3.39,2.53,13.03,13.43,28.98,32.38,34.5,30.9,22.0,25.0,opencv
663,1.276,3.95,3.00,12.01,13.81,28.81,32.77,34.7,30.5,22.2,25.0,opencv
664,1.278,3.35,2.56,15.19,13.63,31.38,34.74,31.9,28.8,22.1,25.0,opencv
665,1.269,3.42,2.82,13.62,14.24,30.68,34.10,32.6,29.3,22.3,25.0,opencv
666,1.254,3.46,2.38,16.57,14.34,33.29,36.75,30.0,27.2,22.5,25.0,opencv
667,1.242,3.57,3.34,13.73,13.74,30.80,34.38,32.5,29.1,22.7,25.0,opencv
668,1.225,3.45,2.44,15.79,13.67,31.90,35.35,31.3,28.3,23.0,25.0,opencv
669,1.208,3.91,3.00,12.05,14.09,29.13,33.06,34.3,30.2,23.4,25.0,opencv
670,1.206,3.82,2.72,12.80,13.93,29.44,33.27,34.0,30.1,23.4,25.0,opencv
671,1.193,3.82,2.73,12.87,13.77,29.37,33.19,34.1,30.1,23.6,25.0,opencv
672,1.186,3.80,2.48,25.16,14.27,41.92,45.72,23.9,21.9,23.5,25.0,opencv
673,1.182,3.32,2.78,13.91,13.76,30.45,33.78,32.8,29.6,23.8,25.0,opencv
674,1.169,3.79,2.31,12.63,13.44,28.39,32.18,35.2,31.1,24.1,25.0,opencv
675,1.175,3.43,2.70,13.31,14.04,30.05,33.49,33.3,29.9,24.0,25.0,opencv
676,1.179,3.97,2.55,12.44,13.94,28.94,32.91,34.6,30.4,23.9,25.0,opencv
677,1.183,4.34,2.98,18.71,14.39,36.08,40.42,27.7,24.7,23.7,25.0,opencv
678,1.189,3.08,2.56,13.14,13.56,29.26,32.34,34.2,30.9,23.7,25.0,opencv
679,1.191,3.88,2.56,20.88,14.05,37.49,41.38,26.7,24.2,23.5,25.0,opencv
680,1.201,3.71,2.30,18.98,13.93,35.21,38.92,28.4,25.7,23.4,25.0,opencv
681,1.215,3.35,2.48,27.59,13.67,43.74,47.10,22.9,21.2,23.0,25.0,opencv
682,1.217,3.76,2.70,15.56,14.26,32.52,36.29,30.7,27.6,23.1,25.0,opencv
683,1.220,3.36,2.50,19.41,13.55,35.45,38.82,28.2,25.8,23.0,25.0,opencv
684,1.233,3.58,2.86,19.42,13.32,35.59,39.17,28.1,25.5,22.8,25.0,opencv
685,1.245,3.80,2.94,21.77,13.13,37.84,41.65,26.4,24.0,22.5,25.0,opencv
686,1.252,3.58,2.77,14.68,14.14,31.59,35.18,31.7,28.4,22.5,25.0,opencv
687,1.255,3.73,2.80,15.90,14.11,32.81,36.54,30.5,27.4,22.4,25.0,opencv
688,1.268,3.84,2.55,18.10,13.61,34.26,38.12,29.2,26.2,22.2,25.0,opencv
689,1.279,3.71,2.67,24.97,13.91,41.55,45.26,24.1,22.1,21.9,25.0,opencv
690,1.286,3.38,2.44,20.04,13.89,36.37,39.76,27.5,25.2,21.9,25.0,opencv
691,1.295,4.02,2.67,20.39,13.98,37.04,41.07,27.0,24.4,21.7,25.0,opencv
692,1.302,3.67,2.74,12.81,14.57,30.12,33.80,33.2,29.6,21.7,25.0,opencv
693,1.297,3.19,2.33,12.33,13.69,28.34,31.54,35.3,31.7,21.8,25.0,opencv
694,1.298,3.38,2.78,26.97,13.53,43.29,46.68,23.1,21.4,21.6,25.0,opencv
695,1.305,3.45,2.82,12.78,13.51,29.12,32.58,34.3,30.7,21.7,25.0,opencv
696,1.307,3.36,2.67,12.47,13.67,28.81,32.17,34.7,31.1,21.6,25.0,opencv
697,1.305,3.66,3.15,13.00,13.85,30.01,33.67,33.3,29.7,21.7,25.0,opencv
698,1.303,3.19,2.69,12.15,13.53,28.37,31.57,35.2,31.7,21.7,25.0,opencv
699,1.296,3.28,2.44,13.98,13.85,30.26,33.55,33.0,29.8,21.8,25.0,opencv
700,1.296,3.57,2.74,19.42,14.29,36.44,40.02,27.4,25.0,21.7,25.0,opencv
701,1.279,3.30,2.32,12.98,14.05,29.35,32.66,34.1,30.6,22.1,25.0,opencv
702,1.280,3.13,2.44,15.73,14.32,32.49,35.63,30.8,28.1,22.0,25.0,opencv
703,1.283,3.82,2.42,12.72,13.79,28.93,32.76,34.6,30.5,22.0,25.0,opencv
704,1.282,3.49,2.50,12.35,13.97,28.82,32.31,34.7,30.9,22.1,25.0,opencv
705,1.277,3.40,2.58,12.38,14.07,29.02,32.43,34.5,30.8,22.1,25.0,opencv
706,1.265,3.62,2.68,13.58,13.77,30.03,33.66,33.3,29.7,22.3,25.0,opencv
707,1.276,4.10,2.88,18.20,13.79,34.87,38.98,28.7,25.7,22.1,25.0,opencv
708,1.269,3.63,2.47,12.73,14.24,29.45,33.08,34.0,30.2,22.3,25.0,opencv
709,1.261,3.92,2.37,12.55,14.36,29.28,33.20,34.2,30.1,22.4,25.0,opencv
710,1.236,3.41,2.56,12.75,14.10,29.41,32.83,34.0,30.5,22.9,25.0,opencv
711,1.230,3.53,2.61,12.89,14.98,30.47,34.01,32.8,29.4,23.0,25.0,opencv
712,1.225,3.54,3.81,25.52,13.82,43.16,46.71,23.2,21.4,22.8,25.0,opencv
713,1.230,4.07,2.56,13.84,13.72,30.13,34.20,33.2,29.2,22.9,25.0,opencv
714,1.218,3.24,2.34,27.71,13.56,43.61,46.86,22.9,21.3,22.9,25.0,opencv
715,1.235,3.35,2.84,14.11,13.55,30.50,33.86,32.8,29.5,22.9,25.0,opencv
716,1.234,3.32,2.42,14.08,13.71,30.22,33.54,33.1,29.8,22.9,25.0,opencv
717,1.222,3.22,2.58,15.29,14.34,32.20,35.43,31.1,28.2,23.1,25.0,opencv
718,1.204,3.39,2.32,15.08,13.99,31.39,34.78,31.9,28.7,23.4,25.0,opencv
719,1.201,3.59,2.62,21.43,13.53,37.58,41.19,26.6,24.3,23.4,25.0,opencv
720,1.203,3.95,3.00,14.00,14.06,31.06,35.02,32.2,28.6,23.4,25.0,opencv
721,1.205,3.39,2.31,12.63,14.30,29.25,32.65,34.2,30.6,23.4,25.0,opencv
722,1.203,3.51,2.45,12.85,13.83,29.13,32.65,34.3,30.6,23.5,25.0,opencv
723,1.184,3.47,2.54,13.11,14.58,30.23,33.71,33.1,29.7,23.8,25.0,opencv
724,1.198,3.47,2.63,20.02,14.18,36.83,40.30,27.2,24.8,23.4,25.0,opencv
725,1.210,3.49,2.62,13.13,14.05,29.80,33.29,33.6,30.0,23.3,25.0,opencv
726,1.211,3.05,2.28,12.33,13.65,28.25,31.31,35.4,31.9,23.3,25.0,opencv
727,1.221,3.83,2.42,18.35,13.50,34.27,38.10,29.2,26.2,23.0,25.0,opencv
728,1.224,3.62,2.68,12.02,14.08,28.78,32.41,34.7,30.9,23.1,25.0,opencv
729,1.218,3.39,2.92,14.28,14.14,31.33,34.73,31.9,28.8,23.2,25.0,opencv
730,1.223,3.85,2.52,13.18,13.69,29.38,33.23,34.0,30.1,23.1,25.0,opencv
731,1.220,4.02,2.93,12.66,14.38,29.97,34.00,33.4,29.4,23.1,25.0,opencv
732,1.224,3.71,2.65,12.92,14.02,29.60,33.31,33.8,30.0,23.1,25.0,opencv
733,1.221,3.33,2.66,12.73,13.81,29.19,32.62,34.3,30.7,23.1,25.0,opencv
734,1.227,3.54,2.48,12.53,13.64,28.65,32.20,34.9,31.1,23.0,25.0,opencv
735,1.224,3.57,2.79,12.69,14.25,29.72,33.30,33.6,30.0,23.1,25.0,opencv
736,1.216,3.39,2.55,16.87,13.32,32.74,36.14,30.5,27.7,23.2,25.0,opencv
737,1.219,3.75,2.63,39.72,13.56,55.92,59.68,17.9,16.8,22.7,25.0,opencv
738,1.242,3.25,2.59,12.58,13.67,28.84,32.10,34.7,31.2,22.8,25.0,opencv
739,1.243,4.14,2.62,13.72,13.77,30.11,34.25,33.2,29.2,22.7,25.0,opencv
740,1.247,3.68,2.57,12.69,13.48,28.73,32.42,34.8,30.8,22.7,25.0,opencv
741,1.229,4.13,2.38,12.61,14.68,29.67,33.80,33.7,29.6,23.0,25.0,opencv
742,1.223,3.29,2.31,12.36,13.70,28.37,31.67,35.2,31.6,23.1,25.0,opencv
743,1.209,3.35,2.61,13.56,13.25,29.43,32.78,34.0,30.5,23.4,25.0,opencv
744,1.203,3.95,2.66,12.51,12.95,28.13,32.08,35.6,31.2,23.5,25.0,opencv
745,1.202,3.99,2.79,12.93,14.15,29.87,33.87,33.5,29.5,23.5,25.0,opencv
746,1.202,3.93,2.66,12.37,13.79,28.83,32.76,34.7,30.5,23.5,25.0,opencv
747,1.205,3.31,2.80,12.81,13.64,29.25,32.57,34.2,30.7,23.4,25.0,opencv
748,1.199,3.47,2.82,15.20,13.71,31.73,35.21,31.5,28.4,23.5,25.0,opencv
749,1.192,3.45,2.31,25.41,13.62,41.34,44.79,24.2,22.3,23.5,25.0,opencv
750,1.205,3.61,2.38,13.21,14.02,29.62,33.24,33.8,30.1,23.4,25.0,opencv
751,1.209,3.96,2.60,12.41,14.25,29.26,33.22,34.2,30.1,23.3,25.0,opencv
752,1.211,3.26,2.56,12.46,14.04,29.06,32.33,34.4,30.9,23.3,25.0,opencv
753,1.192,3.58,2.88,13.35,14.01,30.24,33.83,33.1,29.6,23.7,25.0,opencv
754,1.188,3.28,2.47,12.45,13.59,28.51,31.80,35.1,31.5,23.8,25.0,opencv
755,1.183,3.04,2.45,12.62,13.85,28.92,31.96,34.6,31.3,23.9,25.0,opencv
756,1.169,3.53,2.57,12.37,14.23,29.17,32.70,34.3,30.6,24.1,25.0,opencv
757,1.173,3.48,2.81,13.13,13.93,29.87,33.36,33.5,30.0,24.0,25.0,opencv
758,1.171,3.36,2.52,13.38,14.08,29.97,33.34,33.4,30.0,24.1,25.0,opencv
759,1.172,3.54,2.83,13.82,13.80,30.45,34.00,32.8,29.4,24.0,25.0,opencv
760,1.171,3.09,2.42,12.56,14.24,29.22,32.31,34.2,31.0,24.1,25.0,opencv
761,1.170,3.96,2.96,13.05,14.13,30.14,34.11,33.2,29.3,24.1,25.0,opencv
762,1.185,4.49,3.04,14.28,13.69,31.01,35.51,32.3,28.2,23.8,25.0,opencv
763,1.191,3.38,2.56,17.94,13.61,34.11,37.50,29.3,26.7,23.6,25.0,opencv
764,1.191,3.30,2.39,12.32,14.48,29.19,32.50,34.3,30.8,23.7,25.0,opencv
765,1.184,3.25,2.70,12.42,13.66,28.77,32.02,34.8,31.2,23.8,25.0,opencv
766,1.161,3.71,2.68,17.28,14.12,34.08,37.80,29.3,26.5,24.2,25.0,opencv
767,1.175,3.95,2.42,13.24,13.56,29.22,33.18,34.2,30.1,24.0,25.0,opencv
768,1.181,3.76,2.78,14.62,13.53,30.92,34.69,32.3,28.8,23.9,25.0,opencv
769,1.182,3.16,2.54,14.76,13.72,31.02,34.19,32.2,29.2,23.8,25.0,opencv
770,1.188,3.44,2.68,14.73,13.71,31.12,34.58,32.1,28.9,23.7,25.0,opencv
771,1.191,4.19,2.60,15.29,14.41,32.29,36.50,31.0,27.4,23.6,25.0,opencv
772,1.196,3.00,2.31,23.65,13.83,39.79,42.80,25.1,23.4,23.4,25.0,opencv
773,1.207,3.26,2.38,12.42,13.61,28.41,31.67,35.2,31.6,23.4,25.0,opencv
774,1.202,3.62,2.98,12.00,13.40,28.38,32.01,35.2,31.2,23.5,25.0,opencv
775,1.204,3.45,2.46,12.56,13.94,28.96,32.41,34.5,30.9,23.4,25.0,opencv
776,1.202,3.18,2.76,14.57,14.26,31.59,34.78,31.7,28.8,23.4,25.0,opencv
777,1.199,3.61,2.54,12.28,14.06,28.88,32.50,34.6,30.8,23.5,25.0,opencv
778,1.191,3.26,2.48,13.01,13.48,28.97,32.24,34.5,31.0,23.7,25.0,opencv
779,1.193,3.66,2.47,19.14,13.79,35.40,39.07,28.3,25.6,23.5,25.0,opencv
780,1.200,3.56,2.65,24.71,13.55,40.91,44.48,24.4,22.5,23.3,25.0,opencv
781,1.213,3.77,2.54,25.44,14.04,42.01,45.79,23.8,21.8,23.0,25.0,opencv
782,1.234,4.76,2.96,23.61,13.56,40.13,44.91,24.9,22.3,22.7,25.0,opencv
783,1.251,3.34,2.85,12.63,13.73,29.21,32.56,34.2,30.7,22.6,25.0,opencv
784,1.259,4.47,2.93,25.52,13.40,41.85,46.33,23.9,21.6,22.2,25.0,opencv
785,1.272,3.77,2.72,18.48,13.68,34.88,38.67,28.7,25.9,22.1,25.0,opencv
786,1.282,3.53,3.04,13.95,13.91,30.90,34.45,32.4,29.0,22.0,25.0,opencv
787,1.288,3.17,2.70,12.30,14.21,29.21,32.39,34.2,30.9,22.0,25.0,opencv
788,1.289,3.95,2.52,13.40,14.26,30.18,34.14,33.1,29.3,21.9,25.0,opencv
789,1.291,3.22,2.63,13.51,14.01,30.15,33.37,33.2,30.0,21.9,25.0,opencv
790,1.288,3.87,2.68,14.00,14.40,31.08,34.96,32.2,28.6,21.9,25.0,opencv
791,1.274,3.26,2.41,13.86,14.14,30.41,33.68,32.9,29.7,22.2,25.0,opencv
792,1.267,4.45,2.71,14.19,13.84,30.74,35.21,32.5,28.4,22.3,25.0,opencv
793,1.279,4.71,2.59,12.33,13.59,28.51,33.23,35.1,30.1,22.1,25.0,opencv
794,1.278,3.29,2.40,27.38,14.17,43.95,47.25,22.8,21.2,21.9,25.0,opencv
795,1.290,4.26,2.90,16.33,14.30,33.53,37.80,29.8,26.5,21.8,25.0,opencv
796,1.290,3.14,2.57,24.95,13.62,41.13,44.28,24.3,22.6,21.7,25.0,opencv
797,1.291,3.33,2.77,20.13,13.76,36.65,39.99,27.3,25.0,21.8,25.0,opencv
798,1.296,3.17,2.52,22.98,14.27,39.77,42.94,25.1,23.3,21.7,25.0,opencv
799,1.306,3.41,2.96,15.73,13.82,32.51,35.92,30.8,27.8,21.6,25.0,opencv
800,1.302,3.04,2.38,12.91,13.81,29.10,32.15,34.4,31.1,21.7,25.0,opencv
801,1.288,3.48,2.32,12.09,13.78,28.19,31.67,35.5,31.6,22.0,25.0,opencv
802,1.284,3.25,2.32,13.21,14.32,29.85,33.11,33.5,30.2,22.0,25.0,opencv
803,1.285,4.36,2.63,27.58,13.50,43.71,48.08,22.9,20.8,21.8,25.0,opencv
804,1.301,3.37,2.29,16.10,13.55,31.94,35.31,31.3,28.3,21.7,25.0,opencv
805,1.302,3.50,2.66,29.13,13.48,45.27,48.77,22.1,20.5,21.5,25.0,opencv
806,1.323,3.35,2.50,19.01,13.56,35.08,38.43,28.5,26.0,21.3,25.0,opencv
807,1.332,3.60,2.78,13.08,13.75,29.61,33.21,33.8,30.1,21.2,25.0,opencv
808,1.324,4.01,2.75,12.91,13.89,29.55,33.56,33.8,29.8,21.4,25.0,opencv
809,1.310,3.56,2.56,12.54,13.91,29.00,32.57,34.5,30.7,21.6,25.0,opencv
810,1.297,3.53,2.65,13.36,13.96,29.97,33.52,33.4,29.8,21.8,25.0,opencv
811,1.279,3.09,2.73,12.66,13.81,29.20,32.29,34.2,31.0,22.1,25.0,opencv
812,1.273,3.82,2.64,12.61,13.78,29.03,32.87,34.4,30.4,22.2,25.0,opencv
813,1.252,3.59,3.14,13.05,13.74,29.94,33.54,33.4,29.8,22.6,25.0,opencv
814,1.251,3.11,2.40,12.17,14.28,28.84,31.97,34.7,31.3,22.6,25.0,opencv
815,1.245,3.21,2.80,12.37,14.33,29.51,32.72,33.9,30.6,22.7,25.0,opencv
816,1.241,3.61,2.80,12.22,13.52,28.54,32.16,35.0,31.1,22.8,25.0,opencv
817,1.237,3.35,2.49,15.70,14.29,32.49,35.84,30.8,27.9,22.8,25.0,opencv
818,1.237,3.73,2.58,28.43,13.60,44.61,48.34,22.4,20.7,22.6,25.0,opencv
819,1.256,4.11,2.57,12.93,13.41,28.91,33.02,34.6,30.3,22.5,25.0,opencv
820,1.257,3.59,2.75,35.89,13.33,51.97,55.57,19.2,18.0,22.1,25.0,opencv
821,1.273,3.41,2.54,12.31,14.04,28.90,32.31,34.6,31.0,22.2,25.0,opencv
822,1.268,4.02,2.79,13.65,14.14,30.59,34.62,32.7,28.9,22.3,25.0,opencv
823,1.263,3.73,2.70,17.78,13.45,33.92,37.66,29.5,26.6,22.3,25.0,opencv
824,1.263,3.64,3.06,27.26,14.29,44.61,48.26,22.4,20.7,22.1,25.0,opencv
825,1.271,3.33,2.50,18.68,13.39,34.57,37.91,28.9,26.4,22.2,25.0,opencv
826,1.273,3.37,2.40,20.73,13.23,36.35,39.73,27.5,25.2,22.1,25.0,opencv
827,1.275,3.06,2.41,14.17,13.46,30.04,33.11,33.3,30.2,22.2,25.0,opencv
828,1.264,3.46,2.88,18.90,13.63,35.42,38.88,28.2,25.7,22.3,25.0,opencv
829,1.280,3.73,2.98,23.69,13.75,40.42,44.15,24.7,22.6,21.9,25.0,opencv
830,1.293,3.82,2.80,29.92,14.22,46.94,50.76,21.3,19.7,21.6,25.0,opencv
831,1.315,3.31,2.59,18.61,13.40,34.60,37.91,28.9,26.4,21.4,25.0,opencv
832,1.303,3.39,2.75,25.35,13.62,41.72,45.12,24.0,22.2,21.5,25.0,opencv
833,1.317,3.35,2.53,19.71,13.33,35.58,38.94,28.1,25.7,21.4,25.0,opencv
834,1.311,3.18,2.55,24.70,14.04,41.29,44.48,24.2,22.5,21.4,25.0,opencv
835,1.316,3.35,2.55,25.00,13.96,41.50,44.85,24.1,22.3,21.3,25.0,opencv
836,1.322,3.21,2.61,13.46,13.52,29.59,32.80,33.8,30.5,21.4,25.0,opencv
837,1.331,3.54,2.48,19.70,13.82,35.99,39.54,27.8,25.3,21.2,25.0,opencv
838,1.340,3.93,3.04,13.87,13.28,30.19,34.13,33.1,29.3,21.1,25.0,opencv
839,1.346,3.16,2.60,23.92,13.44,39.96,43.13,25.0,23.2,20.9,25.0,opencv
840,1.351,3.20,2.28,13.20,13.67,29.14,32.36,34.3,30.9,21.0,25.0,opencv
841,1.352,3.37,2.74,39.22,13.66,55.61,58.99,18.0,17.0,20.5,25.0,opencv
842,1.384,3.55,2.76,12.79,13.64,29.20,32.76,34.3,30.5,20.5,25.0,opencv
843,1.386,3.30,2.57,12.65,13.34,28.57,31.87,35.0,31.4,20.5,25.0,opencv
844,1.386,3.75,2.81,13.13,13.38,29.33,33.09,34.1,30.2,20.4,25.0,opencv
845,1.388,3.80,2.45,11.68,13.67,27.79,31.60,36.0,31.6,20.4,25.0,opencv
846,1.383,3.21,2.79,12.15,13.74,28.67,31.89,34.9,31.4,20.5,25.0,opencv
847,1.371,3.56,2.42,28.14,14.12,44.68,48.25,22.4,20.7,20.4,25.0,opencv
848,1.386,3.41,2.87,16.29,14.42,33.58,37.00,29.8,27.0,20.4,25.0,opencv
849,1.374,3.66,2.57,14.72,13.36,30.65,34.32,32.6,29.1,20.6,25.0,opencv
850,1.376,3.57,2.80,12.10,13.47,28.36,31.94,35.3,31.3,20.6,25.0,opencv
851,1.374,3.45,2.43,13.11,13.48,29.01,32.47,34.5,30.8,20.6,25.0,opencv
852,1.364,3.15,2.38,12.95,14.09,29.42,32.57,34.0,30.7,20.8,25.0,opencv
853,1.348,3.98,2.55,19.13,13.52,35.20,39.19,28.4,25.5,20.9,25.0,opencv
854,1.352,4.10,2.75,20.19,13.68,36.61,40.72,27.3,24.6,20.8,25.0,opencv
855,1.351,3.58,2.79,26.60,13.48,42.87,46.46,23.3,21.5,20.8,25.0,opencv
856,1.359,3.50,2.49,13.57,14.23,30.28,33.79,33.0,29.6,20.8,25.0,opencv
857,1.355,3.23,2.27,13.42,13.64,29.32,32.56,34.1,30.7,20.9,25.0,opencv
858,1.340,3.60,2.76,18.67,13.60,35.03,38.64,28.6,25.9,21.0,25.0,opencv
859,1.336,3.71,3.06,25.55,14.36,42.97,46.68,23.3,21.4,21.0,25.0,opencv
860,1.348,3.60,2.87,16.72,14.40,33.99,37.60,29.4,26.6,20.9,25.0,opencv
861,1.351,3.51,3.08,14.25,13.92,31.25,34.77,32.0,28.8,20.9,25.0,opencv
862,1.343,3.18,2.42,24.18,13.46,40.07,43.25,25.0,23.1,20.9,25.0,opencv
863,1.346,4.64,2.75,16.31,13.73,32.79,37.43,30.5,26.7,21.0,25.0,opencv
864,1.341,3.56,2.72,14.79,13.21,30.73,34.30,32.5,29.2,21.1,25.0,opencv
865,1.342,3.27,2.28,31.13,13.57,46.98,50.26,21.3,19.9,20.8,25.0,opencv
866,1.345,3.84,2.73,14.73,14.75,32.21,36.05,31.0,27.7,21.0,25.0,opencv
867,1.352,3.52,2.76,13.78,14.25,30.79,34.32,32.5,29.1,20.9,25.0,opencv
868,1.337,3.20,2.43,12.24,13.71,28.38,31.58,35.2,31.7,21.2,25.0,opencv
869,1.341,3.29,2.75,12.94,13.47,29.16,32.46,34.3,30.8,21.1,25.0,opencv
870,1.314,3.68,2.39,12.63,13.31,28.33,32.01,35.3,31.2,21.6,25.0,opencv
871,1.316,4.90,2.77,12.63,14.23,29.62,34.53,33.8,29.0,21.5,25.0,opencv
872,1.322,3.13,2.45,12.14,14.05,28.64,31.77,34.9,31.5,21.4,25.0,opencv
873,1.322,4.06,2.33,14.78,13.73,30.83,34.90,32.4,28.7,21.4,25.0,opencv
874,1.329,3.39,2.71,34.48,13.40,50.59,53.99,19.8,18.5,21.0,25.0,opencv
875,1.355,4.50,2.78,15.02,13.47,31.27,35.78,32.0,27.9,20.8,25.0,opencv
876,1.339,3.44,2.54,12.41,14.23,29.19,32.63,34.3,30.6,21.1,25.0,opencv
877,1.331,3.37,2.54,13.08,14.26,29.87,33.27,33.5,30.1,21.3,25.0,opencv
878,1.326,3.38,2.54,12.53,14.08,29.15,32.54,34.3,30.7,21.4,25.0,opencv
879,1.329,3.41,2.59,11.96,13.78,28.33,31.74,35.3,31.5,21.3,25.0,opencv
880,1.327,3.83,2.34,14.10,14.11,30.56,34.39,32.7,29.1,21.3,25.0,opencv
881,1.325,3.32,2.56,13.10,13.88,29.54,32.86,33.9,30.4,21.4,25.0,opencv
882,1.317,3.68,2.68,11.55,14.14,28.37,32.06,35.2,31.2,21.5,25.0,opencv
883,1.302,3.24,2.34,14.43,13.86,30.64,33.89,32.6,29.5,21.7,25.0,opencv
884,1.293,3.31,2.47,12.13,14.47,29.07,32.38,34.4,30.9,21.9,25.0,opencv
885,1.293,3.49,2.65,12.39,13.65,28.69,32.18,34.9,31.1,21.9,25.0,opencv
886,1.292,3.76,2.90,12.33,13.87,29.10,32.87,34.4,30.4,21.9,25.0,opencv
887,1.286,3.19,2.57,11.93,13.97,28.47,31.67,35.1,31.6,22.0,25.0,opencv
888,1.267,3.36,2.75,13.75,13.80,30.30,33.66,33.0,29.7,22.3,25.0,opencv
889,1.259,3.41,2.69,12.59,14.31,29.60,33.01,33.8,30.3,22.5,25.0,opencv
890,1.249,3.17,2.64,12.50,14.17,29.31,32.48,34.1,30.8,22.6,25.0,opencv
891,1.234,3.83,2.44,14.73,15.07,32.25,36.08,31.0,27.7,22.8,25.0,opencv
892,1.222,3.37,2.36,12.01,13.77,28.13,31.51,35.5,31.7,23.1,25.0,opencv
893,1.213,3.63,2.80,12.91,13.58,29.30,32.94,34.1,30.4,23.3,25.0,opencv
894,1.200,3.29,2.34,12.74,13.89,28.96,32.26,34.5,31.0,23.5,25.0,opencv
895,1.195,3.62,3.12,13.79,14.12,31.04,34.67,32.2,28.8,23.6,25.0,opencv
896,1.185,3.26,2.62,12.45,13.87,28.93,32.19,34.6,31.1,23.8,25.0,opencv
897,1.186,3.52,2.62,15.10,13.86,31.59,35.12,31.7,28.5,23.7,25.0,opencv
898,1.188,3.40,3.09,13.01,13.85,29.95,33.36,33.4,30.0,23.7,25.0,opencv
899,1.188,3.31,2.36,13.33,13.69,29.38,32.70,34.0,30.6,23.8,25.0,opencv
900,1.181,3.74,3.06,15.02,14.06,32.14,35.88,31.1,27.9,23.8,25.0,opencv
901,1.179,3.44,2.33,12.35,14.09,28.78,32.23,34.8,31.0,23.9,25.0,opencv
902,1.181,3.40,2.55,12.45,13.86,28.87,32.27,34.6,31.0,23.9,25.0,opencv
903,1.156,3.47,2.37,27.50,13.75,43.62,47.09,22.9,21.2,24.1,25.0,opencv
904,1.166,4.21,2.49,26.60,13.82,42.91,47.13,23.3,21.2,23.9,25.0,opencv
905,1.190,3.34,2.66,13.23,14.62,30.51,33.86,32.8,29.5,23.7,25.0,opencv
906,1.195,3.48,2.58,11.93,13.47,27.98,31.47,35.7,31.8,23.7,25.0,opencv
907,1.194,3.77,3.07,12.96,14.01,30.04,33.82,33.3,29.6,23.6,25.0,opencv
908,1.194,3.04,2.42,12.36,14.19,28.97,32.01,34.5,31.2,23.7,25.0,opencv
909,1.194,4.25,2.81,18.35,14.48,35.64,39.90,28.1,25.1,23.5,25.0,opencv
910,1.207,3.72,2.73,24.88,13.49,41.10,44.83,24.3,22.3,23.2,25.0,opencv
911,1.217,3.73,2.88,12.29,13.98,29.14,32.88,34.3,30.4,23.2,25.0,opencv
912,1.219,3.46,3.03,19.21,14.62,36.86,40.32,27.1,24.8,23.0,25.0,opencv
913,1.221,3.23,2.41,27.93,13.64,43.98,47.22,22.7,21.2,22.9,25.0,opencv
914,1.239,3.29,2.82,21.80,13.38,38.00,41.30,26.3,24.2,22.7,25.0,opencv
915,1.249,3.41,2.76,12.22,13.63,28.61,32.03,35.0,31.2,22.6,25.0,opencv
916,1.259,4.24,2.81,19.83,13.95,36.59,40.84,27.3,24.5,22.3,25.0,opencv
917,1.268,3.87,2.50,13.79,13.99,30.27,34.15,33.0,29.3,22.3,25.0,opencv
918,1.267,3.37,2.63,15.48,13.68,31.78,35.16,31.5,28.4,22.3,25.0,opencv
919,1.269,3.55,3.36,23.91,13.84,41.11,44.66,24.3,22.4,22.1,25.0,opencv
920,1.276,3.26,2.84,14.35,13.42,30.60,33.87,32.7,29.5,22.1,25.0,opencv
921,1.279,3.20,2.39,13.78,14.51,30.69,33.89,32.6,29.5,22.1,25.0,opencv
922,1.281,3.75,2.90,15.93,13.75,32.58,36.33,30.7,27.5,22.0,25.0,opencv
923,1.287,3.26,2.57,18.82,12.98,34.37,37.63,29.1,26.6,21.9,25.0,opencv
924,1.284,3.90,2.84,25.72,13.46,42.02,45.93,23.8,21.8,21.8,25.0,opencv
925,1.299,3.56,2.78,13.42,13.52,29.73,33.30,33.6,30.0,21.8,25.0,opencv
926,1.306,3.85,2.81,14.82,13.93,31.56,35.42,31.7,28.2,21.6,25.0,opencv
927,1.311,3.49,2.97,14.48,14.23,31.68,35.17,31.6,28.4,21.5,25.0,opencv
928,1.316,3.30,2.34,15.75,13.35,31.44,34.75,31.8,28.8,21.5,25.0,opencv
929,1.311,3.22,3.05,13.47,13.40,29.92,33.15,33.4,30.2,21.6,25.0,opencv
930,1.315,3.91,2.55,14.78,13.75,31.08,35.00,32.2,28.6,21.5,25.0,opencv
931,1.306,3.26,2.34,13.44,14.15,29.92,33.19,33.4,30.1,21.7,25.0,opencv
932,1.294,4.21,2.70,12.11,14.36,29.17,33.39,34.3,29.9,21.8,25.0,opencv
933,1.277,3.40,2.28,12.47,13.53,28.28,31.69,35.4,31.6,22.2,25.0,opencv
934,1.268,3.44,2.69,13.30,13.74,29.73,33.18,33.6,30.1,22.3,25.0,opencv
935,1.262,4.04,2.68,12.61,13.92,29.22,33.27,34.2,30.1,22.4,25.0,opencv
936,1.260,3.35,2.37,13.29,13.66,29.32,32.68,34.1,30.6,22.4,25.0,opencv
937,1.263,4.12,2.82,17.76,13.61,34.19,38.32,29.2,26.1,22.3,25.0,opencv
938,1.262,3.49,2.83,18.02,13.73,34.58,38.07,28.9,26.3,22.3,25.0,opencv
939,1.256,3.64,2.72,22.17,13.53,38.41,42.06,26.0,23.8,22.3,25.0,opencv
940,1.266,3.86,2.96,15.45,13.98,32.39,36.27,30.9,27.6,22.3,25.0,opencv
941,1.254,3.51,2.49,12.13,14.47,29.09,32.60,34.4,30.7,22.5,25.0,opencv
942,1.237,3.27,2.66,15.06,13.73,31.45,34.72,31.8,28.8,22.8,25.0,opencv
943,1.235,3.49,2.33,12.86,14.39,29.59,33.10,33.8,30.2,22.9,25.0,opencv
944,1.231,3.00,2.59,25.20,13.61,41.40,44.40,24.2,22.5,22.7,25.0,opencv
945,1.224,3.63,2.59,13.17,13.31,29.08,32.71,34.4,30.6,23.1,25.0,opencv
946,1.220,3.04,2.43,11.86,13.82,28.11,31.16,35.6,32.1,23.2,25.0,opencv
947,1.220,3.46,2.47,15.53,13.92,31.92,35.39,31.3,28.3,23.1,25.0,opencv
948,1.211,3.41,2.32,16.13,14.00,32.45,35.87,30.8,27.9,23.3,25.0,opencv
949,1.212,3.32,2.45,21.55,14.19,38.19,41.51,26.2,24.1,23.1,25.0,opencv
950,1.225,3.35,3.25,22.80,14.34,40.39,43.75,24.8,22.9,22.9,25.0,opencv
951,1.233,3.50,2.69,23.73,13.81,40.23,43.75,24.9,22.9,22.7,25.0,opencv
952,1.235,4.11,2.80,13.74,13.79,30.34,34.46,33.0,29.0,22.9,25.0,opencv
953,1.224,3.42,2.36,11.88,13.46,27.71,31.14,36.1,32.1,23.1,25.0,opencv
954,1.227,3.15,2.47,12.16,13.50,28.13,31.29,35.5,32.0,23.1,25.0,opencv
955,1.214,3.51,2.73,11.78,13.87,28.39,31.91,35.2,31.3,23.3,25.0,opencv
956,1.215,3.46,2.81,12.03,13.87,28.71,32.17,34.8,31.1,23.2,25.0,opencv
957,1.216,3.41,2.62,12.90,13.72,29.23,32.65,34.2,30.6,23.2,25.0,opencv
958,1.217,3.48,2.82,18.01,13.45,34.27,37.76,29.2,26.5,23.1,25.0,opencv
959,1.226,4.23,2.60,20.68,14.02,37.31,41.55,26.8,24.1,22.9,25.0,opencv
960,1.240,3.39,2.82,32.13,14.39,49.34,52.74,20.3,19.0,22.4,25.0,opencv
961,1.257,3.14,2.35,12.38,13.78,28.51,31.65,35.1,31.6,22.5,25.0,opencv
962,1.253,3.29,2.38,12.57,13.68,28.64,31.93,34.9,31.3,22.6,25.0,opencv
963,1.251,4.38,2.90,15.55,13.30,31.76,36.15,31.5,27.7,22.5,25.0,opencv
964,1.254,3.41,2.43,11.82,13.92,28.18,31.61,35.5,31.6,22.6,25.0,opencv
965,1.255,3.41,2.94,12.95,13.40,29.29,32.71,34.1,30.6,22.5,25.0,opencv
966,1.250,3.74,2.30,12.95,13.64,28.89,32.64,34.6,30.6,22.6,25.0,opencv
967,1.241,3.36,2.70,13.38,13.59,29.67,33.04,33.7,30.3,22.8,25.0,opencv
968,1.227,3.97,2.47,12.34,13.46,28.27,32.25,35.4,31.0,23.0,25.0,opencv
969,1.225,3.27,2.68,12.98,13.79,29.46,32.74,33.9,30.5,23.1,25.0,opencv
970,1.227,3.49,2.78,12.64,13.74,29.17,32.66,34.3,30.6,23.0,25.0,opencv
971,1.238,3.67,2.62,17.02,13.89,33.52,37.21,29.8,26.9,22.7,25.0,opencv
972,1.236,3.28,2.89,28.97,13.48,45.35,48.63,22.1,20.6,22.6,25.0,opencv
973,1.238,3.38,2.91,13.42,13.76,30.09,33.48,33.2,29.9,22.8,25.0,opencv
974,1.238,3.77,2.65,12.45,13.65,28.75,32.53,34.8,30.7,22.8,25.0,opencv
975,1.240,3.38,2.60,23.73,13.41,39.74,43.12,25.2,23.2,22.6,25.0,opencv
976,1.245,3.69,2.91,21.22,13.63,37.76,41.46,26.5,24.1,22.5,25.0,opencv
977,1.256,3.37,3.03,12.13,13.63,28.80,32.17,34.7,31.1,22.5,25.0,opencv
978,1.250,3.78,2.54,13.98,14.44,30.96,34.75,32.3,28.8,22.6,25.0,opencv
979,1.236,3.25,2.46,13.06,13.92,29.45,32.70,34.0,30.6,22.9,25.0,opencv
980,1.224,3.61,2.72,14.16,13.76,30.64,34.26,32.6,29.2,23.0,25.0,opencv
981,1.225,3.85,2.47,13.64,13.70,29.81,33.67,33.5,29.7,23.0,25.0,opencv
982,1.233,3.70,2.44,12.63,14.24,29.30,33.01,34.1,30.3,22.9,25.0,opencv
983,1.234,3.36,2.37,20.08,13.70,36.14,39.51,27.7,25.3,22.8,25.0,opencv
984,1.244,3.23,2.41,14.11,13.57,30.08,33.32,33.2,30.0,22.7,25.0,opencv
985,1.240,3.39,2.81,12.64,13.62,29.06,32.45,34.4,30.8,22.8,25.0,opencv
986,1.236,3.36,2.35,12.75,13.86,28.97,32.33,34.5,30.9,22.9,25.0,opencv
987,1.233,3.48,2.66,12.48,13.91,29.05,32.55,34.4,30.7,22.9,25.0,opencv
988,1.226,3.73,2.85,14.30,13.62,30.77,34.51,32.5,29.0,23.0,25.0,opencv
989,1.208,3.14,2.59,21.41,13.84,37.84,40.99,26.4,24.4,23.2,25.0,opencv
990,1.218,3.63,2.36,29.00,13.54,44.90,48.53,22.3,20.6,22.9,25.0,opencv
991,1.234,3.40,2.51,12.82,13.92,29.24,32.65,34.2,30.6,22.9,25.0,opencv
992,1.233,3.49,3.08,12.45,14.60,30.13,33.62,33.2,29.7,22.9,25.0,opencv
993,1.241,3.82,2.55,12.80,13.54,28.89,32.72,34.6,30.6,22.8,25.0,opencv
994,1.242,3.52,2.50,12.74,13.54,28.78,32.31,34.7,30.9,22.8,25.0,opencv
995,1.239,3.79,2.49,13.08,13.76,29.32,33.12,34.1,30.2,22.8,25.0,opencv
996,1.239,4.06,2.80,12.40,14.01,29.22,33.29,34.2,30.0,22.8,25.0,opencv
997,1.241,3.20,2.58,12.11,14.08,28.77,31.97,34.8,31.3,22.8,25.0,opencv
998,1.236,3.38,2.43,12.44,13.53,28.39,31.78,35.2,31.5,22.9,25.0,opencv
999,1.237,3.67,2.42,13.01,14.49,29.91,33.58,33.4,29.8,22.8,25.0,opencv
1000,1.223,3.32,2.43,12.56,13.78,28.77,32.09,34.8,31.2,23.1,25.0,opencv
1001,1.207,3.89,2.57,13.66,13.53,29.76,33.66,33.6,29.7,23.4,25.0,opencv
1002,1.216,3.34,2.38,27.25,14.46,44.10,47.44,22.7,21.1,23.0,25.0,opencv
1003,1.226,3.16,2.55,14.96,14.48,31.99,35.15,31.3,28.4,23.0,25.0,opencv
1004,1.214,3.52,2.54,17.03,13.88,33.44,36.97,29.9,27.0,23.2,25.0,opencv
1005,1.206,3.20,2.40,14.01,13.49,29.89,33.09,33.5,30.2,23.4,25.0,opencv
1006,1.204,3.54,2.66,35.64,13.65,51.95,55.50,19.2,18.0,23.0,25.0,opencv
1007,1.221,3.21,2.34,12.00,13.55,27.89,31.10,35.9,32.2,23.2,25.0,opencv
1008,1.223,3.62,2.81,12.28,13.73,28.82,32.45,34.7,30.8,23.1,25.0,opencv
1009,1.222,3.48,2.57,17.57,13.73,33.86,37.35,29.5,26.8,23.0,25.0,opencv
1010,1.224,3.79,2.95,13.37,13.52,29.84,33.63,33.5,29.7,23.1,25.0,opencv
1011,1.223,3.69,2.28,12.73,14.29,29.31,33.01,34.1,30.3,23.1,25.0,opencv
1012,1.212,3.24,2.71,12.50,13.85,29.06,32.30,34.4,31.0,23.3,25.0,opencv
1013,1.206,3.51,2.72,12.49,13.52,28.74,32.25,34.8,31.0,23.4,25.0,opencv
1014,1.206,3.53,2.59,15.47,13.59,31.65,35.19,31.6,28.4,23.4,25.0,opencv
1015,1.206,3.65,2.68,13.70,14.40,30.78,34.44,32.5,29.0,23.4,25.0,opencv
1016,1.205,3.61,2.48,12.95,13.77,29.20,32.82,34.3,30.5,23.4,25.0,opencv
1017,1.196,3.24,2.73,15.22,13.74,31.69,34.94,31.6,28.6,23.6,25.0,opencv
1018,1.187,3.83,2.54,27.10,13.91,43.55,47.39,23.0,21.1,23.5,25.0,opencv
1019,1.190,4.74,2.87,15.19,14.24,32.29,37.04,31.0,27.0,23.6,25.0,opencv
1020,1.201,3.08,2.51,16.27,13.58,32.36,35.45,30.9,28.2,23.5,25.0,opencv
1021,1.201,3.76,2.53,12.27,14.48,29.28,33.04,34.2,30.3,23.5,25.0,opencv
1022,1.195,3.51,2.38,12.71,13.74,28.83,32.35,34.7,30.9,23.6,25.0,opencv
1023,1.194,3.64,2.65,12.95,13.77,29.37,33.02,34.0,30.3,23.6,25.0,opencv
1024,1.198,3.39,2.28,12.93,13.57,28.77,32.17,34.8,31.1,23.6,25.0,opencv
1025,1.195,3.75,2.67,12.95,13.79,29.41,33.17,34.0,30.2,23.6,25.0,opencv
1026,1.195,3.90,2.46,12.65,13.52,28.63,32.53,34.9,30.7,23.6,25.0,opencv
1027,1.199,3.32,2.58,12.88,13.85,29.31,32.63,34.1,30.6,23.5,25.0,opencv
1028,1.196,3.51,3.41,12.29,13.66,29.37,32.89,34.1,30.4,23.6,25.0,opencv
1029,1.200,3.25,2.50,31.16,13.35,47.01,50.27,21.3,19.9,23.2,25.0,opencv
1030,1.216,3.89,2.82,31.47,13.82,48.10,52.00,20.8,19.2,22.9,25.0,opencv
1031,1.218,3.45,2.42,20.21,13.29,35.92,39.38,27.8,25.4,23.1,25.0,opencv
1032,1.229,3.60,2.85,16.35,13.55,32.75,36.36,30.5,27.5,22.9,25.0,opencv
1033,1.231,3.81,2.75,13.98,13.79,30.52,34.34,32.8,29.1,22.9,25.0,opencv
1034,1.235,3.63,2.62,12.50,14.14,29.27,32.91,34.2,30.4,22.9,25.0,opencv
1035,1.212,3.41,2.56,11.97,13.60,28.14,31.56,35.5,31.7,23.3,25.0,opencv
1036,1.219,3.29,2.36,12.95,13.47,28.78,32.07,34.7,31.2,23.2,25.0,opencv
1037,1.218,3.69,3.03,12.75,13.44,29.22,32.91,34.2,30.4,23.2,25.0,opencv
1038,1.223,3.62,2.57,14.71,13.63,30.91,34.54,32.4,29.0,23.1,25.0,opencv
1039,1.225,3.45,2.49,15.84,13.82,32.15,35.60,31.1,28.1,23.0,25.0,opencv
1040,1.227,3.70,2.99,11.37,14.10,28.45,32.16,35.1,31.1,23.0,25.0,opencv
1041,1.239,4.02,2.81,17.18,14.60,34.59,38.62,28.9,25.9,22.7,25.0,opencv
1042,1.246,3.37,2.73,14.06,14.24,31.04,34.41,32.2,29.1,22.7,25.0,opencv
1043,1.252,3.35,2.40,14.92,13.41,30.73,34.09,32.5,29.3,22.5,25.0,opencv
1044,1.259,3.38,2.38,23.90,13.99,40.27,43.66,24.8,22.9,22.3,25.0,opencv
1045,1.269,3.41,2.58,13.05,13.73,29.37,32.79,34.0,30.5,22.3,25.0,opencv
1046,1.266,3.25,2.73,12.46,13.81,29.00,32.25,34.5,31.0,22.3,25.0,opencv
1047,1.253,3.73,2.53,12.09,13.88,28.50,32.23,35.1,31.0,22.6,25.0,opencv
1048,1.243,3.43,2.43,12.49,13.74,28.67,32.11,34.9,31.1,22.7,25.0,opencv
1049,1.237,3.57,2.70,12.73,13.88,29.30,32.88,34.1,30.4,22.8,25.0,opencv
1050,1.248,3.82,2.84,24.10,13.67,40.61,44.44,24.6,22.5,22.4,25.0,opencv
1051,1.267,3.52,2.36,26.54,13.87,42.77,46.29,23.4,21.6,22.1,25.0,opencv
1052,1.283,3.28,2.70,28.17,13.59,44.46,47.74,22.5,20.9,21.8,25.0,opencv
1053,1.301,3.37,2.47,25.46,13.62,41.55,44.93,24.1,22.3,21.5,25.0,opencv
1054,1.311,3.47,2.41,14.16,13.89,30.47,33.95,32.8,29.5,21.6,25.0,opencv
1055,1.312,3.69,3.18,18.30,14.43,35.91,39.61,27.8,25.2,21.5,25.0,opencv
1056,1.322,3.84,2.68,19.26,13.90,35.84,39.68,27.9,25.2,21.3,25.0,opencv
1057,1.332,3.50,2.56,14.79,13.56,30.91,34.42,32.3,29.1,21.2,25.0,opencv
1058,1.320,4.20,2.59,13.26,13.60,29.44,33.65,34.0,29.7,21.4,25.0,opencv
1059,1.304,4.13,2.37,14.37,13.32,30.07,34.21,33.3,29.2,21.7,25.0,opencv
1060,1.296,3.67,2.51,12.69,13.90,29.10,32.78,34.4,30.5,21.8,25.0,opencv
1061,1.288,4.06,2.99,12.82,14.11,29.93,34.00,33.4,29.4,21.9,25.0,opencv
1062,1.291,3.24,2.74,12.07,14.51,29.32,32.56,34.1,30.7,21.9,25.0,opencv
1063,1.288,3.70,2.58,12.83,13.65,29.06,32.77,34.4,30.5,22.0,25.0,opencv
1064,1.296,3.14,2.70,21.70,13.38,37.78,40.93,26.5,24.4,21.7,25.0,opencv
1065,1.302,3.53,2.43,13.42,13.34,29.19,32.73,34.3,30.6,21.7,25.0,opencv
1066,1.302,3.42,2.86,14.58,14.09,31.53,34.96,31.7,28.6,21.7,25.0,opencv
1067,1.291,3.12,2.37,13.39,14.22,29.98,33.10,33.4,30.2,21.9,25.0,opencv
1068,1.288,3.85,3.01,24.39,14.47,41.87,45.73,23.9,21.9,21.7,25.0,opencv
1069,1.301,3.63,3.08,14.61,13.76,31.45,35.09,31.8,28.5,21.7,25.0,opencv
1070,1.286,3.71,2.34,11.60,13.58,27.52,31.24,36.3,32.0,22.0,25.0,opencv
1071,1.287,3.72,2.78,15.73,13.66,32.17,35.90,31.1,27.9,21.9,25.0,opencv
1072,1.288,4.06,2.86,19.42,13.95,36.23,40.29,27.6,24.8,21.8,25.0,opencv
1073,1.279,3.36,2.61,13.11,13.77,29.49,32.86,33.9,30.4,22.1,25.0,opencv
1074,1.283,3.48,2.30,24.37,14.50,41.17,44.65,24.3,22.4,21.8,25.0,opencv
1075,1.300,3.33,2.70,13.85,13.76,30.31,33.64,33.0,29.7,21.7,25.0,opencv
1076,1.300,3.81,2.49,12.79,13.83,29.12,32.93,34.3,30.4,21.8,25.0,opencv
1077,1.306,4.44,2.97,25.26,13.47,41.70,46.15,24.0,21.7,21.4,25.0,opencv
1078,1.321,3.81,2.36,14.13,14.04,30.53,34.34,32.8,29.1,21.4,25.0,opencv
1079,1.299,3.18,2.46,14.56,13.76,30.78,33.96,32.5,29.4,21.8,25.0,opencv
1080,1.281,3.94,2.53,18.07,13.95,34.55,38.51,28.9,26.0,22.0,25.0,opencv
1081,1.273,4.02,2.44,18.09,14.33,34.86,38.88,28.7,25.7,22.1,25.0,opencv
1082,1.259,3.17,2.44,13.65,13.92,30.01,33.19,33.3,30.1,22.4,25.0,opencv
1083,1.266,3.26,2.40,14.37,13.97,30.74,34.01,32.5,29.4,22.3,25.0,opencv
1084,1.261,4.02,2.62,24.98,13.55,41.15,45.19,24.3,22.1,22.2,25.0,opencv
1085,1.260,3.58,2.73,16.62,14.10,33.45,37.03,29.9,27.0,22.4,25.0,opencv
1086,1.261,3.61,2.67,13.87,13.58,30.13,33.74,33.2,29.6,22.4,25.0,opencv
1087,1.252,4.15,3.11,12.52,14.31,29.94,34.10,33.4,29.3,22.5,25.0,opencv
1088,1.249,3.36,2.57,13.68,14.16,30.42,33.78,32.9,29.6,22.6,25.0,opencv
1089,1.251,3.58,2.61,27.31,14.08,44.00,47.59,22.7,21.0,22.3,25.0,opencv
1090,1.262,3.41,2.53,13.78,14.53,30.84,34.26,32.4,29.2,22.4,25.0,opencv
1091,1.270,4.47,2.79,15.78,13.73,32.30,36.78,31.0,27.2,22.2,25.0,opencv
1092,1.278,3.49,2.35,17.63,13.79,33.77,37.27,29.6,26.8,22.1,25.0,opencv
1093,1.269,4.16,2.45,13.36,13.39,29.20,33.36,34.2,30.0,22.3,25.0,opencv
1094,1.269,3.40,2.60,13.27,13.69,29.55,32.96,33.8,30.3,22.3,25.0,opencv
1095,1.265,3.57,2.89,12.45,13.93,29.28,32.85,34.2,30.4,22.4,25.0,opencv
1096,1.265,3.64,2.41,13.03,13.98,29.42,33.06,34.0,30.2,22.3,25.0,opencv
1097,1.252,3.77,2.87,13.54,14.01,30.43,34.20,32.9,29.2,22.5,25.0,opencv
1098,1.253,3.65,2.53,12.65,14.33,29.51,33.17,33.9,30.2,22.6,25.0,opencv
1099,1.255,3.46,2.61,13.09,13.77,29.46,32.93,33.9,30.4,22.5,25.0,opencv
1100,1.249,3.67,2.78,12.87,13.96,29.61,33.29,33.8,30.0,22.6,25.0,opencv
1101,1.236,3.59,2.61,12.99,13.92,29.52,33.12,33.9,30.2,22.8,25.0,opencv
1102,1.248,3.28,2.78,17.14,14.46,34.38,37.67,29.1,26.5,22.6,25.0,opencv
1103,1.236,3.62,2.55,15.63,14.05,32.23,35.86,31.0,27.9,22.8,25.0,opencv
1104,1.231,3.20,2.72,13.43,14.01,30.16,33.36,33.2,30.0,22.9,25.0,opencv
1105,1.231,3.82,2.94,14.69,13.73,31.36,35.20,31.9,28.4,22.9,25.0,opencv
1106,1.218,4.32,2.71,15.65,13.65,32.02,36.34,31.2,27.5,23.1,25.0,opencv
1107,1.217,3.25,2.37,30.09,13.98,46.44,49.70,21.5,20.1,22.9,25.0,opencv
1108,1.239,3.74,2.75,19.82,14.04,36.61,40.36,27.3,24.8,22.7,25.0,opencv
1109,1.244,4.23,2.88,12.21,13.60,28.69,32.93,34.9,30.4,22.7,25.0,opencv
1110,1.241,4.43,3.13,17.90,14.66,35.70,40.14,28.0,24.9,22.6,25.0,opencv
1111,1.254,4.14,2.60,12.88,13.78,29.25,33.40,34.2,29.9,22.5,25.0,opencv
1112,1.252,3.19,2.66,18.05,13.68,34.39,37.59,29.1,26.6,22.5,25.0,opencv
1113,1.249,3.53,2.34,15.98,14.01,32.33,35.87,30.9,27.9,22.6,25.0,opencv
1114,1.248,3.82,2.75,12.86,14.39,29.99,33.82,33.3,29.6,22.6,25.0,opencv
1115,1.246,3.21,2.33,12.43,14.31,29.08,32.29,34.4,31.0,22.7,25.0,opencv
1116,1.248,3.91,2.53,12.99,13.72,29.24,33.16,34.2,30.2,22.6,25.0,opencv
1117,1.248,3.82,2.44,12.76,13.56,28.76,32.59,34.8,30.7,22.7,25.0,opencv
1118,1.233,3.41,2.65,13.30,14.16,30.11,33.53,33.2,29.8,22.9,25.0,opencv
1119,1.235,3.68,2.90,12.07,13.95,28.92,32.61,34.6,30.7,22.9,25.0,opencv
1120,1.223,3.33,2.49,20.91,14.44,37.84,41.17,26.4,24.3,22.9,25.0,opencv
1121,1.227,3.23,2.35,20.85,14.32,37.51,40.75,26.7,24.5,22.9,25.0,opencv
1122,1.245,3.89,2.87,14.81,13.62,31.30,35.19,32.0,28.4,22.7,25.0,opencv
1123,1.251,3.26,2.84,12.84,14.46,30.14,33.40,33.2,29.9,22.6,25.0,opencv
1124,1.252,3.97,2.38,14.61,14.46,31.45,35.43,31.8,28.2,22.5,25.0,opencv
1125,1.252,3.30,2.36,28.96,13.78,45.10,48.40,22.2,20.7,22.3,25.0,opencv
1126,1.271,3.79,2.63,16.39,13.89,32.91,36.71,30.4,27.2,22.2,25.0,opencv
1127,1.271,3.03,2.55,32.57,13.54,48.66,51.69,20.6,19.3,21.9,25.0,opencv
1128,1.291,3.79,2.72,25.31,14.09,42.12,45.92,23.7,21.8,21.7,25.0,opencv
1129,1.301,3.47,2.76,13.24,14.58,30.57,34.05,32.7,29.4,21.7,25.0,opencv
1130,1.300,3.43,2.61,12.71,14.42,29.74,33.18,33.6,30.1,21.8,25.0,opencv
1131,1.284,3.82,2.65,13.47,13.85,29.98,33.80,33.4,29.6,22.0,25.0,opencv
1132,1.293,4.61,2.66,25.75,13.66,42.07,46.68,23.8,21.4,21.7,25.0,opencv
1133,1.313,3.27,2.46,27.22,13.56,43.25,46.52,23.1,21.5,21.3,25.0,opencv
1134,1.332,4.35,2.79,24.59,13.98,41.36,45.72,24.2,21.9,21.1,25.0,opencv
1135,1.334,3.47,2.94,12.74,13.81,29.50,32.98,33.9,30.3,21.2,25.0,opencv
1136,1.317,3.43,2.46,12.50,13.99,28.96,32.40,34.5,30.9,21.5,25.0,opencv
1137,1.304,3.77,2.62,13.10,14.24,29.96,33.74,33.4,29.6,21.7,25.0,opencv
1138,1.305,3.79,2.60,15.18,14.78,32.56,36.35,30.7,27.5,21.6,25.0,opencv
1139,1.293,3.82,2.71,12.62,14.09,29.43,33.26,34.0,30.1,21.9,25.0,opencv
1140,1.294,3.32,2.44,12.76,13.82,29.02,32.35,34.5,30.9,21.9,25.0,opencv
1141,1.284,3.75,2.77,26.79,14.07,43.63,47.39,22.9,21.1,21.8,25.0,opencv
1142,1.302,3.53,2.47,25.40,13.73,41.60,45.14,24.0,22.2,21.5,25.0,opencv
1143,1.316,3.73,2.89,13.38,13.79,30.06,33.79,33.3,29.6,21.5,25.0,opencv
1144,1.318,3.27,2.62,11.97,14.49,29.08,32.35,34.4,30.9,21.5,25.0,opencv
1145,1.317,3.41,2.94,28.29,14.68,45.92,49.34,21.8,20.3,21.2,25.0,opencv
1146,1.337,3.34,2.48,13.20,13.76,29.44,32.79,34.0,30.5,21.2,25.0,opencv
1147,1.338,3.76,2.89,35.78,14.20,52.87,56.64,18.9,17.7,20.8,25.0,opencv
1148,1.360,3.58,2.34,14.28,13.94,30.56,34.14,32.7,29.3,20.8,25.0,opencv
1149,1.351,3.82,2.92,12.15,14.09,29.16,32.98,34.3,30.3,21.0,25.0,opencv
1150,1.340,3.27,2.43,17.36,13.76,33.55,36.83,29.8,27.2,21.1,25.0,opencv
1151,1.329,3.63,2.73,14.76,13.70,31.18,34.82,32.1,28.7,21.3,25.0,opencv
1152,1.322,3.80,2.82,12.80,14.38,30.00,33.80,33.3,29.6,21.4,25.0,opencv
1153,1.327,3.41,2.74,35.55,14.53,52.82,56.23,18.9,17.8,21.0,25.0,opencv
1154,1.333,3.29,2.30,12.73,13.74,28.77,32.06,34.8,31.2,21.2,25.0,opencv
1155,1.325,3.37,2.61,12.26,13.67,28.54,31.91,35.0,31.3,21.4,25.0,opencv
1156,1.311,3.40,2.44,11.62,13.69,27.75,31.16,36.0,32.1,21.6,25.0,opencv
1157,1.298,3.60,2.52,17.74,14.17,34.43,38.04,29.0,26.3,21.7,25.0,opencv
1158,1.302,3.41,2.46,25.68,14.02,42.16,45.57,23.7,21.9,21.5,25.0,opencv
1159,1.310,3.08,2.37,13.89,14.42,30.67,33.76,32.6,29.6,21.6,25.0,opencv
1160,1.312,3.33,2.88,16.28,14.26,33.41,36.75,29.9,27.2,21.5,25.0,opencv
1161,1.289,3.37,2.66,13.52,14.48,30.66,34.03,32.6,29.4,21.9,25.0,opencv
1162,1.273,3.32,2.80,15.17,13.93,31.91,35.24,31.3,28.4,22.2,25.0,opencv
1163,1.252,3.35,2.92,13.64,13.65,30.21,33.57,33.1,29.8,22.6,25.0,opencv
1164,1.258,3.83,2.39,12.60,13.64,28.63,32.47,34.9,30.8,22.5,25.0,opencv
1165,1.256,3.12,2.73,12.55,14.04,29.32,32.45,34.1,30.8,22.5,25.0,opencv
1166,1.259,3.66,2.35,11.82,13.51,27.68,31.34,36.1,31.9,22.5,25.0,opencv
1167,1.254,3.31,2.60,13.88,14.53,31.01,34.33,32.2,29.1,22.5,25.0,opencv
1168,1.254,3.85,2.39,12.51,13.89,28.79,32.65,34.7,30.6,22.5,25.0,opencv
1169,1.253,3.18,2.62,13.02,13.62,29.27,32.45,34.2,30.8,22.6,25.0,opencv
1170,1.238,4.19,2.53,12.04,13.71,28.27,32.47,35.4,30.8,22.8,25.0,opencv
1171,1.217,3.67,3.02,12.58,14.80,30.40,34.07,32.9,29.3,23.2,25.0,opencv
1172,1.225,3.20,2.58,12.95,13.50,29.03,32.24,34.4,31.0,23.1,25.0,opencv
1173,1.226,3.73,2.97,11.98,14.71,29.65,33.39,33.7,29.9,23.0,25.0,opencv
1174,1.212,3.50,2.41,24.07,13.71,40.19,43.69,24.9,22.9,23.1,25.0,opencv
1175,1.219,3.45,2.56,13.36,14.33,30.25,33.71,33.1,29.7,23.1,25.0,opencv
1176,1.194,3.89,2.86,11.87,13.94,28.67,32.57,34.9,30.7,23.7,25.0,opencv
1177,1.200,3.49,2.47,14.82,14.33,31.62,35.11,31.6,28.5,23.5,25.0,opencv
1178,1.203,3.90,2.58,11.92,13.73,28.23,32.14,35.4,31.1,23.5,25.0,opencv
1179,1.201,3.13,2.37,12.45,13.81,28.64,31.77,34.9,31.5,23.5,25.0,opencv
1180,1.203,3.38,2.82,14.29,13.73,30.84,34.23,32.4,29.2,23.4,25.0,opencv
1181,1.206,3.21,2.43,14.92,13.91,31.27,34.48,32.0,29.0,23.4,25.0,opencv
1182,1.187,3.34,2.30,23.15,14.36,39.81,43.16,25.1,23.2,23.6,25.0,opencv
1183,1.206,3.72,2.82,25.85,13.51,42.18,45.90,23.7,21.8,23.2,25.0,opencv
1184,1.220,3.74,2.86,15.61,13.66,32.14,35.88,31.1,27.9,23.1,25.0,opencv
1185,1.220,3.27,2.28,12.80,13.82,28.90,32.17,34.6,31.1,23.2,25.0,opencv
1186,1.214,3.69,2.97,25.27,13.87,42.11,45.80,23.7,21.8,23.0,25.0,opencv
1187,1.215,3.47,2.94,13.04,13.77,29.75,33.23,33.6,30.1,23.2,25.0,opencv
1188,1.220,3.15,2.43,12.39,14.37,29.19,32.34,34.3,30.9,23.2,25.0,opencv
1189,1.215,3.48,2.90,14.58,13.74,31.22,34.71,32.0,28.8,23.2,25.0,opencv
1190,1.219,3.53,2.72,12.90,14.17,29.79,33.33,33.6,30.0,23.2,25.0,opencv
1191,1.223,4.17,2.64,16.64,14.24,33.53,37.70,29.8,26.5,23.0,25.0,opencv
1192,1.229,3.12,2.43,31.65,13.83,47.92,51.04,20.9,19.6,22.7,25.0,opencv
1193,1.247,4.25,2.53,25.68,13.70,41.91,46.16,23.9,21.7,22.4,25.0,opencv
1194,1.270,3.32,2.53,25.01,13.47,41.01,44.34,24.4,22.6,22.1,25.0,opencv
1195,1.277,3.80,3.07,13.51,13.84,30.43,34.23,32.9,29.2,22.1,25.0,opencv
1196,1.271,3.51,2.49,12.88,14.36,29.73,33.27,33.6,30.1,22.2,25.0,opencv
1197,1.277,3.56,2.67,17.87,14.31,34.84,38.41,28.7,26.0,22.0,25.0,opencv
1198,1.287,3.70,2.99,13.14,13.81,29.94,33.65,33.4,29.7,22.0,25.0,opencv
1199,1.297,3.38,2.92,14.91,13.73,31.55,34.94,31.7,28.6,21.8,25.0,opencv
1200,1.295,3.31,2.57,27.91,13.69,44.17,47.49,22.6,21.1,21.6,25.0,opencv
1201,1.310,4.17,2.51,17.41,14.35,34.27,38.45,29.2,26.0,21.5,25.0,opencv
1202,1.311,3.33,2.78,12.08,14.36,29.22,32.55,34.2,30.7,21.6,25.0,opencv
1203,1.295,3.82,3.18,25.56,13.68,42.41,46.24,23.6,21.6,21.6,25.0,opencv
1204,1.306,3.85,2.77,14.42,13.81,30.99,34.85,32.3,28.7,21.6,25.0,opencv
1205,1.307,3.31,2.59,12.20,13.56,28.35,31.67,35.3,31.6,21.7,25.0,opencv
1206,1.301,3.79,2.62,13.10,13.63,29.35,33.15,34.1,30.2,21.7,25.0,opencv
1207,1.305,3.13,2.49,12.19,13.78,28.46,31.60,35.1,31.6,21.7,25.0,opencv
1208,1.304,3.36,2.85,19.03,13.76,35.64,39.01,28.1,25.6,21.6,25.0,opencv
1209,1.311,3.39,2.86,24.63,13.66,41.15,44.54,24.3,22.4,21.4,25.0,opencv
1210,1.324,3.83,3.05,21.45,13.68,38.17,42.01,26.2,23.8,21.2,25.0,opencv
1211,1.321,3.41,2.58,18.30,14.07,34.95,38.37,28.6,26.1,21.3,25.0,opencv
1212,1.309,3.82,2.76,11.41,13.83,27.99,31.83,35.7,31.4,21.6,25.0,opencv
1213,1.307,3.66,2.76,13.60,13.98,30.34,34.00,33.0,29.4,21.6,25.0,opencv
1214,1.311,3.56,3.19,12.54,13.94,29.67,33.24,33.7,30.1,21.6,25.0,opencv
1215,1.295,3.45,2.56,12.43,14.20,29.18,32.64,34.3,30.6,21.8,25.0,opencv
1216,1.298,3.62,2.60,13.09,13.62,29.30,32.93,34.1,30.4,21.8,25.0,opencv
1217,1.301,3.30,2.64,13.17,13.88,29.68,32.99,33.7,30.3,21.7,25.0,opencv
1218,1.297,3.06,2.72,14.70,14.19,31.61,34.68,31.6,28.8,21.8,25.0,opencv
1219,1.299,4.15,2.42,15.61,14.10,32.13,36.30,31.1,27.5,21.7,25.0,opencv
1220,1.287,3.37,2.52,15.86,14.31,32.68,36.06,30.6,27.7,21.9,25.0,opencv
1221,1.283,3.49,2.61,22.73,13.85,39.20,42.70,25.5,23.4,21.9,25.0,opencv
1222,1.282,3.62,2.67,26.91,14.17,43.75,47.38,22.9,21.1,21.8,25.0,opencv
1223,1.283,3.28,2.56,27.15,13.95,43.66,46.94,22.9,21.3,21.8,25.0,opencv
1224,1.294,3.50,2.41,13.43,14.01,29.85,33.36,33.5,30.0,21.8,25.0,opencv
1225,1.298,3.75,2.91,12.51,14.23,29.66,33.42,33.7,29.9,21.8,25.0,opencv
1226,1.286,3.20,2.38,11.95,14.12,28.45,31.66,35.2,31.6,22.0,25.0,opencv
1227,1.282,3.62,2.58,12.86,14.39,29.83,33.46,33.5,29.9,22.0,25.0,opencv
1228,1.273,3.31,2.60,11.72,13.76,28.09,31.41,35.6,31.8,22.2,25.0,opencv
1229,1.255,3.36,2.45,29.06,13.64,45.16,48.52,22.1,20.6,22.2,25.0,opencv
1230,1.263,3.98,2.52,14.81,14.28,31.60,35.59,31.6,28.1,22.3,25.0,opencv
1231,1.275,4.21,2.95,25.28,13.57,41.81,46.03,23.9,21.7,21.9,25.0,opencv
1232,1.281,3.24,2.32,24.97,13.92,41.21,44.46,24.3,22.5,21.9,25.0,opencv
1233,1.296,3.48,2.71,26.32,13.89,42.93,46.42,23.3,21.5,21.6,25.0,opencv
1234,1.309,3.55,3.00,13.79,13.54,30.33,33.89,33.0,29.5,21.6,25.0,opencv
1235,1.307,3.72,2.81,12.74,13.82,29.37,33.09,34.1,30.2,21.6,25.0,opencv
1236,1.305,3.64,2.71,14.59,14.23,31.53,35.18,31.7,28.4,21.6,25.0,opencv
1237,1.299,3.56,3.02,12.22,14.05,29.29,32.86,34.1,30.4,21.8,25.0,opencv
1238,1.283,3.65,2.44,12.55,14.25,29.25,32.91,34.2,30.4,22.0,25.0,opencv
1239,1.272,4.06,2.66,13.10,14.64,30.39,34.46,32.9,29.0,22.2,25.0,opencv
1240,1.257,3.56,2.86,12.25,14.14,29.24,32.81,34.2,30.5,22.5,25.0,opencv
1241,1.263,3.48,3.09,13.53,14.67,31.29,34.78,32.0,28.8,22.3,25.0,opencv
1242,1.266,3.53,2.52,12.86,14.48,29.86,33.39,33.5,29.9,22.3,25.0,opencv
1243,1.278,3.26,2.60,16.70,14.40,33.70,36.97,29.7,27.1,22.1,25.0,opencv
1244,1.280,4.03,2.59,12.64,14.40,29.63,33.66,33.8,29.7,22.1,25.0,opencv
1245,1.279,3.38,2.41,16.21,14.18,32.80,36.19,30.5,27.6,22.0,25.0,opencv
1246,1.277,3.54,2.91,13.04,14.88,30.83,34.38,32.4,29.1,22.1,25.0,opencv
1247,1.286,4.76,2.65,20.25,13.88,36.78,41.55,27.2,24.1,21.8,25.0,opencv
1248,1.294,3.45,2.83,20.90,14.10,37.82,41.28,26.4,24.2,21.7,25.0,opencv
1249,1.304,3.41,2.75,25.44,14.15,42.34,45.76,23.6,21.9,21.5,25.0,opencv
1250,1.296,3.71,2.67,15.37,14.50,32.54,36.25,30.7,27.6,21.8,25.0,opencv
1251,1.278,3.31,2.42,13.53,14.56,30.51,33.82,32.8,29.6,22.1,25.0,opencv
1252,1.263,4.29,2.73,15.30,13.78,31.80,36.10,31.4,27.7,22.3,25.0,opencv
1253,1.273,4.23,3.12,12.84,13.67,29.62,33.86,33.8,29.5,22.2,25.0,opencv
1254,1.277,3.04,2.30,19.74,14.00,36.05,39.09,27.7,25.6,22.0,25.0,opencv
1255,1.289,3.52,2.78,13.39,14.10,30.27,33.79,33.0,29.6,21.9,25.0,opencv
1256,1.287,3.67,3.07,12.51,14.63,30.21,33.89,33.1,29.5,22.0,25.0,opencv
1257,1.286,3.23,2.49,12.84,14.26,29.58,32.82,33.8,30.5,22.0,25.0,opencv
1258,1.271,3.86,2.63,14.39,13.55,30.58,34.45,32.7,29.0,22.2,25.0,opencv
1259,1.268,3.71,2.56,26.74,14.20,43.50,47.22,23.0,21.2,22.1,25.0,opencv
1260,1.266,3.59,2.84,14.61,13.66,31.12,34.72,32.1,28.8,22.3,25.0,opencv
1261,1.251,3.40,2.63,23.68,14.15,40.46,43.87,24.7,22.8,22.4,25.0,opencv
1262,1.255,4.55,3.03,15.86,14.33,33.21,37.77,30.1,26.5,22.4,25.0,opencv
1263,1.266,3.42,2.60,22.92,14.19,39.71,43.14,25.2,23.2,22.1,25.0,opencv
1264,1.277,3.59,2.92,30.36,13.86,47.14,50.74,21.2,19.7,21.8,25.0,opencv
1265,1.298,3.59,2.54,23.53,14.26,40.33,43.93,24.8,22.8,21.6,25.0,opencv
1266,1.310,3.26,2.60,13.33,14.11,30.04,33.31,33.3,30.0,21.6,25.0,opencv
1267,1.310,3.84,2.73,12.67,13.86,29.26,33.10,34.2,30.2,21.6,25.0,opencv
1268,1.309,3.25,2.41,12.50,13.66,28.57,31.83,35.0,31.4,21.6,25.0,opencv
1269,1.313,3.58,2.54,13.10,13.51,29.15,32.74,34.3,30.5,21.6,25.0,opencv
1270,1.308,3.37,2.47,12.78,13.77,29.02,32.40,34.5,30.9,21.6,25.0,opencv
1271,1.302,3.69,3.43,13.11,13.87,30.40,34.10,32.9,29.3,21.7,25.0,opencv
1272,1.295,3.39,2.49,19.16,14.41,36.06,39.46,27.7,25.3,21.7,25.0,opencv
1273,1.301,3.39,2.30,23.64,13.75,39.69,43.09,25.2,23.2,21.6,25.0,opencv
1274,1.309,3.81,2.56,13.09,14.28,29.93,33.74,33.4,29.6,21.6,25.0,opencv
1275,1.310,3.78,2.72,12.88,13.66,29.26,33.05,34.2,30.3,21.6,25.0,opencv
1276,1.293,3.36,3.08,12.56,14.04,29.69,33.06,33.7,30.2,21.9,25.0,opencv
1277,1.284,3.26,2.34,13.00,13.98,29.32,32.58,34.1,30.7,22.0,25.0,opencv
1278,1.269,3.51,2.86,12.78,14.50,30.14,33.65,33.2,29.7,22.3,25.0,opencv
1279,1.269,3.26,2.58,12.10,14.52,29.20,32.46,34.2,30.8,22.3,25.0,opencv
1280,1.271,3.18,2.56,14.87,14.19,31.62,34.80,31.6,28.7,22.2,25.0,opencv
1281,1.265,3.63,2.62,27.39,14.72,44.73,48.37,22.4,20.7,22.1,25.0,opencv
1282,1.282,4.89,2.96,15.59,13.72,32.27,37.17,31.0,26.9,22.0,25.0,opencv
1283,1.274,3.60,2.74,12.82,13.70,29.26,32.87,34.2,30.4,22.2,25.0,opencv
1284,1.266,3.42,2.38,12.28,14.36,29.02,32.45,34.5,30.8,22.3,25.0,opencv
1285,1.266,3.41,2.82,17.56,13.56,33.94,37.36,29.5,26.8,22.3,25.0,opencv
1286,1.267,3.27,2.66,12.93,14.43,30.03,33.31,33.3,30.0,22.3,25.0,opencv
1287,1.266,3.68,3.04,22.21,14.41,39.66,43.36,25.2,23.1,22.1,25.0,opencv
1288,1.272,3.32,2.60,22.30,14.05,38.95,42.27,25.7,23.7,22.1,25.0,opencv
1289,1.278,3.17,2.38,26.23,13.64,42.25,45.42,23.7,22.0,21.9,25.0,opencv
1290,1.278,3.44,2.56,15.00,13.88,31.44,34.89,31.8,28.7,22.1,25.0,opencv
1291,1.264,4.18,2.93,12.55,13.94,29.42,33.61,34.0,29.8,22.4,25.0,opencv
1292,1.254,3.32,2.74,14.17,13.46,30.37,33.69,32.9,29.7,22.5,25.0,opencv
1293,1.234,3.90,2.76,13.15,13.95,29.85,33.76,33.5,29.6,22.9,25.0,opencv
1294,1.221,3.26,2.70,16.10,14.67,33.46,36.73,29.9,27.2,23.0,25.0,opencv
1295,1.223,3.56,2.87,25.34,13.89,42.10,45.67,23.8,21.9,22.9,25.0,opencv
1296,1.232,3.52,2.91,15.40,14.51,32.82,36.35,30.5,27.5,22.9,25.0,opencv
1297,1.233,3.29,2.31,11.87,14.20,28.39,31.69,35.2,31.6,22.9,25.0,opencv
1298,1.231,3.44,2.62,19.68,13.62,35.91,39.36,27.8,25.4,22.8,25.0,opencv
1299,1.240,3.15,2.67,24.60,14.30,41.57,44.73,24.1,22.4,22.6,25.0,opencv
1300,1.248,3.63,2.84,15.96,14.49,33.29,36.93,30.0,27.1,22.6,25.0,opencv
1301,1.236,3.30,2.31,13.87,14.89,31.08,34.39,32.2,29.1,22.8,25.0,opencv
1302,1.230,3.29,2.37,16.64,13.88,32.90,36.20,30.4,27.6,22.9,25.0,opencv
1303,1.238,3.21,2.73,14.36,14.00,31.09,34.30,32.2,29.2,22.8,25.0,opencv
1304,1.240,3.71,2.80,33.43,14.00,50.24,53.95,19.9,18.5,22.4,25.0,opencv
1305,1.265,3.71,2.84,25.43,14.07,42.34,46.05,23.6,21.7,22.1,25.0,opencv
1306,1.281,3.39,2.61,26.74,13.95,43.30,46.69,23.1,21.4,21.8,25.0,opencv
1307,1.292,3.67,2.45,13.45,14.00,29.90,33.58,33.4,29.8,21.9,25.0,opencv
1308,1.292,3.86,2.72,13.05,14.29,30.07,33.94,33.3,29.5,21.9,25.0,opencv
1309,1.288,3.78,2.75,13.34,14.35,30.44,34.23,32.8,29.2,21.9,25.0,opencv
1310,1.275,3.61,2.31,14.10,13.83,30.25,33.87,33.1,29.5,22.2,25.0,opencv
1311,1.262,3.60,2.77,13.49,13.75,30.02,33.62,33.3,29.7,22.4,25.0,opencv
1312,1.261,3.47,2.39,12.34,14.00,28.73,32.21,34.8,31.1,22.4,25.0,opencv
1313,1.273,4.80,2.82,29.35,14.10,46.28,51.08,21.6,19.6,21.9,25.0,opencv
1314,1.291,3.93,2.76,17.26,13.73,33.74,37.69,29.6,26.5,21.8,25.0,opencv
1315,1.305,3.91,2.89,14.78,13.68,31.35,35.27,31.9,28.4,21.6,25.0,opencv
1316,1.295,3.57,3.13,13.89,13.86,30.88,34.46,32.4,29.0,21.8,25.0,opencv
1317,1.273,3.27,2.28,12.30,14.15,28.73,32.01,34.8,31.2,22.2,25.0,opencv
1318,1.260,3.64,2.92,12.31,14.41,29.63,33.28,33.7,30.0,22.4,25.0,opencv
1319,1.261,3.47,2.54,16.66,13.56,32.76,36.24,30.5,27.6,22.3,25.0,opencv
1320,1.261,3.37,2.76,12.70,14.30,29.76,33.14,33.6,30.2,22.4,25.0,opencv
1321,1.257,3.79,2.85,14.88,14.24,31.96,35.76,31.3,28.0,22.4,25.0,opencv
1322,1.261,3.44,3.31,14.02,14.18,31.51,34.95,31.7,28.6,22.4,25.0,opencv
1323,1.265,3.46,2.42,27.83,14.48,44.73,48.20,22.4,20.7,22.1,25.0,opencv
1324,1.271,3.63,2.65,11.54,14.44,28.63,32.26,34.9,31.0,22.3,25.0,opencv
1325,1.277,3.38,2.55,14.09,13.83,30.46,33.85,32.8,29.5,22.1,25.0,opencv
1326,1.282,3.50,2.55,12.82,14.09,29.47,32.98,33.9,30.3,22.1,25.0,opencv
1327,1.275,3.42,2.35,12.88,13.82,29.05,32.49,34.4,30.8,22.2,25.0,opencv
1328,1.260,3.37,2.75,12.89,13.91,29.55,32.93,33.8,30.4,22.4,25.0,opencv
1329,1.254,3.18,2.60,12.88,13.85,29.33,32.52,34.1,30.8,22.5,25.0,opencv
1330,1.256,3.36,2.60,16.65,13.67,32.92,36.29,30.4,27.6,22.4,25.0,opencv
1331,1.262,3.82,2.64,12.62,14.81,30.06,33.89,33.3,29.5,22.4,25.0,opencv
1332,1.257,4.08,2.55,24.98,13.82,41.34,45.43,24.2,22.0,22.3,25.0,opencv
1333,1.255,3.65,2.85,26.49,13.46,42.80,46.46,23.4,21.5,22.3,25.0,opencv
1334,1.255,3.41,2.73,15.62,13.65,32.01,35.43,31.2,28.2,22.5,25.0,opencv
1335,1.239,3.26,2.47,13.72,14.21,30.40,33.67,32.9,29.7,22.8,25.0,opencv
1336,1.241,3.44,2.63,17.30,14.22,34.15,37.59,29.3,26.6,22.7,25.0,opencv
1337,1.242,3.52,2.38,13.65,14.15,30.18,33.70,33.1,29.7,22.7,25.0,opencv
1338,1.246,3.58,2.59,15.44,13.48,31.50,35.09,31.7,28.5,22.6,25.0,opencv
1339,1.248,3.39,2.39,13.99,13.30,29.69,33.08,33.7,30.2,22.6,25.0,opencv
1340,1.254,3.77,2.61,24.91,13.56,41.08,44.86,24.3,22.3,22.3,25.0,opencv
1341,1.274,3.52,2.70,18.47,13.97,35.13,38.66,28.5,25.9,22.1,25.0,opencv
1342,1.259,3.41,2.67,14.32,13.77,30.76,34.18,32.5,29.3,22.4,25.0,opencv
1343,1.250,3.77,2.83,14.02,14.60,31.45,35.23,31.8,28.4,22.6,25.0,opencv
1344,1.246,3.06,2.70,13.02,14.16,29.87,32.94,33.5,30.4,22.7,25.0,opencv
1345,1.246,3.63,3.03,12.69,13.64,29.36,32.99,34.1,30.3,22.7,25.0,opencv
1346,1.250,3.40,2.66,12.81,13.94,29.41,32.82,34.0,30.5,22.6,25.0,opencv
1347,1.249,3.49,2.75,13.70,13.54,29.99,33.48,33.3,29.9,22.6,25.0,opencv
1348,1.243,3.55,2.42,13.15,14.45,30.01,33.56,33.3,29.8,22.7,25.0,opencv
1349,1.251,3.27,2.86,24.00,13.60,40.46,43.73,24.7,22.9,22.4,25.0,opencv
1350,1.262,3.86,2.61,14.00,14.33,30.94,34.81,32.3,28.7,22.4,25.0,opencv
1351,1.262,3.40,2.42,26.75,13.96,43.12,46.53,23.2,21.5,22.2,25.0,opencv
1352,1.257,3.77,2.64,17.00,13.91,33.56,37.33,29.8,26.8,22.4,25.0,opencv
1353,1.265,3.55,2.61,24.35,13.76,40.72,44.27,24.6,22.6,22.2,25.0,opencv
1354,1.272,3.71,2.72,23.49,13.61,39.82,43.53,25.1,23.0,22.0,25.0,opencv
1355,1.283,3.54,2.74,12.91,13.97,29.62,33.17,33.8,30.1,22.0,25.0,opencv
1356,1.284,3.45,2.68,12.18,13.58,28.44,31.90,35.2,31.4,22.0,25.0,opencv
1357,1.285,3.56,2.74,14.31,13.78,30.84,34.40,32.4,29.1,22.0,25.0,opencv
1358,1.290,3.30,2.58,12.80,13.44,28.83,32.13,34.7,31.1,21.9,25.0,opencv
1359,1.288,3.63,2.88,13.94,13.39,30.20,33.84,33.1,29.6,21.9,25.0,opencv
1360,1.283,3.47,2.58,12.71,13.94,29.23,32.71,34.2,30.6,22.0,25.0,opencv
1361,1.269,3.92,3.01,12.84,14.01,29.86,33.79,33.5,29.6,22.3,25.0,opencv
1362,1.254,3.64,2.67,24.14,14.41,41.21,44.86,24.3,22.3,22.3,25.0,opencv
1363,1.265,3.75,2.58,18.80,13.82,35.20,38.96,28.4,25.7,22.2,25.0,opencv
1364,1.277,3.78,2.53,23.79,13.48,39.80,43.59,25.1,22.9,22.0,25.0,opencv
1365,1.284,3.88,2.42,15.92,13.72,32.07,35.99,31.2,27.8,22.0,25.0,opencv
1366,1.288,3.31,2.46,30.73,14.08,47.27,50.59,21.2,19.8,21.7,25.0,opencv
1367,1.303,3.63,2.57,15.48,14.50,32.55,36.19,30.7,27.6,21.7,25.0,opencv
1368,1.309,3.77,2.71,20.54,13.75,37.00,40.78,27.0,24.5,21.5,25.0,opencv
1369,1.296,3.56,2.66,12.87,14.29,29.82,33.39,33.5,29.9,21.8,25.0,opencv
1370,1.289,3.62,3.02,11.75,14.30,29.07,32.69,34.4,30.6,21.9,25.0,opencv
1371,1.282,3.60,2.61,23.21,14.47,40.30,43.91,24.8,22.8,21.9,25.0,opencv
1372,1.291,3.31,2.34,14.98,13.92,31.24,34.55,32.0,28.9,21.9,25.0,opencv
1373,1.292,3.68,2.58,22.16,13.67,38.41,42.10,26.0,23.8,21.7,25.0,opencv
1374,1.302,3.64,2.75,13.67,13.95,30.37,34.01,32.9,29.4,21.7,25.0,opencv
1375,1.302,3.11,2.85,13.93,14.07,30.85,33.97,32.4,29.4,21.7,25.0,opencv
1376,1.311,3.58,2.69,27.79,13.62,44.11,47.69,22.7,21.0,21.3,25.0,opencv
1377,1.329,4.06,3.06,17.35,14.16,34.57,38.64,28.9,25.9,21.2,25.0,opencv
1378,1.317,3.52,2.44,13.50,13.82,29.76,33.28,33.6,30.0,21.5,25.0,opencv
1379,1.311,3.36,2.90,12.71,14.15,29.76,33.12,33.6,30.2,21.6,25.0,opencv
1380,1.299,3.83,2.59,11.76,13.82,28.18,32.02,35.5,31.2,21.8,25.0,opencv
1381,1.291,3.37,2.32,12.24,14.40,28.96,32.33,34.5,30.9,21.9,25.0,opencv
1382,1.275,3.44,2.41,11.53,14.13,28.08,31.53,35.6,31.7,22.2,25.0,opencv
1383,1.265,3.31,2.31,24.97,13.75,41.03,44.35,24.4,22.6,22.1,25.0,opencv
1384,1.277,3.37,2.91,16.34,13.74,32.99,36.36,30.3,27.5,22.1,25.0,opencv
1385,1.277,3.45,2.47,32.88,14.38,49.73,53.19,20.1,18.8,21.8,25.0,opencv
1386,1.295,3.49,2.55,28.70,13.62,44.88,48.38,22.3,20.7,21.6,25.0,opencv
1387,1.308,3.38,2.66,13.90,13.59,30.15,33.54,33.2,29.8,21.6,25.0,opencv
1388,1.316,4.25,2.79,24.88,13.89,41.56,45.82,24.1,21.8,21.3,25.0,opencv
1389,1.325,3.91,2.86,13.10,13.61,29.57,33.49,33.8,29.9,21.4,25.0,opencv
1390,1.333,3.77,2.90,28.48,14.48,45.86,49.64,21.8,20.1,21.0,25.0,opencv
1391,1.339,3.43,2.78,14.53,14.61,31.92,35.36,31.3,28.3,21.1,25.0,opencv
1392,1.334,3.17,2.53,14.18,13.52,30.23,33.41,33.1,29.9,21.2,25.0,opencv
1393,1.324,3.80,2.58,27.38,14.19,44.15,47.96,22.6,20.8,21.1,25.0,opencv
1394,1.343,3.63,2.58,17.08,13.67,33.33,36.97,30.0,27.0,21.0,25.0,opencv
1395,1.327,3.15,2.43,12.69,13.63,28.75,31.91,34.8,31.3,21.3,25.0,opencv
1396,1.323,3.34,2.82,15.46,14.30,32.58,35.93,30.7,27.8,21.3,25.0,opencv
1397,1.326,3.35,2.67,11.64,13.50,27.81,31.17,36.0,32.1,21.4,25.0,opencv
1398,1.326,3.93,2.54,23.02,13.78,39.34,43.28,25.4,23.1,21.2,25.0,opencv
1399,1.335,4.15,2.54,13.05,14.84,30.43,34.59,32.9,28.9,21.2,25.0,opencv
1400,1.323,3.59,2.39,12.67,14.08,29.14,32.73,34.3,30.5,21.4,25.0,opencv
1401,1.321,4.26,2.70,13.01,13.94,29.64,33.92,33.7,29.5,21.4,25.0,opencv
1402,1.321,3.54,2.67,11.54,13.70,27.90,31.45,35.8,31.8,21.4,25.0,opencv
1403,1.317,3.96,2.41,12.75,13.49,28.65,32.62,34.9,30.7,21.5,25.0,opencv
1404,1.317,3.53,2.50,12.81,14.40,29.71,33.24,33.7,30.1,21.5,25.0,opencv
1405,1.293,3.63,2.95,12.63,14.49,30.07,33.71,33.3,29.7,21.9,25.0,opencv
1406,1.288,3.03,2.28,13.01,14.15,29.44,32.48,34.0,30.8,22.0,25.0,opencv
1407,1.291,3.66,2.74,12.27,13.83,28.84,32.51,34.7,30.8,21.9,25.0,opencv
1408,1.293,3.60,2.75,14.87,13.69,31.30,34.91,31.9,28.6,21.8,25.0,opencv
1409,1.294,3.24,3.00,13.34,14.78,31.12,34.37,32.1,29.1,21.8,25.0,opencv
1410,1.293,3.35,2.48,14.11,13.94,30.53,33.88,32.8,29.5,21.9,25.0,opencv
1411,1.294,3.51,2.61,14.09,13.91,30.61,34.13,32.7,29.3,21.8,25.0,opencv
1412,1.289,3.34,2.31,26.99,13.73,43.03,46.38,23.2,21.6,21.7,25.0,opencv
1413,1.298,3.49,2.62,13.49,13.62,29.73,33.23,33.6,30.1,21.8,25.0,opencv
1414,1.281,4.29,2.38,12.68,14.52,29.58,33.88,33.8,29.5,22.1,25.0,opencv
1415,1.265,3.28,2.36,12.89,13.95,29.20,32.48,34.2,30.8,22.4,25.0,opencv
1416,1.267,3.55,2.89,12.75,13.61,29.25,32.81,34.2,30.5,22.3,25.0,opencv
1417,1.241,3.16,2.39,12.53,13.87,28.79,31.96,34.7,31.3,22.8,25.0,opencv
1418,1.240,3.07,2.80,29.03,13.91,45.74,48.82,21.9,20.5,22.5,25.0,opencv
1419,1.235,3.62,2.75,16.18,14.45,33.38,37.01,30.0,27.0,22.8,25.0,opencv
1420,1.237,3.64,2.93,15.04,14.54,32.51,36.16,30.8,27.7,22.8,25.0,opencv
1421,1.241,5.07,2.77,12.48,14.22,29.47,34.55,33.9,28.9,22.7,25.0,opencv
1422,1.226,3.21,2.67,16.95,14.02,33.64,36.86,29.7,27.1,23.0,25.0,opencv
1423,1.224,3.41,2.80,35.56,13.56,51.92,55.33,19.3,18.1,22.7,25.0,opencv
1424,1.249,3.49,2.64,12.55,14.03,29.22,32.72,34.2,30.6,22.6,25.0,opencv
1425,1.247,3.32,2.79,12.86,14.15,29.80,33.13,33.6,30.2,22.7,25.0,opencv
1426,1.238,3.67,2.44,12.04,13.84,28.32,32.00,35.3,31.3,22.8,25.0,opencv
1427,1.230,3.16,2.72,13.28,13.82,29.82,32.99,33.5,30.3,23.0,25.0,opencv
1428,1.230,3.55,2.88,15.69,14.55,33.12,36.67,30.2,27.3,22.9,25.0,opencv
1429,1.233,3.07,2.42,13.37,13.80,29.59,32.67,33.8,30.6,22.9,25.0,opencv
1430,1.234,3.69,2.98,12.59,13.74,29.30,33.00,34.1,30.3,22.9,25.0,opencv
1431,1.227,3.52,2.37,18.58,14.01,34.96,38.48,28.6,26.0,22.9,25.0,opencv
1432,1.240,3.37,2.62,17.99,14.29,34.90,38.27,28.7,26.1,22.7,25.0,opencv
1433,1.244,3.70,2.24,12.69,13.95,28.88,32.59,34.6,30.7,22.7,25.0,opencv
1434,1.244,3.27,2.34,13.70,13.67,29.71,32.98,33.7,30.3,22.7,25.0,opencv
1435,1.244,4.08,2.57,22.71,13.92,39.20,43.29,25.5,23.1,22.5,25.0,opencv
1436,1.256,3.78,2.43,14.65,13.96,31.04,34.82,32.2,28.7,22.5,25.0,opencv
1437,1.253,3.84,2.80,12.36,14.51,29.67,33.52,33.7,29.8,22.5,25.0,opencv
1438,1.253,3.22,2.63,12.90,14.41,29.94,33.16,33.4,30.2,22.5,25.0,opencv
1439,1.254,3.11,2.48,13.36,14.19,30.03,33.15,33.3,30.2,22.5,25.0,opencv
1440,1.254,4.05,2.43,14.04,13.57,30.04,34.09,33.3,29.3,22.5,25.0,opencv
1441,1.232,3.56,2.41,12.64,15.20,30.25,33.81,33.1,29.6,22.9,25.0,opencv
1442,1.229,3.46,2.61,13.75,14.10,30.46,33.92,32.8,29.5,23.0,25.0,opencv
1443,1.227,4.46,2.75,12.70,13.96,29.41,33.87,34.0,29.5,23.0,25.0,opencv
1444,1.232,3.40,2.28,13.17,13.65,29.10,32.51,34.4,30.8,22.9,25.0,opencv
1445,1.230,3.48,2.48,13.32,13.69,29.48,32.97,33.9,30.3,23.0,25.0,opencv
1446,1.236,3.57,2.68,11.84,14.67,29.19,32.77,34.3,30.5,22.8,25.0,opencv
1447,1.224,3.66,2.51,19.70,14.11,36.32,39.99,27.5,25.0,22.9,25.0,opencv
1448,1.224,3.24,2.63,19.08,13.67,35.39,38.64,28.3,25.9,23.0,25.0,opencv
1449,1.227,4.39,2.62,26.13,13.81,42.57,46.97,23.5,21.3,22.8,25.0,opencv
1450,1.238,3.35,2.69,22.32,13.79,38.80,42.16,25.8,23.7,22.6,25.0,opencv
1451,1.240,3.82,2.50,20.65,13.93,37.07,40.90,27.0,24.5,22.6,25.0,opencv
1452,1.218,3.65,2.64,13.34,14.49,30.47,34.13,32.8,29.3,23.2,25.0,opencv
1453,1.223,3.21,2.44,12.92,14.05,29.40,32.62,34.0,30.7,23.1,25.0,opencv
1454,1.222,3.50,2.77,12.68,13.86,29.31,32.82,34.1,30.5,23.1,25.0,opencv
1455,1.224,3.10,2.33,12.77,13.96,29.06,32.17,34.4,31.1,23.1,25.0,opencv
1456,1.223,3.57,2.88,12.70,14.15,29.73,33.31,33.6,30.0,23.1,25.0,opencv
1457,1.228,3.74,2.94,13.53,13.93,30.41,34.16,32.9,29.3,23.0,25.0,opencv
1458,1.232,3.37,2.41,12.22,13.83,28.45,31.83,35.1,31.4,22.9,25.0,opencv
1459,1.230,3.55,2.60,19.07,14.56,36.23,39.78,27.6,25.1,22.8,25.0,opencv
1460,1.233,3.33,2.49,13.12,13.67,29.29,32.63,34.1,30.6,22.9,25.0,opencv
1461,1.222,4.22,2.35,13.00,14.02,29.38,33.61,34.0,29.8,23.1,25.0,opencv
1462,1.223,3.06,2.37,13.05,13.95,29.37,32.43,34.0,30.8,23.1,25.0,opencv
1463,1.221,3.97,2.84,12.61,14.16,29.61,33.59,33.8,29.8,23.1,25.0,opencv
1464,1.210,3.40,2.28,14.46,13.68,30.43,33.84,32.9,29.6,23.3,25.0,opencv
1465,1.214,4.45,2.50,15.53,13.99,32.02,36.47,31.2,27.4,23.2,25.0,opencv
1466,1.219,3.67,2.83,15.19,14.20,32.22,35.90,31.0,27.9,23.1,25.0,opencv
1467,1.226,3.16,2.23,12.01,13.92,28.17,31.33,35.5,31.9,23.1,25.0,opencv
1468,1.227,3.44,2.83,13.35,14.05,30.23,33.68,33.1,29.7,23.0,25.0,opencv
1469,1.227,3.39,2.37,28.94,13.75,45.05,48.45,22.2,20.6,22.7,25.0,opencv
1470,1.248,4.05,2.45,28.21,14.38,45.04,49.10,22.2,20.4,22.4,25.0,opencv
1471,1.269,3.33,2.49,14.85,13.91,31.25,34.58,32.0,28.9,22.2,25.0,opencv
1472,1.284,4.86,2.37,18.66,13.65,34.67,39.54,28.8,25.3,21.9,25.0,opencv
1473,1.288,3.33,2.58,27.44,13.64,43.66,47.00,22.9,21.3,21.7,25.0,opencv
1474,1.301,3.63,3.15,13.29,13.95,30.39,34.03,32.9,29.4,21.7,25.0,opencv
1475,1.308,3.17,2.86,11.95,13.90,28.72,31.90,34.8,31.3,21.6,25.0,opencv
1476,1.297,3.39,2.76,14.29,13.87,30.92,34.32,32.3,29.1,21.8,25.0,opencv
1477,1.294,3.76,2.78,14.57,13.80,31.14,34.91,32.1,28.6,21.8,25.0,opencv
1478,1.277,3.65,2.55,12.96,14.11,29.62,33.29,33.8,30.0,22.1,25.0,opencv
1479,1.262,3.54,2.69,12.90,13.97,29.56,33.11,33.8,30.2,22.4,25.0,opencv
1480,1.255,3.65,2.75,12.64,14.21,29.60,33.26,33.8,30.1,22.5,25.0,opencv
1481,1.252,3.26,2.60,12.68,14.11,29.39,32.65,34.0,30.6,22.6,25.0,opencv
1482,1.251,3.40,2.67,13.98,13.48,30.12,33.53,33.2,29.8,22.6,25.0,opencv
1483,1.259,3.35,2.28,26.14,13.66,42.07,45.43,23.8,22.0,22.2,25.0,opencv
1484,1.275,3.46,2.80,16.18,13.45,32.43,35.90,30.8,27.9,22.1,25.0,opencv
1485,1.274,3.39,2.89,11.69,14.12,28.70,32.11,34.8,31.1,22.2,25.0,opencv
1486,1.265,3.86,3.03,14.80,14.12,31.95,35.82,31.3,27.9,22.3,25.0,opencv
1487,1.267,3.32,2.65,12.74,14.22,29.62,32.95,33.8,30.4,22.3,25.0,opencv
1488,1.259,3.30,2.69,14.57,13.45,30.71,34.01,32.6,29.4,22.4,25.0,opencv
1489,1.255,3.61,3.07,12.47,14.43,29.97,33.59,33.4,29.8,22.5,25.0,opencv
1490,1.254,3.54,2.41,12.14,13.65,28.20,31.75,35.5,31.5,22.6,25.0,opencv
1491,1.257,3.88,3.10,13.17,13.43,29.69,33.59,33.7,29.8,22.5,25.0,opencv
1492,1.261,3.21,2.54,12.88,13.93,29.36,32.57,34.1,30.7,22.4,25.0,opencv
1493,1.260,3.58,2.66,16.92,14.36,33.94,37.61,29.5,26.6,22.3,25.0,opencv
1494,1.251,3.16,2.49,28.17,13.45,44.10,47.26,22.7,21.2,22.3,25.0,opencv
1495,1.258,3.47,2.36,17.68,14.05,34.10,37.58,29.3,26.6,22.4,25.0,opencv
1496,1.267,3.36,2.50,17.28,13.42,33.19,36.56,30.1,27.4,22.3,25.0,opencv
1497,1.269,3.90,2.61,12.76,13.99,29.36,33.26,34.1,30.1,22.3,25.0,opencv
1498,1.258,4.54,2.92,21.17,13.55,37.64,42.19,26.6,23.7,22.3,25.0,opencv
1499,1.247,3.82,3.22,14.30,14.01,31.53,35.36,31.7,28.3,22.6,25.0,opencv
1500,1.242,3.44,2.72,12.03,14.16,28.91,32.35,34.6,30.9,22.8,25.0,opencv
1501,1.225,3.90,2.87,12.73,13.82,29.43,33.33,34.0,30.0,23.1,25.0,opencv
1502,1.215,3.54,2.42,13.71,14.04,30.16,33.72,33.2,29.7,23.2,25.0,opencv
1503,1.221,3.83,2.42,25.94,13.86,42.22,46.07,23.7,21.7,22.9,25.0,opencv
1504,1.225,3.21,2.63,14.53,13.79,30.95,34.16,32.3,29.3,23.0,25.0,opencv
1505,1.228,3.46,2.91,14.31,13.72,30.94,34.41,32.3,29.1,23.0,25.0,opencv
1506,1.223,4.40,2.69,13.07,13.98,29.74,34.15,33.6,29.3,23.1,25.0,opencv
1507,1.232,3.79,2.48,30.02,13.64,46.14,49.94,21.7,20.0,22.6,25.0,opencv
1508,1.253,3.48,2.65,25.53,13.58,41.76,45.25,23.9,22.1,22.3,25.0,opencv
1509,1.262,3.79,2.55,13.60,13.81,29.96,33.76,33.4,29.6,22.4,25.0,opencv
1510,1.265,3.83,2.84,12.75,13.87,29.46,33.31,33.9,30.0,22.3,25.0,opencv
1511,1.266,3.86,2.42,14.04,14.19,30.65,34.52,32.6,29.0,22.3,25.0,opencv
1512,1.255,3.27,2.39,27.13,13.76,43.28,46.55,23.1,21.5,22.3,25.0,opencv
1513,1.268,3.87,2.86,13.65,14.53,31.05,34.93,32.2,28.6,22.3,25.0,opencv
1514,1.272,3.08,2.78,15.33,13.91,32.02,35.11,31.2,28.5,22.2,25.0,opencv
1515,1.267,3.80,3.08,13.69,14.54,31.31,35.12,31.9,28.5,22.3,25.0,opencv
1516,1.270,3.37,2.64,12.25,13.67,28.56,31.94,35.0,31.3,22.3,25.0,opencv
1517,1.270,3.56,2.94,12.47,14.09,29.50,33.07,33.9,30.2,22.3,25.0,opencv
1518,1.274,3.66,2.42,12.59,13.61,28.62,32.29,34.9,31.0,22.2,25.0,opencv
1519,1.281,4.04,2.41,24.55,13.87,40.84,44.89,24.5,22.3,21.9,25.0,opencv
1520,1.295,3.11,2.47,14.53,13.49,30.49,33.61,32.8,29.8,21.8,25.0,opencv
1521,1.288,3.82,3.26,12.80,13.80,29.87,33.70,33.5,29.7,21.9,25.0,opencv
1522,1.290,3.27,2.71,26.80,13.86,43.37,46.65,23.1,21.4,21.7,25.0,opencv
1523,1.299,3.90,2.43,25.01,13.53,40.97,44.88,24.4,22.3,21.6,25.0,opencv
1524,1.309,3.46,2.60,14.41,13.61,30.61,34.08,32.7,29.3,21.6,25.0,opencv
1525,1.300,3.49,2.79,12.75,14.48,30.01,33.51,33.3,29.8,21.7,25.0,opencv
1526,1.298,3.63,2.88,15.13,13.77,31.79,35.43,31.5,28.2,21.8,25.0,opencv
1527,1.283,3.20,2.58,13.37,13.98,29.92,33.13,33.4,30.2,22.0,25.0,opencv
1528,1.280,4.05,3.15,14.92,14.20,32.26,36.31,31.0,27.5,22.0,25.0,opencv
1529,1.288,3.33,2.35,12.99,13.72,29.06,32.40,34.4,30.9,22.0,25.0,opencv
1530,1.286,3.95,2.75,13.04,13.53,29.32,33.27,34.1,30.1,22.0,25.0,opencv
1531,1.282,3.59,2.59,13.91,14.50,31.00,34.59,32.3,28.9,22.0,25.0,opencv
1532,1.277,3.38,2.45,19.46,14.44,36.36,39.75,27.5,25.2,22.0,25.0,opencv
1533,1.294,3.41,2.66,24.74,13.97,41.37,44.78,24.2,22.3,21.7,25.0,opencv
1534,1.305,3.56,2.79,13.86,13.77,30.42,33.98,32.9,29.4,21.7,25.0,opencv
1535,1.305,3.30,2.41,13.29,13.90,29.60,32.91,33.8,30.4,21.7,25.0,opencv
1536,1.280,3.59,2.93,24.43,13.91,41.27,44.86,24.2,22.3,21.9,25.0,opencv
1537,1.274,3.59,2.93,17.79,14.00,34.72,38.32,28.8,26.1,22.1,25.0,opencv
1538,1.286,4.72,2.84,27.97,13.70,44.51,49.24,22.5,20.3,21.7,25.0,opencv
1539,1.310,3.49,2.73,15.58,13.98,32.29,35.79,31.0,27.9,21.5,25.0,opencv
1540,1.308,3.61,2.77,26.29,13.45,42.52,46.13,23.5,21.7,21.4,25.0,opencv
1541,1.296,3.52,2.28,12.96,14.50,29.73,33.25,33.6,30.1,21.8,25.0,opencv
1542,1.287,3.70,2.93,13.12,14.32,30.37,34.09,32.9,29.3,21.9,25.0,opencv
1543,1.284,3.23,2.60,13.17,14.50,30.27,33.50,33.0,29.9,22.0,25.0,opencv
1544,1.283,3.80,2.33,15.30,14.12,31.75,35.56,31.5,28.1,22.0,25.0,opencv
1545,1.297,3.79,2.33,31.35,13.89,47.57,51.37,21.0,19.5,21.5,25.0,opencv
1546,1.310,3.23,2.43,19.53,13.50,35.45,38.69,28.2,25.8,21.5,25.0,opencv
1547,1.320,3.22,2.59,13.73,14.01,30.33,33.56,33.0,29.8,21.4,25.0,opencv
1548,1.302,3.67,2.98,12.26,14.09,29.33,33.08,34.1,30.2,21.7,25.0,opencv
1549,1.297,3.08,2.32,12.92,14.07,29.31,32.39,34.1,30.9,21.8,25.0,opencv
1550,1.300,3.83,3.00,12.53,13.37,28.91,32.74,34.6,30.5,21.8,25.0,opencv
1551,1.282,3.44,2.41,30.95,14.03,47.39,50.83,21.1,19.7,21.8,25.0,opencv
1552,1.283,3.85,2.87,20.43,14.21,37.51,41.37,26.7,24.2,21.9,25.0,opencv
1553,1.290,3.18,2.61,12.90,14.18,29.70,32.89,33.7,30.4,21.9,25.0,opencv
1554,1.289,4.28,2.43,16.94,13.96,33.32,37.62,30.0,26.6,21.9,25.0,opencv
1555,1.296,3.79,3.04,12.86,13.70,29.60,33.39,33.8,29.9,21.8,25.0,opencv
1556,1.300,3.42,2.34,27.75,13.58,43.67,47.09,22.9,21.2,21.5,25.0,opencv
1557,1.307,3.34,2.53,12.78,13.90,29.21,32.56,34.2,30.7,21.6,25.0,opencv
1558,1.308,3.39,2.76,13.98,13.80,30.54,33.93,32.7,29.5,21.6,25.0,opencv
1559,1.308,3.25,2.41,13.08,13.93,29.42,32.67,34.0,30.6,21.6,25.0,opencv
1560,1.306,3.76,3.00,27.83,13.73,44.55,48.32,22.4,20.7,21.4,25.0,opencv
1561,1.301,3.56,2.94,13.49,14.01,30.44,34.00,32.9,29.4,21.7,25.0,opencv
1562,1.281,3.64,2.46,12.65,13.78,28.88,32.53,34.6,30.7,22.1,25.0,opencv
1563,1.279,3.71,3.13,13.19,13.53,29.85,33.56,33.5,29.8,22.1,25.0,opencv
1564,1.278,3.26,2.66,12.63,14.31,29.60,32.87,33.8,30.4,22.1,25.0,opencv
1565,1.270,3.33,2.62,14.37,13.95,30.93,34.27,32.3,29.2,22.2,25.0,opencv
1566,1.267,3.38,2.44,13.25,13.86,29.55,32.94,33.8,30.4,22.3,25.0,opencv
1567,1.246,3.18,2.66,12.49,13.92,29.07,32.25,34.4,31.0,22.7,25.0,opencv
1568,1.238,3.85,2.44,13.52,13.80,29.75,33.61,33.6,29.8,22.8,25.0,opencv
1569,1.228,3.08,2.44,12.97,14.17,29.57,32.66,33.8,30.6,23.0,25.0,opencv
1570,1.231,3.75,2.96,23.76,14.37,41.09,44.85,24.3,22.3,22.7,25.0,opencv
1571,1.242,3.90,3.02,16.98,14.73,34.73,38.64,28.8,25.9,22.7,25.0,opencv
1572,1.246,3.26,2.68,12.99,13.81,29.48,32.74,33.9,30.5,22.7,25.0,opencv
1573,1.242,3.65,2.99,13.87,14.81,31.66,35.32,31.6,28.3,22.7,25.0,opencv
1574,1.218,3.47,2.54,14.79,13.97,31.31,34.78,31.9,28.8,23.2,25.0,opencv
1575,1.215,3.57,2.76,14.09,13.74,30.59,34.17,32.7,29.3,23.2,25.0,opencv
1576,1.210,3.99,2.41,12.63,14.26,29.29,33.29,34.1,30.0,23.3,25.0,opencv
1577,1.212,3.37,2.62,12.96,14.17,29.75,33.13,33.6,30.2,23.3,25.0,opencv
1578,1.219,3.34,2.42,17.71,14.38,34.51,37.85,29.0,26.4,23.1,25.0,opencv
1579,1.221,4.22,2.60,13.55,13.94,30.09,34.32,33.2,29.1,23.1,25.0,opencv
1580,1.204,3.65,2.84,20.10,14.04,36.98,40.63,27.0,24.6,23.3,25.0,opencv
1581,1.204,3.79,2.72,20.45,13.93,37.10,40.89,27.0,24.5,23.3,25.0,opencv
1582,1.222,5.00,2.85,17.86,14.44,35.15,40.15,28.4,24.9,23.0,25.0,opencv
1583,1.224,3.25,2.40,11.94,14.24,28.58,31.83,35.0,31.4,23.1,25.0,opencv
1584,1.220,4.88,2.29,13.47,13.50,29.27,34.16,34.2,29.3,23.1,25.0,opencv
1585,1.203,3.17,2.53,12.62,13.97,29.13,32.30,34.3,31.0,23.5,25.0,opencv
1586,1.209,3.89,2.81,13.93,14.42,31.15,35.05,32.1,28.5,23.3,25.0,opencv
1587,1.209,3.27,2.48,12.86,14.30,29.65,32.92,33.7,30.4,23.3,25.0,opencv
1588,1.209,3.62,2.85,12.55,13.67,29.06,32.69,34.4,30.6,23.4,25.0,opencv
1589,1.193,3.51,2.41,12.87,13.73,29.00,32.51,34.5,30.8,23.7,25.0,opencv
1590,1.196,3.77,2.61,13.09,14.44,30.14,33.92,33.2,29.5,23.6,25.0,opencv
1591,1.196,3.96,2.43,12.10,14.07,28.60,32.56,35.0,30.7,23.6,25.0,opencv
1592,1.195,3.64,2.43,19.65,14.22,36.30,39.95,27.5,25.0,23.5,25.0,opencv
1593,1.206,3.57,2.72,38.54,13.57,54.84,58.41,18.2,17.1,22.9,25.0,opencv
1594,1.231,3.73,2.79,15.06,13.96,31.81,35.55,31.4,28.1,22.9,25.0,opencv
1595,1.232,3.45,2.47,28.67,14.18,45.31,48.77,22.1,20.5,22.6,25.0,opencv
1596,1.247,3.20,2.34,12.89,13.99,29.22,32.43,34.2,30.8,22.7,25.0,opencv
1597,1.246,3.53,2.69,12.42,14.15,29.26,32.80,34.2,30.5,22.7,25.0,opencv
1598,1.247,3.67,2.41,11.87,14.05,28.33,32.01,35.3,31.2,22.7,25.0,opencv
1599,1.233,3.35,2.59,12.69,13.99,29.27,32.62,34.2,30.7,22.9,25.0,opencv
1600,1.234,3.03,2.46,23.30,14.19,39.95,42.99,25.0,23.3,22.7,25.0,opencv
1601,1.249,3.43,2.53,14.35,14.11,30.99,34.42,32.3,29.1,22.6,25.0,opencv
1602,1.260,3.35,2.28,23.96,13.96,40.20,43.56,24.9,23.0,22.2,25.0,opencv
1603,1.270,3.56,2.74,14.74,13.73,31.20,34.77,32.0,28.8,22.2,25.0,opencv
1604,1.271,3.30,3.09,14.79,14.47,32.34,35.65,30.9,28.1,22.2,25.0,opencv
1605,1.278,3.62,2.69,31.37,13.74,47.80,51.43,20.9,19.4,21.8,25.0,opencv
1606,1.299,3.14,2.60,22.89,13.73,39.23,42.38,25.5,23.6,21.6,25.0,opencv
1607,1.297,3.03,2.58,13.21,13.59,29.37,32.41,34.0,30.9,21.8,25.0,opencv
1608,1.298,3.67,2.63,24.33,14.51,41.46,45.14,24.1,22.2,21.6,25.0,opencv
1609,1.302,3.78,2.43,16.40,14.69,33.52,37.30,29.8,26.8,21.7,25.0,opencv
1610,1.292,3.48,2.58,14.28,13.96,30.81,34.30,32.5,29.2,21.9,25.0,opencv
1611,1.278,3.53,3.16,14.96,14.20,32.32,35.86,30.9,27.9,22.1,25.0,opencv
1612,1.284,3.49,2.70,13.75,13.62,30.08,33.58,33.2,29.8,22.0,25.0,opencv
1613,1.287,3.19,2.57,17.82,14.55,34.94,38.15,28.6,26.2,21.9,25.0,opencv
1614,1.292,3.51,3.16,26.36,13.95,43.46,46.98,23.0,21.3,21.7,25.0,opencv
1615,1.299,3.52,3.21,13.30,14.18,30.70,34.22,32.6,29.2,21.8,25.0,opencv
1616,1.297,3.22,2.72,12.66,14.00,29.37,32.60,34.0,30.7,21.8,25.0,opencv
1617,1.298,3.87,2.73,14.38,13.68,30.79,34.66,32.5,28.8,21.8,25.0,opencv
1618,1.298,3.69,2.65,12.53,14.08,29.25,32.95,34.2,30.3,21.8,25.0,opencv
1619,1.296,3.35,2.48,14.07,14.21,30.76,34.13,32.5,29.3,21.8,25.0,opencv
1620,1.297,3.39,2.78,13.36,13.84,29.99,33.38,33.3,30.0,21.8,25.0,opencv
1621,1.290,3.66,2.56,12.65,14.25,29.46,33.14,33.9,30.2,21.9,25.0,opencv
1622,1.258,3.79,2.41,12.91,14.55,29.87,33.66,33.5,29.7,22.4,25.0,opencv
1623,1.250,3.65,2.41,14.51,14.34,31.26,34.92,32.0,28.6,22.6,25.0,opencv
1624,1.241,3.40,2.89,14.61,13.63,31.13,34.54,32.1,29.0,22.7,25.0,opencv
1625,1.243,3.57,3.08,12.98,14.02,30.08,33.66,33.2,29.7,22.7,25.0,opencv
1626,1.243,3.36,2.66,14.24,13.87,30.77,34.14,32.5,29.3,22.7,25.0,opencv
1627,1.243,3.76,2.56,13.81,13.76,30.13,33.90,33.2,29.5,22.7,25.0,opencv
1628,1.243,3.88,2.38,13.03,13.63,29.04,32.93,34.4,30.4,22.7,25.0,opencv
1629,1.226,3.41,2.61,14.07,14.15,30.84,34.27,32.4,29.2,23.0,25.0,opencv
1630,1.223,3.62,2.84,12.40,14.36,29.60,33.23,33.8,30.1,23.1,25.0,opencv
1631,1.203,4.10,2.51,12.65,14.24,29.39,33.50,34.0,29.8,23.5,25.0,opencv
1632,1.197,3.38,2.63,14.23,13.85,30.71,34.09,32.6,29.3,23.6,25.0,opencv
1633,1.193,4.05,2.78,13.15,14.29,30.22,34.28,33.1,29.2,23.6,25.0,opencv
1634,1.174,3.16,2.31,11.86,14.40,28.58,31.74,35.0,31.5,24.1,25.0,opencv
1635,1.160,3.50,2.60,12.63,13.82,29.05,32.55,34.4,30.7,24.3,25.0,opencv
1636,1.162,3.75,2.40,12.96,13.36,28.72,32.48,34.8,30.8,24.3,25.0,opencv
1637,1.147,3.52,2.85,12.87,13.97,29.68,33.21,33.7,30.1,24.6,25.0,opencv
1638,1.146,3.55,2.35,12.92,13.91,29.18,32.73,34.3,30.6,24.6,25.0,opencv
1639,1.149,3.40,2.36,13.00,14.10,29.46,32.87,33.9,30.4,24.5,25.0,opencv
1640,1.149,3.69,2.63,16.14,13.95,32.72,36.41,30.6,27.5,24.5,25.0,opencv
1641,1.149,3.53,2.47,25.42,14.48,42.37,45.90,23.6,21.8,24.3,25.0,opencv
1642,1.153,3.49,2.67,11.77,13.86,28.30,31.80,35.3,31.5,24.5,25.0,opencv
1643,1.139,3.49,2.35,29.79,14.30,46.44,49.94,21.5,20.0,24.4,25.0,opencv
1644,1.164,4.43,2.66,12.85,13.52,29.03,33.47,34.4,29.9,24.2,25.0,opencv
1645,1.166,3.42,2.41,31.06,14.10,47.57,50.99,21.0,19.6,23.8,25.0,opencv
1646,1.187,3.92,2.47,22.00,13.72,38.20,42.12,26.2,23.7,23.6,25.0,opencv
1647,1.196,3.61,2.78,13.12,14.26,30.16,33.78,33.2,29.6,23.6,25.0,opencv
1648,1.195,3.59,2.80,12.22,13.76,28.77,32.37,34.8,30.9,23.6,25.0,opencv
1649,1.197,3.70,2.61,13.13,14.66,30.39,34.10,32.9,29.3,23.6,25.0,opencv
1650,1.197,3.27,2.29,21.48,13.89,37.67,40.94,26.5,24.4,23.4,25.0,opencv
1651,1.209,4.02,2.68,14.95,14.00,31.62,35.64,31.6,28.1,23.3,25.0,opencv
1652,1.210,3.41,2.80,13.02,13.35,29.17,32.59,34.3,30.7,23.3,25.0,opencv
1653,1.205,3.64,2.67,14.12,14.47,31.26,34.91,32.0,28.6,23.4,25.0,opencv
1654,1.205,3.08,2.39,12.42,13.61,28.42,31.51,35.2,31.7,23.5,25.0,opencv
1655,1.206,3.52,2.95,13.94,13.74,30.62,34.15,32.7,29.3,23.4,25.0,opencv
1656,1.207,3.37,2.50,12.80,13.62,28.92,32.30,34.6,31.0,23.4,25.0,opencv
1657,1.208,3.32,2.73,13.30,14.11,30.15,33.47,33.2,29.9,23.4,25.0,opencv
1658,1.206,3.43,3.23,12.75,13.87,29.85,33.29,33.5,30.0,23.4,25.0,opencv
1659,1.217,4.15,2.95,17.13,14.15,34.23,38.38,29.2,26.1,23.1,25.0,opencv
1660,1.226,3.44,3.13,25.95,14.05,43.13,46.58,23.2,21.5,22.8,25.0,opencv
1661,1.239,3.42,2.88,14.12,14.25,31.25,34.68,32.0,28.8,22.8,25.0,opencv
1662,1.246,3.31,2.59,21.12,13.62,37.32,40.63,26.8,24.6,22.5,25.0,opencv
1663,1.251,3.57,2.58,12.83,13.94,29.35,32.92,34.1,30.4,22.6,25.0,opencv
1664,1.254,3.86,2.81,12.24,14.17,29.22,33.09,34.2,30.2,22.5,25.0,opencv
1665,1.249,3.30,2.34,12.36,14.06,28.76,32.07,34.8,31.2,22.6,25.0,opencv
1666,1.247,3.30,2.64,14.21,13.90,30.74,34.05,32.5,29.4,22.6,25.0,opencv
1667,1.245,3.87,2.90,14.29,13.71,30.90,34.78,32.4,28.8,22.7,25.0,opencv
1668,1.246,3.33,2.62,12.23,13.92,28.77,32.11,34.8,31.1,22.7,25.0,opencv
1669,1.242,3.51,2.61,13.20,14.79,30.59,34.11,32.7,29.3,22.7,25.0,opencv
1670,1.242,4.26,2.50,13.73,14.10,30.33,34.59,33.0,28.9,22.7,25.0,opencv
1671,1.247,3.78,2.76,17.78,13.49,34.04,37.82,29.4,26.4,22.6,25.0,opencv
1672,1.245,4.89,2.79,13.93,14.35,31.06,35.96,32.2,27.8,22.6,25.0,opencv
1673,1.247,3.51,2.61,15.09,14.82,32.52,36.03,30.8,27.8,22.6,25.0,opencv
1674,1.240,4.44,2.61,21.75,13.90,38.26,42.71,26.1,23.4,22.6,25.0,opencv
1675,1.235,3.60,3.66,26.20,13.88,43.74,47.35,22.9,21.1,22.6,25.0,opencv
1676,1.248,3.89,2.58,13.60,13.76,29.94,33.83,33.4,29.6,22.6,25.0,opencv
1677,1.250,3.38,2.39,12.72,14.83,29.95,33.33,33.4,30.0,22.6,25.0,opencv
1678,1.249,4.67,3.02,22.98,14.01,40.00,44.68,25.0,22.4,22.4,25.0,opencv
1679,1.254,3.81,2.59,16.71,13.85,33.14,36.96,30.2,27.1,22.5,25.0,opencv
1680,1.256,3.43,2.47,13.09,14.03,29.58,33.02,33.8,30.3,22.5,25.0,opencv
1681,1.259,3.93,2.71,14.06,14.33,31.09,35.03,32.2,28.5,22.4,25.0,opencv
1682,1.258,3.25,2.27,11.29,14.28,27.84,31.11,35.9,32.1,22.5,25.0,opencv
1683,1.260,3.92,2.61,25.34,13.85,41.81,45.73,23.9,21.9,22.2,25.0,opencv
1684,1.268,3.74,2.91,15.21,14.38,32.50,36.25,30.8,27.6,22.2,25.0,opencv
1685,1.280,4.40,3.04,24.80,13.86,41.70,46.12,24.0,21.7,21.9,25.0,opencv
1686,1.289,3.23,2.81,31.21,13.75,47.76,51.00,20.9,19.6,21.6,25.0,opencv
1687,1.311,3.28,2.76,25.70,14.12,42.58,45.87,23.5,21.8,21.4,25.0,opencv
1688,1.307,3.12,2.80,15.43,14.49,32.72,35.84,30.6,27.9,21.6,25.0,opencv
1689,1.289,3.63,2.55,26.99,14.31,43.85,47.49,22.8,21.1,21.7,25.0,opencv
1690,1.311,3.53,2.85,13.43,14.14,30.42,33.95,32.9,29.5,21.6,25.0,opencv
1691,1.307,3.71,2.66,24.57,14.28,41.51,45.23,24.1,22.1,21.4,25.0,opencv
1692,1.325,3.48,2.90,12.13,13.87,28.90,32.39,34.6,30.9,21.4,25.0,opencv
1693,1.318,3.15,2.49,29.64,13.95,46.08,49.23,21.7,20.3,21.2,25.0,opencv
1694,1.342,3.42,2.77,17.20,14.31,34.28,37.71,29.2,26.5,21.0,25.0,opencv
1695,1.353,3.90,2.80,25.52,14.17,42.49,46.40,23.5,21.6,20.7,25.0,opencv
1696,1.361,3.43,2.94,16.93,14.45,34.32,37.76,29.1,26.5,20.7,25.0,opencv
1697,1.373,3.03,2.74,22.25,14.02,39.01,42.04,25.6,23.8,20.5,25.0,opencv
1698,1.380,3.26,3.08,13.86,13.99,30.93,34.20,32.3,29.2,20.5,25.0,opencv
1699,1.369,3.62,2.84,15.31,14.17,32.33,35.96,30.9,27.8,20.6,25.0,opencv
1700,1.360,3.37,2.40,30.50,13.96,46.86,50.24,21.3,19.9,20.6,25.0,opencv
1701,1.366,3.61,2.84,15.85,14.39,33.08,36.70,30.2,27.3,20.7,25.0,opencv
1702,1.361,3.30,2.46,27.53,14.06,44.05,47.36,22.7,21.1,20.6,25.0,opencv
1703,1.362,3.75,2.72,27.20,13.75,43.67,47.43,22.9,21.1,20.6,25.0,opencv
1704,1.368,4.03,2.59,29.42,14.06,46.08,50.11,21.7,20.0,20.4,25.0,opencv
1705,1.392,3.13,2.57,21.14,13.88,37.58,40.72,26.6,24.6,20.2,25.0,opencv
1706,1.403,3.57,2.76,18.83,14.54,36.13,39.70,27.7,25.2,20.1,25.0,opencv
1707,1.402,4.17,2.53,16.97,14.42,33.91,38.09,29.5,26.3,20.1,25.0,opencv
1708,1.407,3.29,2.71,17.36,14.19,34.26,37.56,29.2,26.6,20.1,25.0,opencv
1709,1.415,3.55,2.70,13.93,14.19,30.82,34.38,32.4,29.1,20.0,25.0,opencv
1710,1.413,3.90,2.94,12.76,13.79,29.49,33.40,33.9,29.9,20.1,25.0,opencv
1711,1.420,3.44,2.47,13.95,13.93,30.35,33.80,32.9,29.6,20.0,25.0,opencv
1712,1.407,4.08,2.35,13.92,14.36,30.63,34.72,32.6,28.8,20.1,25.0,opencv
1713,1.402,3.24,2.41,12.62,13.89,28.91,32.15,34.6,31.1,20.2,25.0,opencv
1714,1.386,4.55,2.51,28.94,13.82,45.27,49.83,22.1,20.1,20.2,25.0,opencv
1715,1.390,3.33,2.53,25.08,13.77,41.37,44.72,24.2,22.4,20.2,25.0,opencv
1716,1.385,3.31,2.42,14.84,13.96,31.22,34.53,32.0,29.0,20.4,25.0,opencv
1717,1.386,3.49,2.93,13.20,14.05,30.18,33.67,33.1,29.7,20.4,25.0,opencv
1718,1.374,3.14,2.48,12.89,13.94,29.31,32.46,34.1,30.8,20.6,25.0,opencv
1719,1.368,3.65,2.59,11.94,13.89,28.43,32.08,35.2,31.2,20.7,25.0,opencv
1720,1.350,3.57,2.49,12.86,13.95,29.31,32.88,34.1,30.4,21.0,25.0,opencv
1721,1.347,3.49,3.08,13.67,13.87,30.61,34.10,32.7,29.3,21.0,25.0,opencv
1722,1.331,3.42,2.50,12.50,14.58,29.58,33.01,33.8,30.3,21.3,25.0,opencv
1723,1.326,3.28,2.41,17.78,14.17,34.36,37.65,29.1,26.6,21.3,25.0,opencv
1724,1.308,3.62,2.69,27.45,13.90,44.04,47.66,22.7,21.0,21.4,25.0,opencv
1725,1.330,3.87,2.56,13.40,14.21,30.16,34.03,33.2,29.4,21.3,25.0,opencv
1726,1.314,3.34,2.87,31.28,14.20,48.35,51.70,20.7,19.3,21.2,25.0,opencv
1727,1.332,3.69,2.71,17.22,13.98,33.91,37.61,29.5,26.6,21.2,25.0,opencv
1728,1.331,3.36,2.27,27.14,13.97,43.38,46.74,23.1,21.4,21.0,25.0,opencv
1729,1.329,3.17,2.39,13.56,13.81,29.77,32.94,33.6,30.4,21.3,25.0,opencv
1730,1.326,3.39,2.51,12.77,14.35,29.63,33.02,33.8,30.3,21.3,25.0,opencv
1731,1.313,3.96,2.37,16.10,14.27,32.73,36.70,30.6,27.2,21.5,25.0,opencv
1732,1.308,3.27,2.59,18.11,13.89,34.59,37.86,28.9,26.4,21.5,25.0,opencv
1733,1.290,3.64,2.42,13.81,14.53,30.76,34.41,32.5,29.1,21.9,25.0,opencv
1734,1.277,3.13,2.44,12.74,13.86,29.03,32.17,34.4,31.1,22.2,25.0,opencv
1735,1.273,3.76,2.43,27.64,13.70,43.76,47.53,22.9,21.0,22.0,25.0,opencv
1736,1.279,3.25,2.56,25.73,14.06,42.35,45.61,23.6,21.9,21.9,25.0,opencv
1737,1.286,3.60,2.73,13.66,13.82,30.22,33.83,33.1,29.6,22.0,25.0,opencv
1738,1.291,3.91,2.47,24.30,14.21,40.98,44.90,24.4,22.3,21.7,25.0,opencv
1739,1.301,3.55,2.52,13.17,14.01,29.70,33.27,33.7,30.1,21.7,25.0,opencv
1740,1.299,3.23,2.37,12.68,13.77,28.82,32.05,34.7,31.2,21.8,25.0,opencv
1741,1.299,3.67,2.76,25.97,14.56,43.29,46.96,23.1,21.3,21.5,25.0,opencv
1742,1.322,3.92,2.33,15.04,13.76,31.13,35.06,32.1,28.5,21.4,25.0,opencv
1743,1.304,4.04,2.60,12.31,13.91,28.82,32.87,34.7,30.4,21.7,25.0,opencv
1744,1.290,3.50,2.75,13.18,14.07,30.00,33.51,33.3,29.8,21.9,25.0,opencv
1745,1.290,3.63,2.77,12.92,13.80,29.49,33.13,33.9,30.2,21.9,25.0,opencv
1746,1.290,3.54,2.65,12.69,14.21,29.55,33.09,33.8,30.2,21.9,25.0,opencv
1747,1.292,3.80,2.79,12.93,14.55,30.27,34.09,33.0,29.3,21.9,25.0,opencv
1748,1.291,3.53,2.51,12.31,14.08,28.90,32.44,34.6,30.8,21.9,25.0,opencv
1749,1.289,3.38,2.39,13.34,13.95,29.67,33.06,33.7,30.2,21.9,25.0,opencv
1750,1.288,3.64,2.80,12.41,13.45,28.66,32.31,34.9,31.0,22.0,25.0,opencv
1751,1.287,3.28,2.67,12.92,14.09,29.69,32.97,33.7,30.3,22.0,25.0,opencv
1752,1.280,3.29,2.29,13.49,13.98,29.77,33.06,33.6,30.2,22.1,25.0,opencv
1753,1.267,3.96,2.67,14.30,13.96,30.93,34.89,32.3,28.7,22.3,25.0,opencv
1754,1.266,3.96,2.48,13.95,14.23,30.67,34.63,32.6,28.9,22.3,25.0,opencv
1755,1.250,3.86,2.34,12.68,14.72,29.75,33.62,33.6,29.7,22.6,25.0,opencv
1756,1.245,3.63,2.72,16.83,13.96,33.51,37.15,29.8,26.9,22.6,25.0,opencv
1757,1.243,3.73,2.81,12.87,14.82,30.50,34.24,32.8,29.2,22.7,25.0,opencv
1758,1.244,3.48,2.80,12.33,13.74,28.88,32.37,34.6,30.9,22.7,25.0,opencv
1759,1.243,3.14,2.40,12.56,13.76,28.72,31.87,34.8,31.4,22.7,25.0,opencv
1760,1.247,3.55,2.44,19.61,13.68,35.73,39.29,28.0,25.4,22.5,25.0,opencv
1761,1.243,3.91,2.40,12.31,13.95,28.67,32.58,34.9,30.7,22.7,25.0,opencv
1762,1.240,3.29,2.50,17.36,14.52,34.38,37.67,29.1,26.5,22.7,25.0,opencv
1763,1.254,3.81,2.64,20.96,13.99,37.59,41.40,26.6,24.2,22.4,25.0,opencv
1764,1.243,3.35,2.61,19.47,13.69,35.77,39.13,28.0,25.6,22.6,25.0,opencv
1765,1.238,3.32,2.61,12.70,13.81,29.13,32.45,34.3,30.8,22.8,25.0,opencv
1766,1.232,3.37,2.78,12.58,14.18,29.53,32.91,33.9,30.4,22.9,25.0,opencv
1767,1.211,3.42,2.68,13.77,13.59,30.05,33.47,33.3,29.9,23.3,25.0,opencv
1768,1.213,4.09,2.99,12.24,14.14,29.36,33.46,34.1,29.9,23.3,25.0,opencv
1769,1.216,3.36,2.23,12.77,14.22,29.21,32.58,34.2,30.7,23.2,25.0,opencv
1770,1.200,4.66,2.84,12.50,13.77,29.11,33.77,34.4,29.6,23.5,25.0,opencv
1771,1.194,3.47,2.69,30.68,13.99,47.35,50.83,21.1,19.7,23.3,25.0,opencv
1772,1.213,3.52,2.86,18.28,14.04,35.18,38.70,28.4,25.8,23.2,25.0,opencv
1773,1.227,3.95,2.58,13.62,14.02,30.22,34.18,33.1,29.3,23.0,25.0,opencv
1774,1.228,3.05,2.43,12.33,13.94,28.70,31.75,34.8,31.5,23.0,25.0,opencv
1775,1.227,3.37,2.87,14.45,13.85,31.17,34.57,32.1,28.9,23.0,25.0,opencv
1776,1.225,3.19,2.43,12.94,14.06,29.43,32.63,34.0,30.6,23.1,25.0,opencv
1777,1.227,3.55,2.74,15.18,13.50,31.42,34.97,31.8,28.6,23.0,25.0,opencv
1778,1.227,3.25,2.78,14.40,14.36,31.53,34.79,31.7,28.7,23.0,25.0,opencv
1779,1.228,3.18,2.53,13.11,14.18,29.81,33.00,33.5,30.3,23.0,25.0,opencv
1780,1.228,3.38,2.58,12.86,13.82,29.26,32.64,34.2,30.6,23.0,25.0,opencv
1781,1.230,3.79,2.51,12.59,14.24,29.34,33.13,34.1,30.2,23.0,25.0,opencv
1782,1.227,3.18,2.58,12.56,13.92,29.06,32.25,34.4,31.0,23.0,25.0,opencv
1783,1.216,3.31,2.61,13.81,14.18,30.61,33.93,32.7,29.5,23.2,25.0,opencv
1784,1.219,3.24,2.44,14.72,14.34,31.50,34.75,31.7,28.8,23.1,25.0,opencv
1785,1.213,3.42,2.54,12.88,13.71,29.14,32.57,34.3,30.7,23.3,25.0,opencv
1786,1.209,3.88,2.50,15.22,13.82,31.54,35.43,31.7,28.2,23.3,25.0,opencv
1787,1.212,3.56,2.54,12.78,14.15,29.47,33.03,33.9,30.3,23.3,25.0,opencv
1788,1.214,3.36,2.86,13.37,14.32,30.55,33.92,32.7,29.5,23.2,25.0,opencv
1789,1.198,3.30,2.50,12.42,14.12,29.04,32.35,34.4,30.9,23.6,25.0,opencv
1790,1.193,3.32,2.62,12.84,13.72,29.19,32.51,34.3,30.8,23.7,25.0,opencv
1791,1.192,3.65,2.35,13.02,13.80,29.17,32.82,34.3,30.5,23.7,25.0,opencv
1792,1.174,3.09,2.39,15.03,14.04,31.46,34.56,31.8,28.9,24.0,25.0,opencv
1793,1.164,3.79,2.75,12.72,13.84,29.32,33.12,34.1,30.2,24.2,25.0,opencv
1794,1.162,3.36,2.45,13.96,13.88,30.29,33.65,33.0,29.7,24.3,25.0,opencv
1795,1.163,3.52,2.54,14.99,14.51,32.03,35.55,31.2,28.1,24.2,25.0,opencv
1796,1.162,3.34,2.35,12.26,13.80,28.41,31.75,35.2,31.5,24.3,25.0,opencv
1797,1.162,3.30,2.72,12.33,14.19,29.24,32.54,34.2,30.7,24.3,25.0,opencv
1798,1.169,3.43,2.58,11.28,13.88,27.74,31.19,36.0,32.1,24.2,25.0,opencv
1799,1.173,3.61,2.45,20.68,13.83,36.97,40.59,27.1,24.6,23.9,25.0,opencv
1800,1.166,3.70,2.43,14.38,14.10,30.91,34.61,32.4,28.9,24.2,25.0,opencv
1801,1.157,3.67,3.31,29.36,13.92,46.60,50.27,21.5,19.9,24.0,25.0,opencv
1802,1.159,3.34,2.72,14.72,14.51,31.94,35.29,31.3,28.3,24.3,25.0,opencv
1803,1.168,3.23,2.47,26.04,14.16,42.67,45.90,23.4,21.8,23.9,25.0,opencv
1804,1.183,3.63,2.49,13.44,14.12,30.05,33.68,33.3,29.7,23.8,25.0,opencv
1805,1.187,3.29,2.26,18.36,14.21,34.83,38.12,28.7,26.2,23.7,25.0,opencv
1806,1.195,3.32,2.58,21.29,13.82,37.69,41.02,26.5,24.4,23.5,25.0,opencv
1807,1.205,3.42,2.72,26.18,13.90,42.79,46.22,23.4,21.6,23.2,25.0,opencv
1808,1.227,3.69,2.42,18.50,14.11,35.03,38.73,28.5,25.8,22.9,25.0,opencv
1809,1.233,3.69,2.59,13.68,14.14,30.42,34.12,32.9,29.3,22.9,25.0,opencv
1810,1.232,3.15,2.26,18.65,14.30,35.21,38.37,28.4,26.1,22.8,25.0,opencv
1811,1.247,3.44,2.55,11.59,14.39,28.54,31.99,35.0,31.3,22.7,25.0,opencv
1812,1.245,3.17,2.34,18.40,14.43,35.17,38.34,28.4,26.1,22.6,25.0,opencv
1813,1.252,3.59,2.32,24.04,14.67,41.02,44.62,24.4,22.4,22.4,25.0,opencv
1814,1.265,3.41,2.29,16.53,13.75,32.56,35.97,30.7,27.8,22.3,25.0,opencv
1815,1.261,3.61,2.73,33.06,13.70,49.49,53.11,20.2,18.8,22.1,25.0,opencv
1816,1.283,3.41,2.41,13.40,13.80,29.60,33.02,33.8,30.3,22.0,25.0,opencv
1817,1.283,3.62,2.63,13.60,13.84,30.07,33.69,33.3,29.7,22.0,25.0,opencv
1818,1.285,3.43,2.36,12.62,14.04,29.02,32.46,34.5,30.8,22.0,25.0,opencv
1819,1.285,3.36,2.70,12.74,14.30,29.74,33.11,33.6,30.2,22.0,25.0,opencv
1820,1.285,3.39,2.78,12.95,14.39,30.12,33.51,33.2,29.8,22.0,25.0,opencv
1821,1.287,3.90,2.51,15.27,14.02,31.80,35.71,31.4,28.0,21.9,25.0,opencv
1822,1.301,3.68,2.69,26.40,13.85,42.94,46.63,23.3,21.4,21.5,25.0,opencv
1823,1.317,3.56,2.32,22.52,13.95,38.78,42.36,25.8,23.6,21.3,25.0,opencv
1824,1.329,3.38,3.00,22.60,13.74,39.34,42.73,25.4,23.4,21.1,25.0,opencv
1825,1.340,3.64,2.27,13.09,14.12,29.48,33.13,33.9,30.2,21.1,25.0,opencv
1826,1.342,3.73,2.35,14.46,13.99,30.79,34.53,32.5,29.0,21.1,25.0,opencv
1827,1.335,3.16,2.35,14.27,13.92,30.54,33.71,32.7,29.7,21.2,25.0,opencv
1828,1.321,3.62,2.99,17.06,13.57,33.62,37.24,29.7,26.8,21.3,25.0,opencv
1829,1.327,3.63,2.89,22.51,13.83,39.24,42.87,25.5,23.3,21.2,25.0,opencv
1830,1.321,3.37,2.72,14.87,13.58,31.16,34.54,32.1,29.0,21.4,25.0,opencv
1831,1.321,3.10,2.43,12.67,13.98,29.07,32.17,34.4,31.1,21.4,25.0,opencv
1832,1.302,3.39,2.43,13.33,14.05,29.81,33.21,33.5,30.1,21.7,25.0,opencv
1833,1.295,3.41,2.68,12.72,13.87,29.26,32.68,34.2,30.6,21.8,25.0,opencv
1834,1.292,3.50,2.71,12.57,13.70,28.99,32.50,34.5,30.8,21.9,25.0,opencv
1835,1.279,3.75,3.18,13.23,13.69,30.11,33.86,33.2,29.5,22.1,25.0,opencv
1836,1.264,3.43,2.37,12.86,13.85,29.07,32.51,34.4,30.8,22.4,25.0,opencv
1837,1.252,3.46,2.69,13.12,13.96,29.77,33.23,33.6,30.1,22.6,25.0,opencv
1838,1.252,3.61,2.62,12.48,13.78,28.89,32.51,34.6,30.8,22.6,25.0,opencv
1839,1.248,3.82,2.73,14.50,13.40,30.62,34.45,32.7,29.0,22.6,25.0,opencv
1840,1.243,3.47,2.70,12.67,13.85,29.22,32.69,34.2,30.6,22.7,25.0,opencv
1841,1.240,3.25,2.54,12.82,14.25,29.61,32.87,33.8,30.4,22.8,25.0,opencv
1842,1.223,3.47,2.72,12.46,14.08,29.26,32.74,34.2,30.5,23.1,25.0,opencv
1843,1.220,3.57,2.71,12.31,13.93,28.95,32.53,34.5,30.7,23.2,25.0,opencv
1844,1.203,3.35,2.51,12.57,13.78,28.86,32.21,34.7,31.0,23.5,25.0,opencv
1845,1.204,3.67,2.60,12.77,13.74,29.10,32.78,34.4,30.5,23.5,25.0,opencv
1846,1.203,3.41,2.51,13.07,13.84,29.43,32.85,34.0,30.4,23.5,25.0,opencv
1847,1.203,3.58,2.68,12.66,14.28,29.62,33.21,33.8,30.1,23.5,25.0,opencv
1848,1.201,4.16,2.52,12.70,14.46,29.67,33.85,33.7,29.5,23.5,25.0,opencv
1849,1.201,3.19,2.30,12.38,13.58,28.26,31.46,35.4,31.8,23.5,25.0,opencv
1850,1.202,3.90,2.37,14.02,14.02,30.41,34.32,32.9,29.1,23.5,25.0,opencv
1851,1.188,3.67,2.64,14.36,14.15,31.15,34.83,32.1,28.7,23.7,25.0,opencv
1852,1.178,3.35,2.34,12.19,13.98,28.51,31.87,35.1,31.4,24.0,25.0,opencv
1853,1.167,3.09,2.39,17.14,14.10,33.63,36.72,29.7,27.2,24.1,25.0,opencv
1854,1.174,3.41,2.94,22.33,14.43,39.70,43.12,25.2,23.2,23.8,25.0,opencv
1855,1.178,3.34,2.61,16.40,13.87,32.88,36.22,30.4,27.6,23.9,25.0,opencv
1856,1.181,3.34,2.33,28.72,13.76,44.81,48.15,22.3,20.8,23.6,25.0,opencv
1857,1.189,3.06,2.37,12.69,13.62,28.69,31.75,34.9,31.5,23.8,25.0,opencv
1858,1.174,3.65,2.52,11.90,14.09,28.51,32.18,35.1,31.1,24.0,25.0,opencv
1859,1.174,3.37,2.41,24.07,14.04,40.53,43.91,24.7,22.8,23.8,25.0,opencv
1860,1.190,3.64,2.38,14.86,13.80,31.05,34.69,32.2,28.8,23.7,25.0,opencv
1861,1.190,3.57,2.85,12.40,13.89,29.13,32.71,34.3,30.6,23.7,25.0,opencv
1862,1.198,3.38,2.56,13.91,14.33,30.79,34.17,32.5,29.3,23.5,25.0,opencv
1863,1.204,3.55,2.31,12.20,13.95,28.46,32.02,35.1,31.2,23.5,25.0,opencv
1864,1.201,3.51,2.58,28.96,13.71,45.26,48.77,22.1,20.5,23.2,25.0,opencv
1865,1.222,3.54,2.45,33.69,13.52,49.66,53.21,20.1,18.8,22.7,25.0,opencv
1866,1.242,3.62,2.47,11.90,14.17,28.53,32.16,35.0,31.1,22.8,25.0,opencv
1867,1.245,3.49,2.69,13.43,13.77,29.89,33.39,33.5,30.0,22.7,25.0,opencv
1868,1.244,3.83,2.54,12.44,13.93,28.91,32.75,34.6,30.5,22.7,25.0,opencv
1869,1.247,3.45,2.44,12.65,14.10,29.18,32.65,34.3,30.6,22.7,25.0,opencv
1870,1.246,3.66,2.56,12.72,13.91,29.19,32.85,34.3,30.4,22.7,25.0,opencv
1871,1.252,3.54,2.65,24.84,13.97,41.47,45.01,24.1,22.2,22.4,25.0,opencv
1872,1.276,3.34,2.65,13.47,13.74,29.86,33.21,33.5,30.1,22.1,25.0,opencv
1873,1.275,3.39,2.48,24.86,13.64,40.98,44.38,24.4,22.5,22.0,25.0,opencv
1874,1.284,3.32,2.46,12.88,13.85,29.19,32.52,34.3,30.7,22.0,25.0,opencv
1875,1.282,3.82,2.38,13.42,14.20,30.00,33.83,33.3,29.6,22.0,25.0,opencv
1876,1.292,3.64,2.28,11.26,13.87,27.41,31.06,36.5,32.2,21.9,25.0,opencv
1877,1.294,3.56,2.73,12.65,13.58,28.96,32.53,34.5,30.7,21.9,25.0,opencv
1878,1.295,3.88,2.37,12.42,13.62,28.41,32.30,35.2,31.0,21.8,25.0,opencv
1879,1.291,3.23,2.59,11.87,14.05,28.51,31.75,35.1,31.5,21.9,25.0,opencv
1880,1.283,3.40,2.63,12.17,14.05,28.85,32.26,34.7,31.0,22.1,25.0,opencv
1881,1.283,3.38,2.35,12.03,14.33,28.71,32.10,34.8,31.1,22.1,25.0,opencv
1882,1.275,3.71,2.31,26.57,13.72,42.60,46.31,23.5,21.6,21.9,25.0,opencv
1883,1.277,4.15,2.39,14.19,13.65,30.23,34.39,33.1,29.1,22.1,25.0,opencv
1884,1.274,3.32,2.42,12.64,13.78,28.85,32.17,34.7,31.1,22.2,25.0,opencv
1885,1.266,3.71,2.52,14.37,14.51,31.39,35.11,31.9,28.5,22.3,25.0,opencv
1886,1.275,3.42,2.77,17.64,13.88,34.29,37.72,29.2,26.5,22.1,25.0,opencv
1887,1.283,3.44,2.75,21.67,14.07,38.50,41.95,26.0,23.8,21.9,25.0,opencv
1888,1.282,3.42,2.72,13.28,14.20,30.21,33.64,33.1,29.7,22.0,25.0,opencv
1889,1.281,3.34,2.26,14.79,14.15,31.20,34.55,32.0,28.9,22.0,25.0,opencv
1890,1.284,3.63,2.61,25.21,14.09,41.91,45.54,23.9,22.0,21.8,25.0,opencv
1891,1.288,3.59,2.75,13.02,13.92,29.69,33.29,33.7,30.0,21.9,25.0,opencv
1892,1.285,3.16,2.57,12.51,13.90,28.98,32.15,34.5,31.1,22.0,25.0,opencv
1893,1.265,4.09,2.59,12.99,13.99,29.58,33.67,33.8,29.7,22.3,25.0,opencv
1894,1.246,3.27,2.38,27.32,13.85,43.56,46.83,23.0,21.4,22.4,25.0,opencv
1895,1.262,3.63,2.96,14.25,14.18,31.39,35.03,31.9,28.5,22.4,25.0,opencv
1896,1.260,3.33,2.50,14.59,13.82,30.90,34.24,32.4,29.2,22.4,25.0,opencv
1897,1.260,3.22,2.48,21.64,13.97,38.08,41.30,26.3,24.2,22.3,25.0,opencv
1898,1.268,3.32,2.53,15.00,13.74,31.27,34.59,32.0,28.9,22.3,25.0,opencv
1899,1.270,3.80,2.39,13.75,14.60,30.74,34.55,32.5,28.9,22.2,25.0,opencv
1900,1.253,3.16,2.50,12.75,13.72,28.98,32.14,34.5,31.1,22.6,25.0,opencv
1901,1.243,3.60,2.66,12.31,13.75,28.72,32.33,34.8,30.9,22.7,25.0,opencv
1902,1.236,3.42,2.53,13.07,13.78,29.39,32.81,34.0,30.5,22.8,25.0,opencv
1903,1.238,3.32,2.47,14.43,13.84,30.74,34.06,32.5,29.4,22.8,25.0,opencv
1904,1.236,3.21,2.55,13.73,13.76,30.05,33.26,33.3,30.1,22.8,25.0,opencv
1905,1.228,3.44,2.61,18.05,13.60,34.26,37.71,29.2,26.5,22.9,25.0,opencv
1906,1.225,3.25,2.51,26.19,14.30,43.00,46.25,23.3,21.6,22.8,25.0,opencv
1907,1.233,3.19,2.37,14.87,13.82,31.06,34.25,32.2,29.2,22.9,25.0,opencv
1908,1.243,3.84,2.50,25.69,13.54,41.72,45.57,24.0,21.9,22.5,25.0,opencv
1909,1.253,3.25,2.54,14.53,13.66,30.73,33.99,32.5,29.4,22.5,25.0,opencv
1910,1.253,3.42,2.71,12.04,13.87,28.61,32.05,34.9,31.2,22.6,25.0,opencv
1911,1.237,3.39,2.84,12.28,14.07,29.20,32.60,34.3,30.7,22.8,25.0,opencv
1912,1.240,3.30,2.65,12.99,13.65,29.28,32.59,34.1,30.7,22.8,25.0,opencv
1913,1.239,3.72,2.89,12.72,13.57,29.17,32.90,34.3,30.4,22.8,25.0,opencv
1914,1.234,3.20,2.48,13.22,13.91,29.62,32.82,33.8,30.5,22.9,25.0,opencv
1915,1.228,3.49,2.76,12.77,13.73,29.26,32.75,34.2,30.5,23.0,25.0,opencv
1916,1.214,3.47,2.27,12.86,13.73,28.87,32.34,34.6,30.9,23.3,25.0,opencv
1917,1.209,3.22,2.71,12.87,13.71,29.30,32.52,34.1,30.7,23.4,25.0,opencv
1918,1.209,3.84,2.48,12.35,13.58,28.40,32.25,35.2,31.0,23.4,25.0,opencv
1919,1.198,3.25,2.59,23.37,13.53,39.50,42.75,25.3,23.4,23.4,25.0,opencv
1920,1.212,3.39,2.70,12.85,14.00,29.56,32.96,33.8,30.3,23.3,25.0,opencv
1921,1.210,3.82,2.38,12.49,14.09,28.96,32.79,34.5,30.5,23.3,25.0,opencv
1922,1.211,3.40,2.49,13.03,14.13,29.64,33.05,33.7,30.3,23.3,25.0,opencv
1923,1.191,3.35,2.48,12.72,14.08,29.28,32.64,34.1,30.6,23.7,25.0,opencv
1924,1.189,3.33,2.26,13.95,13.82,30.03,33.37,33.3,30.0,23.7,25.0,opencv
1925,1.190,3.46,2.40,12.70,13.92,29.01,32.49,34.5,30.8,23.7,25.0,opencv
1926,1.183,3.76,2.61,11.64,13.86,28.10,31.86,35.6,31.4,23.9,25.0,opencv
1927,1.180,3.35,2.48,14.61,14.44,31.53,34.89,31.7,28.7,23.9,25.0,opencv
1928,1.181,3.88,2.34,12.77,14.08,29.19,33.07,34.3,30.2,23.9,25.0,opencv
1929,1.185,3.37,2.51,12.93,13.77,29.21,32.59,34.2,30.7,23.8,25.0,opencv
1930,1.184,3.53,2.52,12.59,13.87,28.99,32.53,34.5,30.7,23.8,25.0,opencv
1931,1.183,3.29,2.48,27.20,14.72,44.39,47.69,22.5,21.0,23.6,25.0,opencv
1932,1.197,3.50,2.56,14.26,13.69,30.50,34.01,32.8,29.4,23.6,25.0,opencv
1933,1.196,3.45,2.49,12.16,13.94,28.59,32.05,35.0,31.2,23.6,25.0,opencv
1934,1.192,3.43,2.39,13.89,13.82,30.10,33.54,33.2,29.8,23.7,25.0,opencv
1935,1.184,3.43,2.56,14.16,13.91,30.63,34.07,32.6,29.3,23.8,25.0,opencv
1936,1.186,3.21,2.42,13.88,14.06,30.36,33.58,32.9,29.8,23.8,25.0,opencv
1937,1.163,3.46,2.76,15.06,13.88,31.70,35.16,31.5,28.4,24.2,25.0,opencv
1938,1.166,3.77,2.30,14.01,13.96,30.27,34.05,33.0,29.4,24.2,25.0,opencv
1939,1.169,3.03,2.57,12.35,13.89,28.80,31.84,34.7,31.4,24.2,25.0,opencv
1940,1.169,3.63,2.61,12.46,13.79,28.86,32.49,34.7,30.8,24.1,25.0,opencv
1941,1.165,3.60,2.38,12.45,13.91,28.74,32.35,34.8,30.9,24.2,25.0,opencv
1942,1.177,3.05,2.42,12.41,13.77,28.61,31.66,35.0,31.6,24.0,25.0,opencv
1943,1.178,3.81,2.40,24.12,13.70,40.22,44.03,24.9,22.7,23.7,25.0,opencv
1944,1.187,4.02,2.60,30.52,14.12,47.24,51.27,21.2,19.5,23.4,25.0,opencv
1945,1.207,3.21,2.59,20.42,13.67,36.68,39.90,27.3,25.1,23.3,25.0,opencv
1946,1.218,3.33,2.61,13.27,14.00,29.88,33.22,33.5,30.1,23.2,25.0,opencv
1947,1.216,3.38,2.74,12.67,14.26,29.68,33.06,33.7,30.2,23.2,25.0,opencv
1948,1.204,3.07,2.53,12.56,14.06,29.15,32.22,34.3,31.0,23.4,25.0,opencv
1949,1.203,3.23,2.57,17.69,13.75,34.01,37.25,29.4,26.8,23.4,25.0,opencv
1950,1.205,3.24,2.30,34.79,13.73,50.82,54.07,19.7,18.5,23.0,25.0,opencv
1951,1.222,3.80,2.85,14.18,13.93,30.96,34.76,32.3,28.8,23.1,25.0,opencv
1952,1.231,3.30,2.40,13.95,13.95,30.30,33.60,33.0,29.8,22.9,25.0,opencv
1953,1.227,3.64,2.63,12.72,13.71,29.06,32.70,34.4,30.6,23.0,25.0,opencv
1954,1.231,3.43,2.85,13.19,13.79,29.83,33.27,33.5,30.1,22.9,25.0,opencv
1955,1.231,3.90,2.87,12.29,13.88,29.04,32.95,34.4,30.3,23.0,25.0,opencv
1956,1.230,3.34,2.56,14.81,13.71,31.09,34.43,32.2,29.0,22.9,25.0,opencv
1957,1.229,3.63,2.81,29.21,14.07,46.09,49.72,21.7,20.1,22.7,25.0,opencv
1958,1.248,3.30,2.35,15.16,13.89,31.41,34.71,31.8,28.8,22.6,25.0,opencv
1959,1.249,3.45,2.79,23.70,13.63,40.13,43.58,24.9,22.9,22.4,25.0,opencv
1960,1.244,3.84,2.48,12.95,13.70,29.13,32.98,34.3,30.3,22.7,25.0,opencv
1961,1.244,3.53,2.42,12.10,14.17,28.69,32.23,34.9,31.0,22.7,25.0,opencv
1962,1.248,3.64,2.71,12.25,14.15,29.11,32.75,34.4,30.5,22.6,25.0,opencv
1963,1.252,3.38,2.53,30.23,13.75,46.51,49.90,21.5,20.0,22.3,25.0,opencv
1964,1.269,4.04,2.66,28.73,13.62,45.01,49.05,22.2,20.4,22.0,25.0,opencv
1965,1.293,4.40,2.69,24.15,14.07,40.91,45.31,24.4,22.1,21.7,25.0,opencv
1966,1.301,3.88,2.87,13.92,14.48,31.27,35.15,32.0,28.4,21.7,25.0,opencv
1967,1.301,3.30,2.30,27.16,13.57,43.03,46.34,23.2,21.6,21.5,25.0,opencv
1968,1.313,3.16,2.46,13.20,14.10,29.76,32.93,33.6,30.4,21.6,25.0,opencv
1969,1.311,3.68,2.41,13.36,13.57,29.34,33.02,34.1,30.3,21.6,25.0,opencv
1970,1.310,3.62,2.73,12.65,14.24,29.62,33.25,33.8,30.1,21.6,25.0,opencv
1971,1.303,3.80,2.58,12.55,13.89,29.02,32.83,34.5,30.5,21.7,25.0,opencv
1972,1.287,4.07,2.54,12.90,14.05,29.49,33.58,33.9,29.8,22.0,25.0,opencv
1973,1.273,3.27,2.32,12.61,13.92,28.86,32.14,34.7,31.1,22.2,25.0,opencv
1974,1.264,3.53,2.73,12.32,14.10,29.15,32.68,34.3,30.6,22.4,25.0,opencv
1975,1.262,3.40,2.35,11.98,13.85,28.18,31.59,35.5,31.7,22.4,25.0,opencv
1976,1.262,3.36,2.80,13.17,13.96,29.93,33.29,33.4,30.0,22.4,25.0,opencv
1977,1.272,3.37,2.55,26.11,14.10,42.77,46.15,23.4,21.7,22.0,25.0,opencv
1978,1.278,3.55,2.74,27.62,14.27,44.62,48.17,22.4,20.8,21.9,25.0,opencv
1979,1.279,3.36,2.59,18.59,14.39,35.57,38.93,28.1,25.7,22.0,25.0,opencv
1980,1.290,3.34,2.29,15.53,13.59,31.41,34.76,31.8,28.8,21.9,25.0,opencv
1981,1.286,3.74,2.81,13.19,14.11,30.12,33.86,33.2,29.5,22.0,25.0,opencv
1982,1.298,3.89,2.72,19.60,13.67,35.99,39.89,27.8,25.1,21.7,25.0,opencv
1983,1.303,3.25,2.72,15.42,13.14,31.28,34.54,32.0,29.0,21.7,25.0,opencv
1984,1.304,3.50,2.41,12.82,14.17,29.41,32.91,34.0,30.4,21.7,25.0,opencv
1985,1.300,3.41,2.74,12.96,13.91,29.61,33.03,33.8,30.3,21.8,25.0,opencv
1986,1.287,3.84,2.67,12.95,14.07,29.69,33.54,33.7,29.8,22.0,25.0,opencv
1987,1.283,3.22,2.39,12.75,14.14,29.29,32.52,34.1,30.8,22.0,25.0,opencv
1988,1.273,3.50,2.94,12.38,13.74,29.06,32.57,34.4,30.7,22.2,25.0,opencv
1989,1.272,3.31,2.39,14.59,13.91,30.88,34.20,32.4,29.2,22.2,25.0,opencv
1990,1.274,3.66,2.91,25.18,13.86,41.96,45.62,23.8,21.9,22.0,25.0,opencv
1991,1.282,3.80,2.73,13.47,14.09,30.29,34.10,33.0,29.3,22.0,25.0,opencv
1992,1.265,3.35,2.57,13.22,13.69,29.48,32.84,33.9,30.4,22.3,25.0,opencv
1993,1.247,3.41,2.73,12.45,13.85,29.03,32.45,34.4,30.8,22.7,25.0,opencv
1994,1.229,3.34,2.28,13.34,13.90,29.51,32.86,33.9,30.4,23.0,25.0,opencv
1995,1.229,3.40,2.46,13.61,13.66,29.73,33.14,33.6,30.2,23.0,25.0,opencv
1996,1.218,3.82,2.48,13.55,13.75,29.78,33.61,33.6,29.8,23.2,25.0,opencv
1997,1.223,3.18,2.57,12.91,14.03,29.50,32.69,33.9,30.6,23.1,25.0,opencv
1998,1.232,3.66,2.57,18.25,13.63,34.45,38.11,29.0,26.2,22.8,25.0,opencv
1999,1.243,3.52,2.75,15.74,13.70,32.19,35.72,31.1,28.0,22.7,25.0,opencv
2000,1.244,3.94,2.41,12.52,14.11,29.04,32.98,34.4,30.3,22.7,25.0,opencv
2001,1.243,3.58,2.52,13.39,14.41,30.31,33.90,33.0,29.5,22.7,25.0,opencv
2002,1.249,3.07,2.60,17.98,14.08,34.66,37.74,28.9,26.5,22.5,25.0,opencv
2003,1.252,3.94,2.32,23.03,13.92,39.28,43.23,25.5,23.1,22.4,25.0,opencv
2004,1.263,4.09,2.45,12.34,13.89,28.67,32.76,34.9,30.5,22.4,25.0,opencv
2005,1.263,3.16,2.46,12.21,13.92,28.59,31.76,35.0,31.5,22.4,25.0,opencv
2006,1.237,3.39,2.68,12.68,13.89,29.25,32.66,34.2,30.6,22.8,25.0,opencv
2007,1.221,3.67,2.94,13.10,14.09,30.13,33.81,33.2,29.6,23.1,25.0,opencv
2008,1.211,3.27,2.37,13.15,14.34,29.87,33.14,33.5,30.2,23.3,25.0,opencv
2009,1.201,3.36,2.52,13.60,13.84,29.95,33.32,33.4,30.0,23.5,25.0,opencv
2010,1.206,3.83,2.30,15.10,13.92,31.32,35.17,31.9,28.4,23.4,25.0,opencv
2011,1.189,3.39,2.57,12.55,14.15,29.27,32.66,34.2,30.6,23.7,25.0,opencv
2012,1.186,4.23,2.47,13.14,13.80,29.41,33.64,34.0,29.7,23.8,25.0,opencv
2013,1.195,4.28,2.75,25.29,13.85,41.89,46.18,23.9,21.7,23.4,25.0,opencv
2014,1.209,3.76,2.46,13.26,13.64,29.36,33.13,34.1,30.2,23.4,25.0,opencv
2015,1.205,3.46,2.44,12.99,13.85,29.27,32.75,34.2,30.5,23.4,25.0,opencv
2016,1.205,3.49,2.52,13.61,13.85,29.99,33.49,33.3,29.9,23.4,25.0,opencv
2017,1.206,3.41,2.45,12.87,14.48,29.80,33.24,33.6,30.1,23.4,25.0,opencv
2018,1.213,3.46,2.29,20.80,13.90,36.98,40.45,27.0,24.7,23.1,25.0,opencv
2019,1.211,3.27,2.30,12.95,13.72,28.97,32.24,34.5,31.0,23.3,25.0,opencv
2020,1.214,3.52,2.60,13.66,13.62,29.88,33.41,33.5,29.9,23.3,25.0,opencv
2021,1.210,3.89,2.48,12.60,14.52,29.60,33.50,33.8,29.9,23.3,25.0,opencv
2022,1.210,3.34,2.25,11.79,13.91,27.95,31.30,35.8,32.0,23.4,25.0,opencv
2023,1.209,3.78,2.84,27.35,13.72,43.91,47.69,22.8,21.0,23.1,25.0,opencv
2024,1.220,3.41,2.74,12.47,13.74,28.95,32.37,34.5,30.9,23.2,25.0,opencv
2025,1.220,3.43,2.46,13.18,13.73,29.37,32.81,34.0,30.5,23.1,25.0,opencv
2026,1.221,3.79,2.85,25.40,14.68,42.93,46.73,23.3,21.4,22.9,25.0,opencv
2027,1.216,3.98,2.84,19.63,13.86,36.32,40.31,27.5,24.8,23.1,25.0,opencv
2028,1.218,3.56,2.78,21.74,13.60,38.13,41.69,26.2,24.0,23.0,25.0,opencv
2029,1.230,3.87,2.72,20.03,13.94,36.68,40.56,27.3,24.7,22.8,25.0,opencv
2030,1.240,3.80,2.70,20.60,13.90,37.20,41.01,26.9,24.4,22.6,25.0,opencv
2031,1.242,3.45,2.33,23.30,13.59,39.22,42.67,25.5,23.4,22.6,25.0,opencv
2032,1.254,3.91,2.81,26.29,13.87,42.98,46.90,23.3,21.3,22.3,25.0,opencv
2033,1.273,3.33,2.47,22.51,13.63,38.62,41.96,25.9,23.8,22.1,25.0,opencv
2034,1.283,3.37,2.55,25.88,13.88,42.31,45.68,23.6,21.9,21.8,25.0,opencv
2035,1.297,3.37,2.29,13.25,14.26,29.80,33.17,33.6,30.1,21.8,25.0,opencv
2036,1.299,3.45,2.63,12.22,13.60,28.45,31.91,35.2,31.3,21.8,25.0,opencv
2037,1.300,3.73,2.58,12.82,13.79,29.19,32.93,34.3,30.4,21.8,25.0,opencv
2038,1.303,3.13,2.42,12.66,13.74,28.83,31.96,34.7,31.3,21.7,25.0,opencv
2039,1.299,3.56,2.29,13.21,13.70,29.20,32.77,34.2,30.5,21.8,25.0,opencv
2040,1.302,3.23,2.85,12.65,13.85,29.35,32.59,34.1,30.7,21.7,25.0,opencv
2041,1.300,4.17,2.66,12.65,14.34,29.65,33.83,33.7,29.6,21.7,25.0,opencv
2042,1.281,3.10,2.31,12.43,13.81,28.55,31.65,35.0,31.6,22.1,25.0,opencv
2043,1.280,3.88,2.89,13.02,13.69,29.60,33.49,33.8,29.9,22.1,25.0,opencv
2044,1.283,3.48,2.47,14.18,13.94,30.59,34.07,32.7,29.3,22.0,25.0,opencv
2045,1.292,3.34,2.37,14.14,13.92,30.43,33.78,32.9,29.6,21.9,25.0,opencv
2046,1.294,3.73,2.93,23.33,13.74,39.99,43.73,25.0,22.9,21.7,25.0,opencv
2047,1.294,3.30,2.44,16.20,13.90,32.54,35.85,30.7,27.9,21.8,25.0,opencv
2048,1.295,3.72,2.50,26.38,13.74,42.62,46.35,23.5,21.6,21.6,25.0,opencv
2049,1.304,3.46,2.78,14.30,13.77,30.86,34.33,32.4,29.1,21.7,25.0,opencv
2050,1.303,3.00,2.30,12.73,13.93,28.95,31.96,34.5,31.3,21.7,25.0,opencv
2051,1.306,3.80,2.59,21.34,14.49,38.42,42.23,26.0,23.7,21.5,25.0,opencv
2052,1.297,3.33,2.42,24.65,14.10,41.18,44.51,24.3,22.5,21.6,25.0,opencv
2053,1.312,3.50,2.35,13.34,13.85,29.54,33.05,33.9,30.3,21.6,25.0,opencv
2054,1.308,3.80,2.78,12.32,13.58,28.68,32.48,34.9,30.8,21.6,25.0,opencv
2055,1.293,3.63,2.43,13.11,13.87,29.41,33.04,34.0,30.3,21.9,25.0,opencv
2056,1.290,3.37,2.55,13.34,13.98,29.86,33.24,33.5,30.1,21.9,25.0,opencv
2057,1.278,3.48,2.84,13.62,13.83,30.29,33.78,33.0,29.6,22.1,25.0,opencv
2058,1.269,3.49,2.42,13.19,13.96,29.57,33.07,33.8,30.2,22.3,25.0,opencv
2059,1.258,3.89,2.66,14.51,14.38,31.55,35.45,31.7,28.2,22.4,25.0,opencv
2060,1.242,3.28,2.48,25.11,13.59,41.18,44.46,24.3,22.5,22.5,25.0,opencv
2061,1.227,3.36,2.53,14.11,13.99,30.62,33.99,32.7,29.4,23.0,25.0,opencv
2062,1.211,3.25,2.25,13.61,13.96,29.82,33.08,33.5,30.2,23.3,25.0,opencv
2063,1.195,4.05,2.63,17.79,14.10,34.52,38.58,29.0,25.9,23.5,25.0,opencv
2064,1.208,3.28,2.66,28.46,13.85,44.97,48.26,22.2,20.7,23.1,25.0,opencv
2065,1.220,3.48,2.23,13.71,14.61,30.55,34.03,32.7,29.4,23.1,25.0,opencv
2066,1.219,3.27,2.53,13.37,13.75,29.65,32.93,33.7,30.4,23.2,25.0,opencv
2067,1.222,3.53,2.78,14.82,14.01,31.61,35.15,31.6,28.5,23.1,25.0,opencv
2068,1.226,3.22,2.57,27.36,13.66,43.58,46.81,22.9,21.4,22.8,25.0,opencv
2069,1.240,3.73,2.52,24.77,14.58,41.87,45.61,23.9,21.9,22.6,25.0,opencv
2070,1.249,3.56,2.54,13.35,14.09,29.98,33.55,33.4,29.8,22.6,25.0,opencv
2071,1.253,3.69,2.61,24.96,13.96,41.53,45.23,24.1,22.1,22.3,25.0,opencv
2072,1.260,3.14,2.25,14.82,14.11,31.18,34.33,32.1,29.1,22.4,25.0,opencv
2073,1.262,3.77,2.59,23.02,13.78,39.40,43.17,25.4,23.2,22.2,25.0,opencv
2074,1.263,3.78,2.39,26.12,13.76,42.27,46.06,23.7,21.7,22.2,25.0,opencv
2075,1.261,3.33,2.52,14.21,14.16,30.89,34.24,32.4,29.2,22.4,25.0,opencv
2076,1.251,3.35,2.50,14.62,13.96,31.08,34.44,32.2,29.0,22.6,25.0,opencv
2077,1.238,3.58,2.65,14.23,13.85,30.74,34.33,32.5,29.1,22.8,25.0,opencv
2078,1.240,3.14,2.33,12.12,13.51,27.95,31.10,35.8,32.2,22.8,25.0,opencv
2079,1.243,3.68,2.55,12.60,13.79,28.94,32.63,34.6,30.6,22.7,25.0,opencv
2080,1.233,3.38,2.37,14.63,14.23,31.23,34.61,32.0,28.9,22.9,25.0,opencv
2081,1.225,3.36,2.61,28.64,14.17,45.41,48.77,22.0,20.5,22.8,25.0,opencv
2082,1.248,3.50,2.45,15.89,14.22,32.55,36.06,30.7,27.7,22.6,25.0,opencv
2083,1.254,3.75,2.55,26.12,13.67,42.34,46.09,23.6,21.7,22.3,25.0,opencv
2084,1.269,3.30,2.68,16.55,13.71,32.93,36.23,30.4,27.6,22.2,25.0,opencv
2085,1.271,3.33,2.76,13.91,14.15,30.82,34.15,32.4,29.3,22.2,25.0,opencv
2086,1.276,3.98,2.52,13.00,13.57,29.09,33.07,34.4,30.2,22.1,25.0,opencv
2087,1.277,3.59,2.42,12.30,13.23,27.96,31.55,35.8,31.7,22.2,25.0,opencv
2088,1.271,3.30,2.37,12.44,13.72,28.53,31.83,35.0,31.4,22.3,25.0,opencv
2089,1.256,3.43,2.76,12.04,14.06,28.87,32.31,34.6,31.0,22.5,25.0,opencv
2090,1.257,3.40,2.70,28.47,14.33,45.50,48.91,22.0,20.4,22.2,25.0,opencv
2091,1.282,3.49,2.37,13.54,13.89,29.80,33.36,33.6,30.0,22.0,25.0,opencv
2092,1.289,3.32,2.35,13.68,13.90,29.93,33.26,33.4,30.1,21.9,25.0,opencv
2093,1.271,3.83,2.27,25.25,13.81,41.33,45.17,24.2,22.1,22.0,25.0,opencv
2094,1.285,3.18,2.36,12.91,13.64,28.92,32.10,34.6,31.2,22.0,25.0,opencv
2095,1.285,3.69,2.45,12.47,14.34,29.27,32.97,34.2,30.3,22.0,25.0,opencv
2096,1.281,3.24,2.70,11.67,14.04,28.41,31.66,35.2,31.6,22.1,25.0,opencv
2097,1.265,3.40,2.38,15.66,14.50,32.54,35.96,30.7,27.8,22.3,25.0,opencv
2098,1.262,3.19,2.33,12.55,14.37,29.25,32.44,34.2,30.8,22.4,25.0,opencv
2099,1.268,4.16,2.63,24.30,13.70,40.63,44.80,24.6,22.3,22.1,25.0,opencv
2100,1.264,3.16,2.38,12.67,13.65,28.70,31.86,34.8,31.4,22.4,25.0,opencv
2101,1.268,3.28,3.04,19.44,14.01,36.49,39.78,27.4,25.1,22.2,25.0,opencv
2102,1.263,3.28,2.54,37.71,13.68,53.94,57.22,18.5,17.5,22.0,25.0,opencv
2103,1.273,3.20,2.60,12.28,13.78,28.67,31.87,34.9,31.4,22.2,25.0,opencv
2104,1.275,3.40,2.45,12.59,13.68,28.73,32.14,34.8,31.1,22.2,25.0,opencv
2105,1.276,3.98,2.38,14.02,13.94,30.34,34.32,33.0,29.1,22.1,25.0,opencv
2106,1.275,3.29,2.66,27.84,14.02,44.51,47.81,22.5,20.9,21.9,25.0,opencv
2107,1.289,3.29,2.72,17.12,14.68,34.52,37.82,29.0,26.4,21.9,25.0,opencv
2108,1.299,4.02,2.88,21.51,13.69,38.08,42.10,26.3,23.8,21.6,25.0,opencv
2109,1.307,3.50,2.87,24.88,13.67,41.42,44.93,24.1,22.3,21.5,25.0,opencv
2110,1.303,3.26,2.68,13.26,13.79,29.73,33.00,33.6,30.3,21.7,25.0,opencv
2111,1.295,3.27,2.53,12.46,14.24,29.23,32.50,34.2,30.8,21.8,25.0,opencv
2112,1.277,3.05,2.38,12.68,14.00,29.06,32.11,34.4,31.1,22.1,25.0,opencv
2113,1.269,3.58,2.68,13.18,13.76,29.61,33.20,33.8,30.1,22.3,25.0,opencv
2114,1.272,3.14,2.63,18.69,13.94,35.26,38.42,28.4,26.0,22.1,25.0,opencv
2115,1.278,3.11,2.54,22.51,14.00,39.06,42.18,25.6,23.7,22.0,25.0,opencv
2116,1.288,3.40,2.36,25.30,13.82,41.49,44.89,24.1,22.3,21.8,25.0,opencv
2117,1.302,3.34,2.29,13.54,13.99,29.82,33.16,33.5,30.2,21.7,25.0,opencv
2118,1.307,3.71,2.56,14.49,14.53,31.58,35.30,31.7,28.3,21.6,25.0,opencv
2119,1.290,3.89,2.32,12.31,14.11,28.74,32.64,34.8,30.6,21.9,25.0,opencv
2120,1.284,3.36,2.37,12.18,13.73,28.28,31.65,35.4,31.6,22.0,25.0,opencv
2121,1.275,3.70,2.90,13.76,14.01,30.67,34.39,32.6,29.1,22.1,25.0,opencv
2122,1.263,3.17,2.63,21.97,14.20,38.80,41.98,25.8,23.8,22.2,25.0,opencv
2123,1.270,3.16,2.45,13.50,14.26,30.21,33.38,33.1,30.0,22.2,25.0,opencv
2124,1.273,3.54,2.75,23.82,14.00,40.58,44.13,24.6,22.7,22.0,25.0,opencv
2125,1.286,4.08,2.58,32.30,14.68,49.56,53.65,20.2,18.6,21.6,25.0,opencv
2126,1.302,3.57,2.69,14.10,13.71,30.51,34.08,32.8,29.3,21.7,25.0,opencv
2127,1.296,3.54,2.38,13.04,13.85,29.27,32.81,34.2,30.5,21.8,25.0,opencv
2128,1.283,3.28,2.73,13.05,14.01,29.78,33.06,33.6,30.2,22.0,25.0,opencv
2129,1.286,3.43,2.29,12.01,14.13,28.43,31.87,35.2,31.4,22.0,25.0,opencv
2130,1.276,3.12,2.41,12.59,13.85,28.85,31.98,34.7,31.3,22.2,25.0,opencv
2131,1.253,4.12,2.34,14.05,14.93,31.33,35.45,31.9,28.2,22.5,25.0,opencv
2132,1.262,4.41,2.74,25.05,13.61,41.39,45.81,24.2,21.8,22.2,25.0,opencv
2133,1.274,3.87,2.40,18.39,13.85,34.65,38.53,28.9,26.0,22.1,25.0,opencv
2134,1.282,3.53,2.45,27.87,13.80,44.12,47.73,22.7,21.0,21.8,25.0,opencv
2135,1.281,3.33,2.71,11.84,14.51,29.06,32.40,34.4,30.9,22.1,25.0,opencv
2136,1.280,3.79,2.73,13.93,13.90,30.56,34.36,32.7,29.1,22.1,25.0,opencv
2137,1.265,3.24,2.31,12.58,13.64,28.54,31.78,35.0,31.5,22.4,25.0,opencv
2138,1.252,3.14,2.57,13.07,13.83,29.48,32.62,33.9,30.7,22.6,25.0,opencv
2139,1.255,3.96,2.79,12.51,13.89,29.18,33.15,34.3,30.2,22.5,25.0,opencv
2140,1.253,3.42,2.44,12.63,13.99,29.06,32.48,34.4,30.8,22.6,25.0,opencv
2141,1.258,3.47,3.00,12.65,13.99,29.64,33.12,33.7,30.2,22.5,25.0,opencv
2142,1.264,3.36,2.87,25.88,13.89,42.63,46.01,23.5,21.7,22.1,25.0,opencv
2143,1.272,3.37,2.81,13.14,13.78,29.73,33.10,33.6,30.2,22.2,25.0,opencv
2144,1.258,3.34,2.34,13.20,14.44,29.98,33.32,33.4,30.0,22.5,25.0,opencv
2145,1.246,3.71,2.49,13.17,13.63,29.29,33.00,34.1,30.3,22.7,25.0,opencv
2146,1.247,3.82,2.35,12.53,13.71,28.58,32.41,35.0,30.9,22.7,25.0,opencv
2147,1.245,3.24,2.49,12.79,14.39,29.67,32.92,33.7,30.4,22.7,25.0,opencv
2148,1.248,3.83,2.70,25.29,13.58,41.57,45.42,24.1,22.0,22.4,25.0,opencv
2149,1.261,3.98,2.32,13.10,13.73,29.14,33.13,34.3,30.2,22.4,25.0,opencv
2150,1.258,3.34,2.63,12.69,13.81,29.12,32.46,34.3,30.8,22.5,25.0,opencv
2151,1.248,3.95,2.61,12.46,14.31,29.37,33.33,34.0,30.0,22.6,25.0,opencv
2152,1.254,3.26,2.36,18.66,14.09,35.11,38.38,28.5,26.1,22.4,25.0,opencv
2153,1.240,3.12,2.50,23.27,13.46,39.23,42.36,25.5,23.6,22.6,25.0,opencv
2154,1.231,3.66,2.45,16.61,13.80,32.86,36.53,30.4,27.4,22.9,25.0,opencv
2155,1.234,3.73,2.42,13.10,13.67,29.19,32.93,34.3,30.4,22.9,25.0,opencv
2156,1.244,3.69,2.79,23.01,13.71,39.51,43.21,25.3,23.1,22.5,25.0,opencv
2157,1.250,3.32,2.76,13.59,13.51,29.86,33.18,33.5,30.1,22.6,25.0,opencv
2158,1.251,3.09,2.33,12.66,14.00,29.00,32.09,34.5,31.2,22.6,25.0,opencv
2159,1.251,3.33,2.48,12.72,13.83,29.04,32.37,34.4,30.9,22.6,25.0,opencv
2160,1.247,3.55,2.74,28.76,13.61,45.12,48.68,22.2,20.5,22.4,25.0,opencv
2161,1.249,3.24,3.26,13.50,13.89,30.66,33.91,32.6,29.5,22.6,25.0,opencv
2162,1.251,3.26,2.26,20.08,13.67,36.01,39.28,27.8,25.5,22.5,25.0,opencv
2163,1.235,3.43,2.51,19.78,13.91,36.20,39.64,27.6,25.2,22.8,25.0,opencv
2164,1.247,4.39,2.37,15.89,13.93,32.20,36.60,31.1,27.3,22.6,25.0,opencv
2165,1.245,3.36,2.33,11.72,14.03,28.08,31.44,35.6,31.8,22.7,25.0,opencv
2166,1.245,3.77,2.80,13.01,13.71,29.52,33.29,33.9,30.0,22.7,25.0,opencv
2167,1.245,3.30,2.62,12.87,14.00,29.49,32.79,33.9,30.5,22.7,25.0,opencv
2168,1.244,3.57,2.51,12.96,13.82,29.29,32.88,34.1,30.4,22.7,25.0,opencv
2169,1.246,3.90,2.39,12.70,13.62,28.70,32.60,34.8,30.7,22.7,25.0,opencv
2170,1.244,3.22,2.58,12.73,14.23,29.55,32.78,33.8,30.5,22.7,25.0,opencv
2171,1.229,3.72,2.66,12.37,14.10,29.14,32.86,34.3,30.4,23.0,25.0,opencv
2172,1.225,3.44,2.30,31.51,13.59,47.40,50.85,21.1,19.7,22.7,25.0,opencv
2173,1.245,3.68,2.45,21.31,14.38,38.14,41.82,26.2,23.9,22.5,25.0,opencv
2174,1.256,3.83,2.50,12.43,14.18,29.11,32.95,34.3,30.4,22.5,25.0,opencv
2175,1.258,3.05,2.33,12.63,13.58,28.54,31.60,35.0,31.6,22.5,25.0,opencv
2176,1.259,3.39,2.84,12.88,13.63,29.35,32.75,34.1,30.5,22.4,25.0,opencv
2177,1.242,3.44,2.36,12.03,14.10,28.50,31.94,35.1,31.3,22.8,25.0,opencv
2178,1.246,4.31,2.51,14.65,13.88,31.04,35.36,32.2,28.3,22.6,25.0,opencv
2179,1.245,3.34,2.43,12.64,14.29,29.36,32.70,34.1,30.6,22.7,25.0,opencv
2180,1.244,3.41,2.51,12.32,13.77,28.60,32.02,35.0,31.2,22.7,25.0,opencv
2181,1.233,3.67,2.75,21.03,14.11,37.89,41.56,26.4,24.1,22.8,25.0,opencv
2182,1.235,3.89,2.43,14.64,13.72,30.79,34.70,32.5,28.8,22.8,25.0,opencv
2183,1.226,3.38,2.43,19.65,13.64,35.72,39.11,28.0,25.6,22.9,25.0,opencv
2184,1.236,3.46,2.79,13.75,14.41,30.95,34.41,32.3,29.1,22.8,25.0,opencv
2185,1.217,3.45,2.68,12.20,14.00,28.89,32.34,34.6,30.9,23.2,25.0,opencv
2186,1.217,3.42,2.58,12.56,14.68,29.83,33.25,33.5,30.1,23.2,25.0,opencv
2187,1.218,3.46,2.28,12.37,14.07,28.72,32.19,34.8,31.1,23.2,25.0,opencv
2188,1.217,3.41,2.31,12.82,13.80,28.94,32.35,34.6,30.9,23.2,25.0,opencv
2189,1.210,3.39,2.40,20.18,13.68,36.27,39.66,27.6,25.2,23.2,25.0,opencv
2190,1.207,3.22,2.35,13.84,13.88,30.07,33.30,33.3,30.0,23.4,25.0,opencv
2191,1.195,3.25,2.47,11.94,14.01,28.42,31.67,35.2,31.6,23.6,25.0,opencv
2192,1.191,3.91,2.33,14.35,13.83,30.51,34.42,32.8,29.0,23.7,25.0,opencv
2193,1.188,3.49,2.66,13.40,14.53,30.59,34.08,32.7,29.3,23.7,25.0,opencv
2194,1.194,3.48,2.50,12.64,13.81,28.95,32.44,34.5,30.8,23.6,25.0,opencv
2195,1.197,3.48,2.62,13.94,13.66,30.22,33.71,33.1,29.7,23.6,25.0,opencv
2196,1.192,3.56,2.55,12.71,13.62,28.88,32.44,34.6,30.8,23.7,25.0,opencv
2197,1.193,3.41,2.33,12.64,13.79,28.76,32.18,34.8,31.1,23.7,25.0,opencv
2198,1.192,3.25,2.44,12.45,14.04,28.94,32.20,34.6,31.1,23.7,25.0,opencv
2199,1.191,3.67,2.43,12.41,13.87,28.71,32.39,34.8,30.9,23.7,25.0,opencv
2200,1.190,3.20,2.39,12.53,13.90,28.82,32.02,34.7,31.2,23.7,25.0,opencv
2201,1.181,3.72,2.39,24.22,13.60,40.21,43.95,24.9,22.8,23.7,25.0,opencv
2202,1.188,4.93,2.91,24.08,13.82,40.81,45.75,24.5,21.9,23.5,25.0,opencv
2203,1.204,3.44,2.49,24.37,13.74,40.60,44.05,24.6,22.7,23.2,25.0,opencv
2204,1.215,3.32,2.42,14.45,13.56,30.44,33.77,32.9,29.6,23.2,25.0,opencv
2205,1.213,3.70,2.67,14.53,13.66,30.86,34.57,32.4,28.9,23.3,25.0,opencv
2206,1.219,3.64,2.44,12.50,13.95,28.90,32.55,34.6,30.7,23.2,25.0,opencv
2207,1.212,3.49,2.42,12.82,14.31,29.54,33.04,33.8,30.3,23.3,25.0,opencv
2208,1.214,3.68,2.37,12.50,14.15,29.02,32.70,34.5,30.6,23.3,25.0,opencv
2209,1.215,3.56,2.48,13.77,14.51,30.77,34.34,32.5,29.1,23.2,25.0,opencv
2210,1.211,3.51,2.62,12.35,13.79,28.75,32.27,34.8,31.0,23.3,25.0,opencv
2211,1.211,3.40,2.26,12.61,14.30,29.18,32.59,34.3,30.7,23.3,25.0,opencv
2212,1.210,4.31,2.45,13.03,13.71,29.19,33.51,34.3,29.8,23.3,25.0,opencv
2213,1.210,3.36,2.44,26.40,13.91,42.75,46.12,23.4,21.7,23.1,25.0,opencv
2214,1.222,3.38,2.42,15.64,13.65,31.71,35.09,31.5,28.5,23.1,25.0,opencv
2215,1.222,3.36,2.48,16.62,14.24,33.33,36.71,30.0,27.2,23.0,25.0,opencv
2216,1.223,3.36,2.32,14.64,14.05,31.01,34.37,32.2,29.1,23.1,25.0,opencv
2217,1.225,3.52,2.68,24.47,13.83,40.98,44.50,24.4,22.5,22.8,25.0,opencv
2218,1.218,3.32,2.40,14.82,14.68,31.90,35.23,31.4,28.4,23.1,25.0,opencv
2219,1.221,3.26,2.36,14.01,14.64,31.01,34.27,32.3,29.2,23.1,25.0,opencv
2220,1.228,3.79,2.34,13.76,14.48,30.58,34.38,32.7,29.1,23.0,25.0,opencv
2221,1.225,3.47,2.32,12.82,14.10,29.23,32.71,34.2,30.6,23.1,25.0,opencv
2222,1.221,4.27,2.30,11.30,13.76,27.37,31.64,36.5,31.6,23.1,25.0,opencv
2223,1.224,3.39,2.40,24.99,13.87,41.26,44.66,24.2,22.4,22.9,25.0,opencv
2224,1.231,3.46,2.54,13.91,13.77,30.22,33.68,33.1,29.7,22.9,25.0,opencv
2225,1.238,3.85,2.82,18.40,15.32,36.54,40.40,27.4,24.8,22.7,25.0,opencv
2226,1.248,3.83,2.54,20.08,14.13,36.75,40.58,27.2,24.6,22.5,25.0,opencv
2227,1.257,3.81,2.47,29.93,13.98,46.38,50.20,21.6,19.9,22.2,25.0,opencv
2228,1.278,3.49,2.58,13.95,13.70,30.23,33.73,33.1,29.7,22.1,25.0,opencv
2229,1.277,3.93,2.40,23.99,13.63,40.02,43.96,25.0,22.7,21.9,25.0,opencv
2230,1.267,3.47,2.72,13.64,13.87,30.24,33.72,33.1,29.7,22.3,25.0,opencv
2231,1.245,3.26,2.32,12.10,14.14,28.56,31.83,35.0,31.4,22.7,25.0,opencv
2232,1.227,3.43,2.69,12.58,14.08,29.35,32.79,34.1,30.5,23.0,25.0,opencv
2233,1.224,3.33,2.68,16.13,13.67,32.48,35.82,30.8,27.9,23.0,25.0,opencv
2234,1.223,3.28,2.46,14.32,14.42,31.19,34.48,32.1,29.0,23.1,25.0,opencv
2235,1.223,3.43,2.51,22.83,13.75,39.09,42.52,25.6,23.5,22.9,25.0,opencv
2236,1.228,3.29,2.46,13.30,13.92,29.68,32.97,33.7,30.3,23.0,25.0,opencv
2237,1.238,3.10,2.29,26.56,13.79,42.63,45.74,23.5,21.9,22.6,25.0,opencv
2238,1.253,3.95,2.77,26.20,13.86,42.83,46.80,23.3,21.4,22.3,25.0,opencv
2239,1.270,3.66,2.35,14.44,13.69,30.48,34.16,32.8,29.3,22.2,25.0,opencv
2240,1.272,3.13,2.58,12.59,14.16,29.33,32.47,34.1,30.8,22.2,25.0,opencv
2241,1.275,3.32,2.29,22.97,13.74,39.00,42.33,25.6,23.6,22.0,25.0,opencv
2242,1.268,3.32,2.43,15.25,13.87,31.56,34.89,31.7,28.7,22.3,25.0,opencv
2243,1.271,3.70,2.41,14.58,14.34,31.33,35.04,31.9,28.5,22.2,25.0,opencv
2244,1.271,3.34,2.48,16.35,13.83,32.67,36.01,30.6,27.8,22.2,25.0,opencv
2245,1.273,3.63,2.65,26.18,14.63,43.46,47.10,23.0,21.2,22.0,25.0,opencv
2246,1.274,3.17,2.29,14.86,13.86,31.00,34.18,32.3,29.3,22.2,25.0,opencv
2247,1.274,3.14,2.42,13.02,13.55,28.99,32.14,34.5,31.1,22.2,25.0,opencv
2248,1.276,3.43,2.70,13.91,13.64,30.25,33.69,33.1,29.7,22.1,25.0,opencv
2249,1.270,3.25,2.50,13.09,13.85,29.45,32.71,34.0,30.6,22.3,25.0,opencv
2250,1.271,3.68,2.53,14.94,14.38,31.84,35.53,31.4,28.1,22.2,25.0,opencv
2251,1.272,3.48,2.46,14.01,14.70,31.18,34.66,32.1,28.8,22.2,25.0,opencv
2252,1.255,3.70,2.37,14.48,13.98,30.83,34.53,32.4,29.0,22.5,25.0,opencv
2253,1.256,3.53,2.66,12.11,13.50,28.27,31.81,35.4,31.4,22.5,25.0,opencv
2254,1.242,3.23,2.33,12.87,13.54,28.74,31.97,34.8,31.3,22.8,25.0,opencv
2255,1.230,3.32,2.30,30.61,13.72,46.63,49.95,21.4,20.0,22.7,25.0,opencv
2256,1.229,3.60,2.78,25.50,14.16,42.44,46.05,23.6,21.7,22.7,25.0,opencv
2257,1.237,3.30,2.60,17.10,13.90,33.59,36.90,29.8,27.1,22.8,25.0,opencv
2258,1.229,3.14,2.24,27.77,13.93,43.94,47.08,22.8,21.2,22.7,25.0,opencv
2259,1.244,3.26,2.52,13.13,14.56,30.21,33.47,33.1,29.9,22.7,25.0,opencv
2260,1.249,3.84,2.40,30.01,13.66,46.07,49.92,21.7,20.0,22.3,25.0,opencv
2261,1.270,3.61,2.72,18.03,14.32,35.06,38.68,28.5,25.9,22.2,25.0,opencv
2262,1.274,3.37,2.39,13.82,13.80,30.01,33.39,33.3,30.0,22.2,25.0,opencv
2263,1.272,3.31,2.49,12.09,13.94,28.52,31.84,35.1,31.4,22.2,25.0,opencv
2264,1.266,3.87,2.33,31.22,13.80,47.35,51.23,21.1,19.5,22.0,25.0,opencv
2265,1.288,3.35,2.63,46.44,13.84,62.91,66.26,15.9,15.1,21.4,25.0,opencv
2266,1.296,3.36,2.70,25.45,13.93,42.08,45.46,23.8,22.0,21.6,25.0,opencv
2267,1.290,3.40,2.69,13.01,14.00,29.71,33.12,33.7,30.2,21.9,25.0,opencv
2268,1.288,3.46,2.59,12.55,14.05,29.18,32.65,34.3,30.6,22.0,25.0,opencv
2269,1.290,3.89,2.34,11.97,13.92,28.23,32.13,35.4,31.1,21.9,25.0,opencv
2270,1.275,3.39,2.29,12.44,14.51,29.24,32.64,34.2,30.6,22.2,25.0,opencv
2271,1.271,4.34,2.66,24.13,13.84,40.64,44.99,24.6,22.2,22.0,25.0,opencv
2272,1.279,4.12,2.71,15.17,14.09,31.96,36.09,31.3,27.7,22.1,25.0,opencv
2273,1.278,3.25,2.36,13.22,13.63,29.21,32.46,34.2,30.8,22.1,25.0,opencv
2274,1.268,3.41,2.61,15.10,14.16,31.87,35.29,31.4,28.3,22.2,25.0,opencv
2275,1.271,3.32,2.29,12.35,14.23,28.86,32.20,34.6,31.1,22.3,25.0,opencv
2276,1.273,3.40,2.73,21.56,14.21,38.50,41.91,26.0,23.9,22.1,25.0,opencv
2277,1.280,3.42,2.66,25.39,13.78,41.83,45.26,23.9,22.1,21.9,25.0,opencv
2278,1.292,3.60,2.78,16.39,14.04,33.20,36.81,30.1,27.2,21.8,25.0,opencv
2279,1.295,3.46,2.35,14.48,13.61,30.45,33.91,32.8,29.5,21.8,25.0,opencv
2280,1.298,4.10,2.56,15.04,13.71,31.31,35.42,31.9,28.2,21.8,25.0,opencv
2281,1.298,3.14,2.27,12.02,14.08,28.37,31.51,35.3,31.7,21.8,25.0,opencv
2282,1.302,3.81,2.63,22.07,13.91,38.61,42.43,25.9,23.6,21.6,25.0,opencv
2283,1.314,3.63,2.92,11.91,13.98,28.80,32.44,34.7,30.8,21.5,25.0,opencv
2284,1.300,3.36,2.38,12.09,14.39,28.86,32.23,34.7,31.0,21.8,25.0,opencv
2285,1.286,3.69,2.72,14.50,14.01,31.23,34.92,32.0,28.6,22.0,25.0,opencv
2286,1.286,3.28,2.38,13.71,13.56,29.64,32.92,33.7,30.4,22.0,25.0,opencv
2287,1.276,3.64,2.62,25.06,13.53,41.21,44.86,24.3,22.3,22.0,25.0,opencv
2288,1.287,3.70,2.83,12.83,14.03,29.69,33.40,33.7,29.9,22.0,25.0,opencv
2289,1.271,3.27,2.53,13.00,13.91,29.44,32.72,34.0,30.6,22.2,25.0,opencv
2290,1.261,3.57,2.50,13.89,14.22,30.60,34.18,32.7,29.3,22.4,25.0,opencv
2291,1.262,3.91,2.55,13.19,14.83,30.58,34.50,32.7,29.0,22.4,25.0,opencv
2292,1.266,3.38,2.41,13.66,13.57,29.64,33.02,33.7,30.3,22.3,25.0,opencv
2293,1.246,3.56,2.68,14.43,13.81,30.92,34.49,32.3,29.0,22.7,25.0,opencv
2294,1.212,3.36,2.33,13.23,14.09,29.65,33.01,33.7,30.3,23.3,25.0,opencv
2295,1.202,3.59,2.66,12.72,13.80,29.18,32.78,34.3,30.5,23.5,25.0,opencv
2296,1.202,3.68,2.40,12.28,13.78,28.46,32.15,35.1,31.1,23.5,25.0,opencv
2297,1.202,3.27,2.65,12.70,13.81,29.15,32.43,34.3,30.8,23.5,25.0,opencv
2298,1.201,3.52,2.51,13.21,13.67,29.39,32.93,34.0,30.4,23.5,25.0,opencv
2299,1.207,3.53,2.62,14.93,14.32,31.88,35.41,31.4,28.2,23.3,25.0,opencv
2300,1.199,3.14,2.60,26.46,13.93,42.99,46.14,23.3,21.7,23.3,25.0,opencv
2301,1.207,3.18,2.36,13.11,14.11,29.59,32.77,33.8,30.5,23.4,25.0,opencv
2302,1.211,3.95,2.36,12.44,14.16,28.96,32.92,34.5,30.4,23.3,25.0,opencv
2303,1.207,3.46,2.61,12.74,14.14,29.48,32.96,33.9,30.3,23.4,25.0,opencv
2304,1.205,3.36,2.52,12.40,13.96,28.88,32.24,34.6,31.0,23.4,25.0,opencv
2305,1.204,3.15,2.61,22.50,13.52,38.63,41.78,25.9,23.9,23.3,25.0,opencv
2306,1.202,3.95,2.67,14.69,14.20,31.55,35.51,31.7,28.2,23.4,25.0,opencv
2307,1.200,3.43,2.34,12.47,14.13,28.94,32.37,34.6,30.9,23.5,25.0,opencv
2308,1.201,3.36,2.68,13.53,13.80,30.01,33.38,33.3,30.0,23.5,25.0,opencv
2309,1.198,3.55,2.52,13.45,14.26,30.23,33.78,33.1,29.6,23.5,25.0,opencv
2310,1.202,3.46,2.56,12.76,14.03,29.35,32.83,34.1,30.5,23.5,25.0,opencv
2311,1.189,4.13,2.91,12.65,13.85,29.40,33.54,34.0,29.8,23.7,25.0,opencv
2312,1.195,3.47,2.30,23.64,13.80,39.74,43.22,25.2,23.1,23.4,25.0,opencv
2313,1.204,3.34,2.43,16.71,14.01,33.15,36.50,30.2,27.4,23.4,25.0,opencv
2314,1.201,3.52,2.86,12.61,13.83,29.30,32.83,34.1,30.5,23.5,25.0,opencv
2315,1.212,3.82,2.83,29.17,13.67,45.66,49.49,21.9,20.2,23.0,25.0,opencv
2316,1.217,3.46,2.53,25.04,13.58,41.14,44.61,24.3,22.4,23.0,25.0,opencv
2317,1.226,3.31,2.62,12.92,14.04,29.58,32.89,33.8,30.4,23.0,25.0,opencv
2318,1.227,3.44,2.54,12.12,13.62,28.28,31.73,35.4,31.5,23.0,25.0,opencv
2319,1.227,3.65,2.49,12.85,14.33,29.67,33.33,33.7,30.0,23.0,25.0,opencv
2320,1.236,3.31,2.42,28.42,13.62,44.47,47.78,22.5,20.9,22.6,25.0,opencv
2321,1.258,4.14,2.91,25.75,13.78,42.43,46.58,23.6,21.5,22.2,25.0,opencv
2322,1.281,3.96,2.89,23.43,13.72,40.04,44.00,25.0,22.7,21.9,25.0,opencv
2323,1.288,3.37,2.59,13.40,13.96,29.95,33.33,33.4,30.0,21.9,25.0,opencv
2324,1.297,3.35,2.52,24.07,13.82,40.41,43.77,24.7,22.8,21.6,25.0,opencv
2325,1.307,3.16,2.45,14.89,13.92,31.27,34.43,32.0,29.0,21.6,25.0,opencv
2326,1.306,3.43,2.95,12.93,13.84,29.73,33.16,33.6,30.2,21.7,25.0,opencv
2327,1.306,3.28,2.39,11.42,13.67,27.48,30.76,36.4,32.5,21.7,25.0,opencv
2328,1.299,4.39,2.72,14.96,13.86,31.54,35.94,31.7,27.8,21.7,25.0,opencv
2329,1.284,3.10,2.44,21.21,14.42,38.07,41.17,26.3,24.3,21.9,25.0,opencv
2330,1.299,3.00,2.51,12.61,13.88,29.00,32.00,34.5,31.2,21.8,25.0,opencv
2331,1.298,3.50,2.86,15.88,14.17,32.90,36.41,30.4,27.5,21.7,25.0,opencv
2332,1.302,3.39,2.42,14.00,13.61,30.02,33.42,33.3,29.9,21.7,25.0,opencv
2333,1.302,3.42,2.87,24.48,14.05,41.41,44.83,24.2,22.3,21.5,25.0,opencv
2334,1.297,3.56,2.81,14.86,13.57,31.25,34.81,32.0,28.7,21.8,25.0,opencv
2335,1.293,3.27,2.33,12.86,13.95,29.14,32.42,34.3,30.8,21.9,25.0,opencv
2336,1.297,3.87,2.94,13.86,14.39,31.19,35.07,32.1,28.5,21.8,25.0,opencv
2337,1.294,3.60,2.32,12.70,13.48,28.50,32.11,35.1,31.1,21.9,25.0,opencv
2338,1.293,3.59,2.76,13.45,13.32,29.53,33.13,33.9,30.2,21.9,25.0,opencv
2339,1.294,3.82,2.59,12.66,14.00,29.25,33.08,34.2,30.2,21.8,25.0,opencv
2340,1.297,3.26,2.71,12.62,13.73,29.06,32.33,34.4,30.9,21.8,25.0,opencv
2341,1.284,3.63,2.26,14.10,14.10,30.46,34.09,32.8,29.3,22.0,25.0,opencv
2342,1.281,3.25,2.60,11.64,13.64,27.88,31.14,35.9,32.1,22.1,25.0,opencv
2343,1.282,3.87,2.83,13.21,13.75,29.79,33.67,33.6,29.7,22.0,25.0,opencv
2344,1.257,3.22,2.33,14.34,13.74,30.41,33.64,32.9,29.7,22.5,25.0,opencv
2345,1.244,3.71,3.10,13.37,13.61,30.08,33.79,33.2,29.6,22.7,25.0,opencv
2346,1.249,3.31,2.27,12.80,14.24,29.31,32.63,34.1,30.6,22.6,25.0,opencv
2347,1.248,3.40,2.50,17.31,14.63,34.44,37.84,29.0,26.4,22.6,25.0,opencv
2348,1.252,3.01,2.50,28.14,13.69,44.33,47.35,22.6,21.1,22.3,25.0,opencv
2349,1.240,3.41,2.51,23.58,13.68,39.77,43.18,25.1,23.2,22.6,25.0,opencv
2350,1.233,3.57,2.72,17.12,13.53,33.37,36.95,30.0,27.1,22.8,25.0,opencv
2351,1.212,4.11,2.47,12.33,14.33,29.13,33.24,34.3,30.1,23.3,25.0,opencv
2352,1.215,3.25,2.29,12.86,13.93,29.08,32.33,34.4,30.9,23.3,25.0,opencv
2353,1.195,5.06,2.69,12.88,13.57,29.14,34.20,34.3,29.2,23.6,25.0,opencv
2354,1.192,3.26,2.48,12.51,14.54,29.54,32.80,33.9,30.5,23.7,25.0,opencv
2355,1.188,3.24,2.32,12.17,14.27,28.77,32.01,34.8,31.2,23.8,25.0,opencv
2356,1.190,3.31,2.54,20.75,13.60,36.89,40.21,27.1,24.9,23.6,25.0,opencv
2357,1.189,3.29,2.41,13.88,13.69,29.98,33.28,33.4,30.0,23.7,25.0,opencv
2358,1.187,3.49,2.82,28.01,13.35,44.17,47.67,22.6,21.0,23.5,25.0,opencv
2359,1.204,3.84,2.81,25.61,13.54,41.96,45.81,23.8,21.8,23.2,25.0,opencv
2360,1.208,3.29,2.53,12.26,13.45,28.23,31.53,35.4,31.7,23.4,25.0,opencv
2361,1.208,3.84,2.75,18.92,14.30,35.97,39.82,27.8,25.1,23.2,25.0,opencv
2362,1.208,4.36,2.74,24.03,13.69,40.46,44.83,24.7,22.3,23.1,25.0,opencv
2363,1.218,3.74,2.54,13.36,14.55,30.45,34.20,32.8,29.2,23.2,25.0,opencv
2364,1.227,3.27,2.63,25.61,14.01,42.26,45.53,23.7,22.0,22.8,25.0,opencv
2365,1.238,3.65,2.40,12.67,14.11,29.18,32.84,34.3,30.4,22.8,25.0,opencv
2366,1.241,3.20,2.62,19.20,13.11,34.92,38.13,28.6,26.2,22.7,25.0,opencv
2367,1.250,3.31,2.35,14.15,13.70,30.21,33.53,33.1,29.8,22.6,25.0,opencv
2368,1.252,3.48,2.73,25.87,13.68,42.29,45.77,23.6,21.8,22.3,25.0,opencv
2369,1.260,3.18,2.68,14.62,14.03,31.33,34.53,31.9,29.0,22.4,25.0,opencv
2370,1.256,3.16,2.66,13.09,14.06,29.81,32.97,33.5,30.3,22.5,25.0,opencv
2371,1.267,3.44,2.59,13.03,14.01,29.62,33.07,33.8,30.2,22.3,25.0,opencv
2372,1.267,3.55,2.88,14.13,13.60,30.61,34.16,32.7,29.3,22.3,25.0,opencv
2373,1.268,3.36,2.28,16.77,13.72,32.77,36.13,30.5,27.7,22.2,25.0,opencv
2374,1.267,3.64,2.97,22.56,13.30,38.83,42.48,25.8,23.5,22.2,25.0,opencv
2375,1.277,3.51,2.96,13.37,13.75,30.07,33.59,33.3,29.8,22.1,25.0,opencv
2376,1.273,3.27,2.46,12.57,14.35,29.37,32.64,34.0,30.6,22.2,25.0,opencv
2377,1.256,3.08,2.48,12.88,13.73,29.10,32.19,34.4,31.1,22.5,25.0,opencv
2378,1.249,3.61,2.56,12.66,13.71,28.94,32.55,34.6,30.7,22.6,25.0,opencv
2379,1.243,3.09,2.64,12.22,13.99,28.85,31.94,34.7,31.3,22.7,25.0,opencv
2380,1.246,3.62,2.88,13.55,13.49,29.92,33.55,33.4,29.8,22.7,25.0,opencv
2381,1.249,3.55,2.45,18.89,14.28,35.61,39.16,28.1,25.5,22.5,25.0,opencv
2382,1.260,3.72,2.43,17.68,14.43,34.54,38.27,29.0,26.1,22.3,25.0,opencv
2383,1.268,3.02,2.39,12.47,14.19,29.04,32.07,34.4,31.2,22.3,25.0,opencv
2384,1.272,3.32,2.61,12.69,13.55,28.85,32.18,34.7,31.1,22.2,25.0,opencv
2385,1.264,3.70,2.73,12.60,13.39,28.72,32.42,34.8,30.8,22.4,25.0,opencv
2386,1.260,3.22,2.86,12.27,14.00,29.13,32.36,34.3,30.9,22.4,25.0,opencv
2387,1.242,3.35,2.37,12.83,14.47,29.68,33.04,33.7,30.3,22.7,25.0,opencv
2388,1.228,3.80,2.46,14.08,13.60,30.14,33.94,33.2,29.5,23.0,25.0,opencv
2389,1.233,3.36,2.36,12.45,14.12,28.93,32.30,34.6,31.0,22.9,25.0,opencv
2390,1.224,3.78,2.96,13.00,13.81,29.77,33.55,33.6,29.8,23.1,25.0,opencv
2391,1.208,3.46,2.50,12.61,13.83,28.95,32.42,34.5,30.8,23.4,25.0,opencv
2392,1.204,3.29,2.54,12.56,14.38,29.48,32.78,33.9,30.5,23.5,25.0,opencv
2393,1.185,3.33,2.63,12.17,13.86,28.67,32.01,34.9,31.2,23.8,25.0,opencv
2394,1.183,3.58,2.48,12.34,13.78,28.61,32.19,35.0,31.1,23.9,25.0,opencv
2395,1.181,4.15,2.65,13.35,13.58,29.58,33.74,33.8,29.6,23.9,25.0,opencv
2396,1.173,3.36,2.47,11.56,14.34,28.38,31.75,35.2,31.5,24.1,25.0,opencv
2397,1.154,3.26,2.38,11.87,13.79,28.04,31.30,35.7,31.9,24.5,25.0,opencv
2398,1.151,3.31,2.27,13.53,13.63,29.44,32.75,34.0,30.5,24.5,25.0,opencv
2399,1.155,3.76,2.58,15.80,13.47,31.85,35.62,31.4,28.1,24.4,25.0,opencv
2400,1.145,3.46,2.47,16.55,13.94,32.97,36.45,30.3,27.4,24.5,25.0,opencv
2401,1.146,3.49,2.64,26.77,13.93,43.33,46.83,23.1,21.4,24.3,25.0,opencv
2402,1.155,4.03,2.76,13.76,13.76,30.28,34.32,33.0,29.1,24.4,25.0,opencv
2403,1.151,3.36,2.38,32.32,13.50,48.19,51.56,20.8,19.4,24.1,25.0,opencv
2404,1.178,4.08,2.32,21.09,13.92,37.34,41.43,26.8,24.1,23.8,25.0,opencv
2405,1.189,3.46,2.47,23.85,13.51,39.83,43.30,25.1,23.1,23.5,25.0,opencv
2406,1.201,3.50,2.59,15.20,13.97,31.76,35.27,31.5,28.4,23.5,25.0,opencv
2407,1.200,3.36,2.52,11.86,13.79,28.18,31.54,35.5,31.7,23.6,25.0,opencv
2408,1.201,3.40,2.49,17.83,13.53,33.85,37.25,29.5,26.8,23.4,25.0,opencv
2409,1.202,3.44,2.44,12.98,13.74,29.16,32.61,34.3,30.7,23.5,25.0,opencv
2410,1.196,3.35,2.61,13.67,14.06,30.34,33.69,33.0,29.7,23.6,25.0,opencv
2411,1.187,3.91,2.61,12.42,13.87,28.90,32.82,34.6,30.5,23.8,25.0,opencv
2412,1.192,3.17,2.56,12.77,14.54,29.87,33.05,33.5,30.3,23.7,25.0,opencv
2413,1.191,3.49,2.54,12.78,13.75,29.07,32.57,34.4,30.7,23.7,25.0,opencv
2414,1.192,3.23,2.37,12.81,13.66,28.83,32.07,34.7,31.2,23.7,25.0,opencv
2415,1.198,3.31,2.64,14.04,13.40,30.08,33.39,33.2,29.9,23.5,25.0,opencv
2416,1.196,3.26,2.36,12.68,13.89,28.93,32.20,34.6,31.1,23.6,25.0,opencv
2417,1.192,3.60,2.78,13.83,13.76,30.37,33.98,32.9,29.4,23.7,25.0,opencv
2418,1.192,3.60,3.11,13.06,13.61,29.78,33.39,33.6,30.0,23.7,25.0,opencv
2419,1.192,3.26,2.32,12.38,13.72,28.42,31.68,35.2,31.6,23.7,25.0,opencv
2420,1.197,3.48,2.64,13.75,14.08,30.47,33.96,32.8,29.4,23.6,25.0,opencv
2421,1.199,3.78,2.39,19.05,13.90,35.34,39.12,28.3,25.6,23.4,25.0,opencv
2422,1.203,3.39,2.61,27.13,13.46,43.20,46.60,23.1,21.5,23.2,25.0,opencv
2423,1.216,3.90,2.36,13.13,13.71,29.19,33.10,34.3,30.2,23.2,25.0,opencv
2424,1.210,3.45,2.40,12.66,13.62,28.69,32.14,34.9,31.1,23.3,25.0,opencv
2425,1.216,3.48,2.88,13.41,13.61,29.90,33.39,33.4,29.9,23.2,25.0,opencv
2426,1.222,3.30,2.69,12.74,13.97,29.40,32.70,34.0,30.6,23.1,25.0,opencv
2427,1.235,3.31,2.77,19.77,13.51,36.05,39.36,27.7,25.4,22.8,25.0,opencv
2428,1.241,3.27,2.44,12.75,13.74,28.93,32.22,34.6,31.0,22.8,25.0,opencv
2429,1.241,3.42,2.79,11.78,13.69,28.25,31.68,35.4,31.6,22.8,25.0,opencv
2430,1.232,3.49,2.60,12.73,13.79,29.12,32.61,34.3,30.7,22.9,25.0,opencv
2431,1.231,3.84,2.98,12.82,14.49,30.29,34.14,33.0,29.3,22.9,25.0,opencv
2432,1.215,3.29,2.55,13.46,13.74,29.75,33.05,33.6,30.3,23.2,25.0,opencv
2433,1.193,3.39,2.83,14.85,13.49,31.17,34.58,32.1,28.9,23.6,25.0,opencv
2434,1.185,3.58,2.78,12.22,13.60,28.60,32.19,35.0,31.1,23.8,25.0,opencv
2435,1.182,3.66,2.83,13.27,14.26,30.35,34.02,32.9,29.4,23.8,25.0,opencv
2436,1.186,3.27,2.53,12.85,14.21,29.60,32.87,33.8,30.4,23.8,25.0,opencv
2437,1.180,3.86,2.53,13.06,13.59,29.19,33.05,34.3,30.3,23.9,25.0,opencv
2438,1.188,3.13,2.50,12.09,13.42,28.01,31.15,35.7,32.1,23.8,25.0,opencv
2439,1.180,3.09,2.59,12.78,13.21,28.58,31.68,35.0,31.6,23.9,25.0,opencv
2440,1.180,3.88,2.87,13.79,14.04,30.70,34.58,32.6,28.9,23.9,25.0,opencv
2441,1.179,3.46,2.45,12.37,13.93,28.74,32.21,34.8,31.0,23.9,25.0,opencv
2442,1.179,3.62,2.78,12.71,13.40,28.88,32.52,34.6,30.8,23.9,25.0,opencv
2443,1.177,3.59,3.08,12.24,13.46,28.78,32.38,34.7,30.9,24.0,25.0,opencv
2444,1.175,3.37,2.68,12.87,14.10,29.65,33.03,33.7,30.3,24.0,25.0,opencv
2445,1.180,3.63,2.85,13.45,13.66,29.96,33.59,33.4,29.8,23.9,25.0,opencv
2446,1.176,3.53,2.55,12.29,13.96,28.81,32.34,34.7,30.9,24.0,25.0,opencv
2447,1.178,3.62,2.66,13.92,13.44,30.03,33.66,33.3,29.7,23.9,25.0,opencv
2448,1.180,4.00,2.37,12.93,14.26,29.56,33.57,33.8,29.8,23.9,25.0,opencv
2449,1.179,3.07,3.03,12.52,13.70,29.24,32.32,34.2,30.9,24.0,25.0,opencv
2450,1.174,3.54,2.51,24.03,13.52,40.07,43.61,25.0,22.9,23.8,25.0,opencv
2451,1.179,3.48,2.59,13.52,13.82,29.93,33.42,33.4,29.9,23.9,25.0,opencv
2452,1.190,3.27,2.66,14.07,14.60,31.33,34.61,31.9,28.9,23.7,25.0,opencv
2453,1.195,4.17,2.52,13.13,14.47,30.12,34.30,33.2,29.2,23.6,25.0,opencv
2454,1.191,3.37,2.67,12.47,13.95,29.09,32.47,34.4,30.8,23.7,25.0,opencv
2455,1.192,3.55,2.71,13.57,13.68,29.95,33.51,33.4,29.8,23.7,25.0,opencv
2456,1.175,3.26,2.49,14.45,14.37,31.30,34.57,31.9,28.9,24.0,25.0,opencv
2457,1.173,3.88,2.64,13.23,13.60,29.47,33.35,33.9,30.0,24.0,25.0,opencv
2458,1.177,3.56,2.31,12.67,13.59,28.57,32.14,35.0,31.1,24.0,25.0,opencv
2459,1.178,3.63,2.51,15.39,14.28,32.18,35.81,31.1,27.9,23.9,25.0,opencv
2460,1.176,3.03,2.50,29.67,14.18,46.35,49.39,21.6,20.2,23.7,25.0,opencv
2461,1.193,4.13,2.50,13.65,14.65,30.80,34.94,32.5,28.6,23.6,25.0,opencv
2462,1.199,4.21,2.94,21.75,13.79,38.47,42.69,26.0,23.4,23.4,25.0,opencv
2463,1.213,3.74,2.60,16.75,13.86,33.20,36.95,30.1,27.1,23.2,25.0,opencv
2464,1.212,3.63,2.40,26.49,14.08,42.98,46.61,23.3,21.5,23.0,25.0,opencv
2465,1.222,3.37,2.63,14.76,13.83,31.22,34.60,32.0,28.9,23.1,25.0,opencv
2466,1.227,3.75,2.51,15.95,14.32,32.79,36.55,30.5,27.4,23.0,25.0,opencv
2467,1.223,3.04,2.56,30.72,13.81,47.08,50.13,21.2,19.9,22.8,25.0,opencv
2468,1.248,3.69,2.80,17.64,14.22,34.67,38.37,28.8,26.1,22.5,25.0,opencv
2469,1.254,3.69,2.63,16.58,13.82,33.03,36.72,30.3,27.2,22.5,25.0,opencv
2470,1.257,3.31,2.89,12.34,13.54,28.77,32.09,34.8,31.2,22.5,25.0,opencv
2471,1.259,3.56,2.78,13.69,14.96,31.43,35.00,31.8,28.6,22.4,25.0,opencv
2472,1.260,3.72,3.30,15.04,13.74,32.08,35.81,31.2,27.9,22.4,25.0,opencv
2473,1.269,3.48,2.47,20.08,13.48,36.03,39.52,27.8,25.3,22.2,25.0,opencv
2474,1.277,3.40,2.56,13.64,13.95,30.15,33.57,33.2,29.8,22.1,25.0,opencv
2475,1.279,3.78,2.78,12.64,13.38,28.80,32.59,34.7,30.7,22.1,25.0,opencv
2476,1.277,3.36,2.53,14.14,13.99,30.66,34.02,32.6,29.4,22.1,25.0,opencv
2477,1.276,3.61,3.39,12.56,13.80,29.74,33.38,33.6,30.0,22.1,25.0,opencv
2478,1.276,3.73,2.51,28.09,13.61,44.21,47.95,22.6,20.9,21.9,25.0,opencv
2479,1.283,3.61,2.56,15.83,14.33,32.72,36.34,30.6,27.5,22.0,25.0,opencv
2480,1.278,3.31,2.54,12.02,13.82,28.38,31.69,35.2,31.6,22.1,25.0,opencv
2481,1.264,3.54,2.52,18.13,14.45,35.11,38.66,28.5,25.9,22.3,25.0,opencv
2482,1.271,3.80,2.43,18.95,13.75,35.13,38.93,28.5,25.7,22.1,25.0,opencv
2483,1.277,3.58,2.68,15.62,13.80,32.09,35.68,31.2,28.0,22.1,25.0,opencv
2484,1.276,3.58,2.75,15.36,14.04,32.15,35.74,31.1,28.0,22.1,25.0,opencv
2485,1.275,3.57,2.79,12.10,13.98,28.87,32.44,34.6,30.8,22.2,25.0,opencv
2486,1.276,3.34,2.78,26.46,14.36,43.61,46.95,22.9,21.3,21.9,25.0,opencv
2487,1.288,3.32,2.58,19.65,14.82,37.05,40.38,27.0,24.8,21.8,25.0,opencv
2488,1.290,3.29,2.72,12.16,14.53,29.41,32.71,34.0,30.6,21.9,25.0,opencv
2489,1.282,3.15,2.54,14.35,13.58,30.47,33.63,32.8,29.7,22.0,25.0,opencv
2490,1.280,3.96,2.66,22.54,13.51,38.70,42.67,25.8,23.4,21.9,25.0,opencv
2491,1.277,3.75,2.89,14.64,14.57,32.10,35.85,31.2,27.9,22.1,25.0,opencv
2492,1.269,3.24,2.41,12.23,14.08,28.72,31.97,34.8,31.3,22.3,25.0,opencv
2493,1.258,3.63,2.78,14.55,13.81,31.14,34.77,32.1,28.8,22.4,25.0,opencv
2494,1.260,3.37,2.63,12.78,13.74,29.14,32.52,34.3,30.8,22.4,25.0,opencv
2495,1.250,3.24,2.61,15.00,14.52,32.13,35.38,31.1,28.3,22.6,25.0,opencv
2496,1.246,3.23,2.41,15.67,13.63,31.71,34.95,31.5,28.6,22.6,25.0,opencv
2497,1.242,3.53,2.84,23.03,13.39,39.26,42.79,25.5,23.4,22.6,25.0,opencv
2498,1.244,4.29,2.71,12.92,13.56,29.20,33.49,34.3,29.9,22.7,25.0,opencv
2499,1.251,3.43,2.90,13.27,14.50,30.67,34.11,32.6,29.3,22.6,25.0,opencv
2500,1.255,3.52,2.30,20.96,13.48,36.74,40.27,27.2,24.8,22.4,25.0,opencv
2501,1.264,3.39,2.53,12.90,13.81,29.24,32.64,34.2,30.6,22.4,25.0,opencv
2502,1.251,3.50,2.31,11.89,13.75,27.95,31.45,35.8,31.8,22.6,25.0,opencv
2503,1.249,3.89,2.75,23.71,13.72,40.19,44.08,24.9,22.7,22.4,25.0,opencv
2504,1.260,3.18,2.38,17.81,14.07,34.26,37.44,29.2,26.7,22.3,25.0,opencv
2505,1.264,3.52,2.49,12.35,13.78,28.62,32.15,34.9,31.1,22.4,25.0,opencv
2506,1.259,3.53,2.66,12.66,13.62,28.94,32.48,34.6,30.8,22.4,25.0,opencv
2507,1.240,3.78,2.69,12.39,13.81,28.89,32.67,34.6,30.6,22.8,25.0,opencv
2508,1.228,3.82,2.50,13.91,14.67,31.09,35.05,32.2,28.5,23.0,25.0,opencv
2509,1.233,3.67,2.45,15.58,13.96,31.99,35.67,31.3,28.0,22.9,25.0,opencv
2510,1.231,3.44,2.81,14.31,13.74,30.86,34.31,32.4,29.1,22.9,25.0,opencv
2511,1.229,3.58,2.57,20.33,13.96,36.86,40.44,27.1,24.7,22.8,25.0,opencv
2512,1.243,4.18,2.92,16.35,14.16,33.42,37.61,29.9,26.6,22.6,25.0,opencv
2513,1.249,3.35,2.83,18.81,13.65,35.30,38.66,28.3,25.9,22.5,25.0,opencv
2514,1.263,3.21,2.83,19.01,14.24,36.09,39.30,27.7,25.4,22.3,25.0,opencv
2515,1.258,3.30,2.81,14.07,13.49,30.37,33.68,32.9,29.7,22.4,25.0,opencv
2516,1.250,3.98,2.51,17.87,13.97,34.35,38.34,29.1,26.1,22.5,25.0,opencv
2517,1.258,3.57,2.43,22.49,13.59,38.51,42.09,26.0,23.8,22.3,25.0,opencv
2518,1.257,3.52,2.99,12.96,14.62,30.58,34.11,32.7,29.3,22.5,25.0,opencv
2519,1.250,3.87,2.49,15.52,13.98,31.99,35.87,31.3,27.9,22.5,25.0,opencv
2520,1.254,3.22,2.65,13.66,13.33,29.63,32.86,33.7,30.4,22.5,25.0,opencv
2521,1.262,4.27,2.66,12.05,13.84,28.55,32.83,35.0,30.5,22.4,25.0,opencv
2522,1.260,3.10,2.49,12.59,14.27,29.36,32.46,34.1,30.8,22.4,25.0,opencv
2523,1.269,3.66,2.65,22.11,14.35,39.11,42.78,25.6,23.4,22.1,25.0,opencv
2524,1.283,3.31,2.62,14.56,14.34,31.52,34.83,31.7,28.7,22.0,25.0,opencv
2525,1.274,3.30,2.74,12.39,13.51,28.63,31.94,34.9,31.3,22.2,25.0,opencv
2526,1.262,3.06,2.51,12.16,13.50,28.16,31.23,35.5,32.0,22.4,25.0,opencv
2527,1.264,3.69,2.72,16.39,14.13,33.24,36.94,30.1,27.1,22.3,25.0,opencv
2528,1.261,3.14,2.61,29.15,13.69,45.45,48.59,22.0,20.6,22.1,25.0,opencv
2529,1.267,3.39,2.85,15.07,13.76,31.68,35.08,31.6,28.5,22.3,25.0,opencv
2530,1.265,3.37,2.46,13.14,13.73,29.32,32.70,34.1,30.6,22.3,25.0,opencv
2531,1.267,5.08,2.58,22.10,13.76,38.44,43.53,26.0,23.0,22.1,25.0,opencv
2532,1.271,3.38,2.42,19.85,13.68,35.95,39.34,27.8,25.4,22.1,25.0,opencv
2533,1.275,3.36,2.38,13.75,14.03,30.16,33.53,33.2,29.8,22.2,25.0,opencv
2534,1.276,3.43,2.51,12.84,13.92,29.26,32.69,34.2,30.6,22.2,25.0,opencv
2535,1.280,4.17,2.63,12.36,13.65,28.64,32.82,34.9,30.5,22.1,25.0,opencv
2536,1.285,3.33,2.88,12.52,13.96,29.36,32.70,34.1,30.6,22.0,25.0,opencv
2537,1.288,3.82,2.63,12.47,14.11,29.21,33.05,34.2,30.3,21.9,25.0,opencv
2538,1.287,3.47,2.57,13.33,14.05,29.95,33.42,33.4,29.9,22.0,25.0,opencv
2539,1.296,3.54,2.93,18.87,13.44,35.23,38.78,28.4,25.8,21.7,25.0,opencv
2540,1.291,3.49,2.67,14.32,14.24,31.23,34.73,32.0,28.8,21.9,25.0,opencv
2541,1.290,3.75,2.51,31.93,14.02,48.46,52.21,20.6,19.2,21.6,25.0,opencv
2542,1.297,3.44,2.91,12.11,13.67,28.69,32.14,34.9,31.1,21.8,25.0,opencv
2543,1.285,4.07,2.70,11.72,14.27,28.69,32.77,34.9,30.5,22.0,25.0,opencv
2544,1.281,3.61,2.72,13.18,14.17,30.06,33.68,33.3,29.7,22.1,25.0,opencv
2545,1.276,3.77,2.93,12.53,14.05,29.50,33.28,33.9,30.1,22.1,25.0,opencv
2546,1.262,3.30,2.56,12.50,14.51,29.57,32.87,33.8,30.4,22.4,25.0,opencv
2547,1.264,3.52,2.69,13.19,13.66,29.53,33.06,33.9,30.3,22.4,25.0,opencv
2548,1.256,3.75,2.51,13.26,13.93,29.71,33.46,33.7,29.9,22.5,25.0,opencv
2549,1.254,3.21,2.76,13.79,14.36,30.91,34.13,32.3,29.3,22.5,25.0,opencv
2550,1.248,3.27,2.66,12.55,13.57,28.79,32.07,34.7,31.2,22.6,25.0,opencv
2551,1.250,3.33,2.40,17.98,14.10,34.48,37.82,29.0,26.4,22.5,25.0,opencv
2552,1.244,3.41,2.30,17.48,13.78,33.56,36.98,29.8,27.0,22.6,25.0,opencv
2553,1.240,3.72,2.91,14.26,14.30,31.48,35.21,31.8,28.4,22.7,25.0,opencv
2554,1.243,3.46,2.67,14.12,13.76,30.54,34.01,32.7,29.4,22.7,25.0,opencv
2555,1.256,3.75,2.51,18.99,13.78,35.28,39.04,28.3,25.6,22.4,25.0,opencv
2556,1.249,3.01,2.54,13.66,13.73,29.92,32.94,33.4,30.4,22.6,25.0,opencv
2557,1.242,3.56,2.60,13.11,14.21,29.91,33.48,33.4,29.9,22.7,25.0,opencv
2558,1.235,3.61,2.57,12.87,14.37,29.82,33.44,33.5,29.9,22.9,25.0,opencv
2559,1.238,3.82,2.46,12.59,14.11,29.16,32.98,34.3,30.3,22.8,25.0,opencv
2560,1.226,3.68,2.74,12.58,13.62,28.93,32.62,34.6,30.7,23.0,25.0,opencv
2561,1.211,3.74,2.69,12.48,13.90,29.06,32.81,34.4,30.5,23.3,25.0,opencv
2562,1.220,3.30,2.66,12.54,13.81,29.01,32.32,34.5,30.9,23.2,25.0,opencv
2563,1.224,4.19,2.76,13.90,13.94,30.60,34.79,32.7,28.7,23.0,25.0,opencv
2564,1.224,3.42,2.32,12.45,13.70,28.47,31.90,35.1,31.4,23.1,25.0,opencv
2565,1.223,3.54,2.80,12.58,13.67,29.04,32.59,34.4,30.7,23.1,25.0,opencv
2566,1.222,3.22,2.62,12.86,13.54,29.02,32.25,34.5,31.0,23.1,25.0,opencv
2567,1.222,3.73,2.85,19.67,13.99,36.51,40.24,27.4,24.8,23.0,25.0,opencv
2568,1.219,3.64,2.94,22.64,13.68,39.26,42.91,25.5,23.3,23.0,25.0,opencv
2569,1.223,3.69,3.01,24.65,13.80,41.46,45.16,24.1,22.1,22.9,25.0,opencv
2570,1.207,4.06,2.78,13.77,14.43,30.98,35.05,32.3,28.5,23.3,25.0,opencv
2571,1.212,3.40,2.68,13.17,14.47,30.32,33.72,33.0,29.7,23.3,25.0,opencv
2572,1.224,3.27,2.45,24.36,13.68,40.50,43.78,24.7,22.8,22.9,25.0,opencv
2573,1.232,3.18,2.82,13.67,14.75,31.23,34.42,32.0,29.1,22.9,25.0,opencv
2574,1.231,3.51,2.77,12.60,14.02,29.39,32.90,34.0,30.4,22.9,25.0,opencv
2575,1.232,3.45,2.68,13.03,14.40,30.11,33.56,33.2,29.8,22.9,25.0,opencv
2576,1.231,3.13,2.77,14.04,14.00,30.80,33.94,32.5,29.5,22.9,25.0,opencv
2577,1.229,3.62,3.16,13.55,14.62,31.33,34.95,31.9,28.6,22.9,25.0,opencv
2578,1.231,3.69,2.36,14.06,13.90,30.33,34.02,33.0,29.4,22.9,25.0,opencv
2579,1.240,3.67,2.40,16.80,13.64,32.84,36.52,30.4,27.4,22.7,25.0,opencv
2580,1.232,3.92,2.66,18.44,14.03,35.13,39.06,28.5,25.6,22.8,25.0,opencv
2581,1.233,3.77,2.75,20.72,14.82,38.29,42.07,26.1,23.8,22.7,25.0,opencv
2582,1.244,3.75,2.80,22.78,14.05,39.64,43.40,25.2,23.0,22.5,25.0,opencv
2583,1.254,3.62,2.64,13.82,13.76,30.22,33.85,33.1,29.5,22.5,25.0,opencv
2584,1.238,3.35,2.71,11.81,13.86,28.38,31.74,35.2,31.5,22.8,25.0,opencv
2585,1.244,3.61,2.74,12.02,13.66,28.41,32.03,35.2,31.2,22.7,25.0,opencv
2586,1.239,3.85,2.61,12.62,14.51,29.74,33.60,33.6,29.8,22.8,25.0,opencv
2587,1.238,3.64,2.61,11.73,14.13,28.48,32.12,35.1,31.1,22.8,25.0,opencv
2588,1.238,3.80,3.13,12.27,14.08,29.48,33.29,33.9,30.0,22.8,25.0,opencv
2589,1.237,3.39,2.42,13.41,13.89,29.72,33.11,33.6,30.2,22.8,25.0,opencv
2590,1.237,3.12,3.00,13.15,14.28,30.43,33.56,32.9,29.8,22.8,25.0,opencv
2591,1.234,3.34,2.58,12.24,14.41,29.23,32.57,34.2,30.7,22.9,25.0,opencv
2592,1.229,4.16,2.90,17.76,13.72,34.39,38.55,29.1,25.9,22.9,25.0,opencv
2593,1.234,3.41,2.43,12.81,13.91,29.16,32.58,34.3,30.7,22.9,25.0,opencv
2594,1.244,3.19,2.63,12.68,14.04,29.35,32.56,34.1,30.7,22.7,25.0,opencv
2595,1.243,3.80,3.02,17.67,13.89,34.58,38.39,28.9,26.0,22.6,25.0,opencv
2596,1.244,3.69,2.98,11.60,14.61,29.20,32.89,34.2,30.4,22.7,25.0,opencv
2597,1.232,3.37,2.50,13.03,14.03,29.56,32.94,33.8,30.4,22.9,25.0,opencv
2598,1.218,3.69,2.84,12.67,13.95,29.46,33.16,33.9,30.2,23.2,25.0,opencv
2599,1.217,3.83,2.38,12.61,13.64,28.62,32.46,34.9,30.8,23.2,25.0,opencv
2600,1.219,3.79,3.09,11.88,14.71,29.67,33.47,33.7,29.9,23.2,25.0,opencv
2601,1.206,3.36,2.35,11.93,13.92,28.21,31.57,35.5,31.7,23.4,25.0,opencv
2602,1.206,3.38,2.70,12.80,13.76,29.26,32.65,34.2,30.6,23.4,25.0,opencv
2603,1.211,3.29,2.25,12.48,13.82,28.55,31.84,35.0,31.4,23.3,25.0,opencv
2604,1.211,3.33,3.35,11.97,13.84,29.15,32.49,34.3,30.8,23.3,25.0,opencv
2605,1.212,3.53,2.67,16.32,13.86,32.85,36.39,30.4,27.5,23.2,25.0,opencv
2606,1.219,3.47,2.45,11.95,13.74,28.15,31.63,35.5,31.6,23.2,25.0,opencv
2607,1.215,3.32,2.38,12.80,14.42,29.60,32.93,33.8,30.4,23.2,25.0,opencv
2608,1.211,3.68,2.86,14.50,14.16,31.52,35.21,31.7,28.4,23.3,25.0,opencv
2609,1.208,3.45,2.58,22.94,13.94,39.46,42.94,25.3,23.3,23.2,25.0,opencv
2610,1.204,3.60,2.48,16.93,14.81,34.22,37.82,29.2,26.4,23.4,25.0,opencv
2611,1.202,3.29,2.42,19.78,14.29,36.49,39.79,27.4,25.1,23.4,25.0,opencv
2612,1.217,3.88,2.60,22.11,14.30,39.01,42.90,25.6,23.3,23.0,25.0,opencv
2613,1.225,3.32,2.60,13.94,13.79,30.33,33.65,33.0,29.7,23.0,25.0,opencv
2614,1.225,3.93,2.50,25.29,13.88,41.68,45.61,24.0,21.9,22.8,25.0,opencv
2615,1.235,3.38,2.43,13.52,13.93,29.89,33.27,33.5,30.1,22.9,25.0,opencv
2616,1.238,3.24,2.82,11.70,13.80,28.32,31.57,35.3,31.7,22.8,25.0,opencv
2617,1.237,3.71,2.46,11.67,13.74,27.86,31.57,35.9,31.7,22.9,25.0,opencv
2618,1.238,3.41,2.88,16.84,14.78,34.51,37.92,29.0,26.4,22.7,25.0,opencv
2619,1.247,3.39,2.50,20.47,13.66,36.63,40.02,27.3,25.0,22.5,25.0,opencv
2620,1.252,3.29,2.44,13.90,13.77,30.11,33.41,33.2,29.9,22.6,25.0,opencv
2621,1.244,3.61,3.07,14.58,14.13,31.78,35.39,31.5,28.3,22.7,25.0,opencv
2622,1.252,3.17,2.75,13.05,14.09,29.88,33.06,33.5,30.3,22.6,25.0,opencv
2623,1.241,3.69,2.60,15.79,14.08,32.47,36.17,30.8,27.6,22.7,25.0,opencv
2624,1.239,3.32,2.56,24.06,14.15,40.78,44.10,24.5,22.7,22.6,25.0,opencv
2625,1.252,3.44,2.70,15.16,13.67,31.53,34.98,31.7,28.6,22.5,25.0,opencv
2626,1.250,3.46,2.88,29.28,13.65,45.81,49.27,21.8,20.3,22.3,25.0,opencv
2627,1.270,3.49,3.22,19.92,13.81,36.94,40.46,27.1,24.7,22.1,25.0,opencv
2628,1.280,3.58,2.88,13.44,14.02,30.34,33.93,33.0,29.5,22.1,25.0,opencv
2629,1.279,3.27,2.73,12.63,14.19,29.55,32.82,33.8,30.5,22.1,25.0,opencv
2630,1.283,3.33,2.37,15.47,13.69,31.52,34.86,31.7,28.7,22.0,25.0,opencv
2631,1.281,3.52,2.81,24.01,14.39,41.21,44.74,24.3,22.4,21.9,25.0,opencv
2632,1.292,3.49,2.68,13.52,13.60,29.80,33.30,33.6,30.0,21.9,25.0,opencv
2633,1.294,3.43,2.64,12.52,14.17,29.33,32.77,34.1,30.5,21.9,25.0,opencv
2634,1.288,3.62,3.13,12.00,14.02,29.14,32.77,34.3,30.5,22.0,25.0,opencv
2635,1.286,3.25,2.66,14.34,14.20,31.20,34.45,32.1,29.0,22.0,25.0,opencv
2636,1.286,3.19,2.69,13.63,13.95,30.27,33.46,33.0,29.9,22.0,25.0,opencv
2637,1.280,3.64,2.60,14.74,13.66,31.00,34.65,32.3,28.9,22.1,25.0,opencv
2638,1.273,3.24,2.86,13.79,14.10,30.75,33.99,32.5,29.4,22.2,25.0,opencv
2639,1.267,3.72,2.77,12.63,14.29,29.69,33.42,33.7,29.9,22.3,25.0,opencv
2640,1.255,3.23,2.71,12.78,14.09,29.58,32.82,33.8,30.5,22.5,25.0,opencv
2641,1.238,3.47,2.91,13.59,13.27,29.77,33.24,33.6,30.1,22.8,25.0,opencv
2642,1.237,3.28,2.39,12.63,14.12,29.14,32.43,34.3,30.8,22.8,25.0,opencv
2643,1.227,3.36,2.31,15.85,14.20,32.36,35.73,30.9,28.0,23.0,25.0,opencv
2644,1.227,3.88,2.88,14.99,14.43,32.31,36.20,30.9,27.6,23.0,25.0,opencv
2645,1.230,3.23,2.36,16.01,14.49,32.86,36.10,30.4,27.7,22.9,25.0,opencv
2646,1.230,3.65,2.59,15.55,13.73,31.88,35.53,31.4,28.1,22.9,25.0,opencv
2647,1.229,3.50,2.55,14.23,14.10,30.88,34.39,32.4,29.1,23.0,25.0,opencv
2648,1.220,3.74,2.63,12.07,13.99,28.69,32.45,34.9,30.8,23.2,25.0,opencv
2649,1.218,3.55,2.74,13.37,14.21,30.32,33.88,33.0,29.5,23.2,25.0,opencv
2650,1.222,3.39,2.58,21.75,13.65,37.98,41.38,26.3,24.2,23.0,25.0,opencv
2651,1.230,3.67,2.62,13.29,13.92,29.83,33.50,33.5,29.9,22.9,25.0,opencv
2652,1.230,3.85,2.60,12.48,14.20,29.28,33.14,34.1,30.2,23.0,25.0,opencv
2653,1.222,3.63,2.37,18.07,14.93,35.37,39.00,28.3,25.6,23.0,25.0,opencv
2654,1.225,3.06,2.71,25.56,13.62,41.89,44.96,23.9,22.2,22.8,25.0,opencv
2655,1.220,3.51,2.57,25.38,13.72,41.67,45.19,24.0,22.1,22.9,25.0,opencv
2656,1.224,3.45,2.58,13.31,13.78,29.67,33.13,33.7,30.2,23.1,25.0,opencv
2657,1.221,3.39,2.79,12.58,13.77,29.14,32.53,34.3,30.7,23.1,25.0,opencv
2658,1.221,3.10,2.79,12.62,14.00,29.40,32.52,34.0,30.8,23.1,25.0,opencv
2659,1.212,3.71,2.58,18.71,13.96,35.25,38.97,28.4,25.7,23.2,25.0,opencv
2660,1.210,3.68,2.63,24.94,13.86,41.43,45.11,24.1,22.2,23.1,25.0,opencv
2661,1.219,3.48,2.45,13.44,14.31,30.20,33.68,33.1,29.7,23.1,25.0,opencv
2662,1.217,3.25,2.46,12.35,14.42,29.23,32.49,34.2,30.8,23.2,25.0,opencv
2663,1.215,4.26,2.69,12.27,13.53,28.49,32.76,35.1,30.5,23.2,25.0,opencv
2664,1.209,3.52,2.36,11.76,13.33,27.46,30.98,36.4,32.3,23.4,25.0,opencv
2665,1.207,3.87,2.41,14.52,13.60,30.53,34.41,32.8,29.1,23.4,25.0,opencv
2666,1.206,3.40,2.52,16.40,14.32,33.24,36.64,30.1,27.3,23.3,25.0,opencv
2667,1.216,3.42,2.49,17.35,13.61,33.45,36.88,29.9,27.1,23.1,25.0,opencv
2668,1.228,3.20,2.91,13.34,14.31,30.56,33.77,32.7,29.6,23.0,25.0,opencv
2669,1.239,3.68,2.83,12.93,14.67,30.42,34.11,32.9,29.3,22.8,25.0,opencv
2670,1.235,3.56,2.66,33.45,13.80,49.91,53.48,20.0,18.7,22.5,25.0,opencv
2671,1.259,3.51,2.56,17.25,14.50,34.31,37.82,29.1,26.4,22.4,25.0,opencv
2672,1.263,3.80,2.34,19.32,13.71,35.37,39.18,28.3,25.5,22.3,25.0,opencv
2673,1.271,3.35,2.49,23.88,13.72,40.09,43.45,24.9,23.0,22.1,25.0,opencv
2674,1.280,3.17,2.58,14.39,14.35,31.33,34.51,31.9,29.0,22.1,25.0,opencv
2675,1.281,3.75,2.81,14.01,14.41,31.23,34.99,32.0,28.6,22.0,25.0,opencv
2676,1.275,3.20,2.41,13.73,14.01,30.15,33.35,33.2,30.0,22.2,25.0,opencv
2677,1.276,3.47,2.78,12.95,13.87,29.60,33.07,33.8,30.2,22.2,25.0,opencv
2678,1.274,3.98,2.58,12.93,13.82,29.33,33.32,34.1,30.0,22.2,25.0,opencv
2679,1.262,3.55,2.55,12.44,14.28,29.27,32.82,34.2,30.5,22.4,25.0,opencv
2680,1.269,3.50,2.61,13.72,14.30,30.63,34.14,32.6,29.3,22.2,25.0,opencv
2681,1.274,3.69,2.74,25.93,14.32,42.99,46.69,23.3,21.4,22.0,25.0,opencv
2682,1.277,3.55,2.43,12.48,14.29,29.21,32.77,34.2,30.5,22.1,25.0,opencv
2683,1.264,3.98,2.46,14.02,14.01,30.48,34.47,32.8,29.0,22.3,25.0,opencv
2684,1.255,3.54,2.92,14.95,14.30,32.17,35.71,31.1,28.0,22.5,25.0,opencv
2685,1.252,3.63,2.94,15.05,14.39,32.37,36.01,30.9,27.8,22.5,25.0,opencv
2686,1.253,3.53,2.68,12.75,13.85,29.27,32.81,34.2,30.5,22.6,25.0,opencv
2687,1.261,3.73,2.52,13.59,14.15,30.26,33.99,33.0,29.4,22.4,25.0,opencv
2688,1.255,3.43,2.76,13.84,13.93,30.52,33.96,32.8,29.4,22.5,25.0,opencv
2689,1.242,3.51,2.40,13.20,14.08,29.68,33.19,33.7,30.1,22.7,25.0,opencv
2690,1.246,4.02,2.75,12.28,14.37,29.40,33.43,34.0,29.9,22.7,25.0,opencv
2691,1.247,3.62,2.52,12.38,14.61,29.51,33.13,33.9,30.2,22.7,25.0,opencv
2692,1.248,3.25,2.82,12.85,14.39,30.05,33.30,33.3,30.0,22.6,25.0,opencv
2693,1.253,3.48,2.78,12.35,14.59,29.72,33.21,33.6,30.1,22.6,25.0,opencv
2694,1.256,3.24,2.50,13.63,14.15,30.29,33.53,33.0,29.8,22.5,25.0,opencv
2695,1.252,3.46,2.83,12.69,14.84,30.36,33.83,32.9,29.6,22.5,25.0,opencv
2696,1.242,3.04,2.29,12.49,13.92,28.70,31.75,34.8,31.5,22.8,25.0,opencv
2697,1.236,3.57,3.12,13.97,13.54,30.63,34.21,32.6,29.2,22.8,25.0,opencv
2698,1.232,3.49,2.40,14.30,14.07,30.77,34.27,32.5,29.2,22.9,25.0,opencv
2699,1.219,3.98,2.52,28.66,14.08,45.26,49.25,22.1,20.3,22.9,25.0,opencv
2700,1.234,3.79,2.71,20.38,14.84,37.93,41.72,26.4,24.0,22.7,25.0,opencv
2701,1.234,4.02,2.57,20.44,14.82,37.83,41.86,26.4,23.9,22.7,25.0,opencv
2702,1.232,3.85,3.02,27.75,13.86,44.63,48.48,22.4,20.6,22.6,25.0,opencv
2703,1.241,3.10,2.65,28.10,14.13,44.88,47.99,22.3,20.8,22.5,25.0,opencv
2704,1.257,3.35,2.41,13.46,14.38,30.25,33.61,33.1,29.8,22.5,25.0,opencv
2705,1.260,3.22,2.80,12.34,13.65,28.78,32.02,34.7,31.2,22.4,25.0,opencv
2706,1.259,3.65,2.66,27.28,13.75,43.69,47.34,22.9,21.1,22.2,25.0,opencv
2707,1.277,3.73,2.54,14.42,13.75,30.71,34.45,32.6,29.0,22.1,25.0,opencv
2708,1.278,3.96,2.56,13.88,14.09,30.53,34.50,32.8,29.0,22.1,25.0,opencv
2709,1.266,3.40,2.76,16.44,14.00,33.19,36.61,30.1,27.3,22.3,25.0,opencv
2710,1.256,3.50,2.69,22.05,14.29,39.03,42.53,25.6,23.5,22.3,25.0,opencv
2711,1.275,4.31,2.88,18.71,14.41,36.00,40.32,27.8,24.8,22.1,25.0,opencv
2712,1.279,3.55,2.76,17.98,14.29,35.03,38.59,28.5,25.9,22.0,25.0,opencv
2713,1.280,3.40,2.30,30.00,14.56,46.85,50.26,21.3,19.9,21.8,25.0,opencv
2714,1.306,3.38,2.35,24.14,13.88,40.37,43.75,24.8,22.9,21.5,25.0,opencv
2715,1.317,3.35,2.46,13.26,14.15,29.86,33.22,33.5,30.1,21.5,25.0,opencv
2716,1.308,3.88,2.84,11.92,13.85,28.61,32.50,35.0,30.8,21.6,25.0,opencv
2717,1.306,3.41,2.47,26.58,13.93,42.98,46.39,23.3,21.6,21.4,25.0,opencv
2718,1.316,3.33,2.46,13.35,14.20,30.00,33.34,33.3,30.0,21.5,25.0,opencv
2719,1.314,3.55,2.71,13.19,13.83,29.72,33.28,33.6,30.1,21.5,25.0,opencv
2720,1.315,3.89,2.58,12.64,13.98,29.19,33.09,34.3,30.2,21.5,25.0,opencv
2721,1.316,3.57,2.83,13.02,14.20,30.05,33.62,33.3,29.7,21.5,25.0,opencv
2722,1.325,3.51,2.57,22.37,13.98,38.92,42.43,25.7,23.6,21.2,25.0,opencv
2723,1.336,3.97,2.47,12.16,13.56,28.19,32.17,35.5,31.1,21.2,25.0,opencv
2724,1.337,3.61,2.62,15.07,14.52,32.21,35.82,31.0,27.9,21.1,25.0,opencv
2725,1.346,3.38,2.99,24.23,13.54,40.75,44.15,24.5,22.7,20.9,25.0,opencv
2726,1.355,3.79,2.44,21.61,13.74,37.79,41.59,26.5,24.0,20.8,25.0,opencv
2727,1.359,4.04,2.67,15.66,14.10,32.43,36.48,30.8,27.4,20.8,25.0,opencv
2728,1.340,3.68,2.75,19.77,13.88,36.40,40.09,27.5,24.9,21.0,25.0,opencv
2729,1.343,4.22,2.74,20.35,13.71,36.79,41.02,27.2,24.4,20.9,25.0,opencv
2730,1.343,3.58,2.89,12.62,14.00,29.51,33.10,33.9,30.2,21.1,25.0,opencv
2731,1.330,3.43,2.59,16.42,13.75,32.76,36.19,30.5,27.6,21.2,25.0,opencv
2732,1.319,3.24,2.41,12.29,13.93,28.63,31.87,34.9,31.4,21.5,25.0,opencv
2733,1.319,3.42,2.55,15.30,14.21,32.05,35.48,31.2,28.2,21.4,25.0,opencv
2734,1.320,3.71,2.74,13.25,13.72,29.70,33.42,33.7,29.9,21.4,25.0,opencv
2735,1.302,3.11,2.44,15.37,13.94,31.74,34.86,31.5,28.7,21.7,25.0,opencv
2736,1.295,3.18,2.38,15.99,13.84,32.21,35.40,31.0,28.3,21.8,25.0,opencv
2737,1.299,3.35,2.67,14.96,13.49,31.12,34.48,32.1,29.0,21.7,25.0,opencv
2738,1.301,3.68,3.06,13.47,14.73,31.26,34.95,32.0,28.6,21.7,25.0,opencv
2739,1.287,3.27,2.47,13.94,13.54,29.95,33.23,33.4,30.1,22.0,25.0,opencv
2740,1.272,3.40,2.44,14.38,13.76,30.59,34.00,32.7,29.4,22.2,25.0,opencv
2741,1.264,3.92,2.39,19.92,14.13,36.45,40.38,27.4,24.8,22.2,25.0,opencv
2742,1.256,4.01,2.77,16.90,14.54,34.21,38.22,29.2,26.2,22.4,25.0,opencv
2743,1.239,2.98,2.30,12.34,14.21,28.85,31.84,34.7,31.4,22.8,25.0,opencv
2744,1.242,3.84,2.92,31.61,13.74,48.28,52.13,20.7,19.2,22.4,25.0,opencv
2745,1.262,3.13,2.40,12.87,13.73,28.99,32.13,34.5,31.1,22.4,25.0,opencv
2746,1.259,3.40,2.87,14.92,14.00,31.80,35.20,31.4,28.4,22.4,25.0,opencv
2747,1.271,3.71,2.70,12.35,13.96,29.02,32.74,34.5,30.5,22.2,25.0,opencv
2748,1.264,3.26,2.72,12.53,14.28,29.53,32.79,33.9,30.5,22.4,25.0,opencv
2749,1.261,3.54,3.06,12.37,14.47,29.91,33.46,33.4,29.9,22.4,25.0,opencv
2750,1.260,3.43,2.27,12.98,13.86,29.11,32.54,34.4,30.7,22.4,25.0,opencv
2751,1.242,3.42,2.43,14.66,14.45,31.55,34.97,31.7,28.6,22.7,25.0,opencv
2752,1.238,3.40,2.59,14.05,13.57,30.21,33.62,33.1,29.7,22.8,25.0,opencv
2753,1.236,3.37,2.28,14.81,13.92,31.01,34.39,32.2,29.1,22.8,25.0,opencv
2754,1.223,4.13,2.50,12.79,14.22,29.51,33.65,33.9,29.7,23.1,25.0,opencv
2755,1.210,3.46,2.49,14.45,14.58,31.52,34.99,31.7,28.6,23.3,25.0,opencv
2756,1.210,3.57,2.89,18.11,13.89,34.88,38.45,28.7,26.0,23.2,25.0,opencv
2757,1.217,4.09,2.74,15.59,13.61,31.95,36.05,31.3,27.7,23.1,25.0,opencv
2758,1.204,3.43,2.75,14.72,13.61,31.08,34.52,32.2,29.0,23.4,25.0,opencv
2759,1.211,3.44,2.97,12.58,13.48,29.03,32.48,34.4,30.8,23.3,25.0,opencv
2760,1.200,3.96,2.64,13.87,13.47,29.98,33.95,33.4,29.5,23.5,25.0,opencv
2761,1.205,3.53,2.68,12.81,13.80,29.28,32.82,34.1,30.5,23.4,25.0,opencv
2762,1.198,3.31,2.57,13.73,14.04,30.34,33.66,33.0,29.7,23.5,25.0,opencv
2763,1.199,3.65,2.65,14.77,13.79,31.21,34.87,32.0,28.7,23.5,25.0,opencv
2764,1.205,3.38,2.46,14.26,14.15,30.86,34.25,32.4,29.2,23.4,25.0,opencv
2765,1.204,3.72,2.88,12.61,13.97,29.46,33.18,33.9,30.1,23.4,25.0,opencv
2766,1.201,3.41,2.46,12.36,14.66,29.49,32.90,33.9,30.4,23.5,25.0,opencv
2767,1.197,4.05,2.72,12.00,14.25,28.96,33.02,34.5,30.3,23.6,25.0,opencv
2768,1.203,3.68,2.42,14.55,13.34,30.31,34.00,33.0,29.4,23.5,25.0,opencv
2769,1.202,3.87,2.90,12.72,13.46,29.08,32.95,34.4,30.3,23.5,25.0,opencv
2770,1.200,3.69,3.02,12.68,14.72,30.42,34.13,32.9,29.3,23.5,25.0,opencv
2771,1.197,3.81,2.33,23.48,14.19,40.00,43.81,25.0,22.8,23.4,25.0,opencv
2772,1.209,3.56,2.74,13.01,13.42,29.17,32.74,34.3,30.5,23.4,25.0,opencv
2773,1.191,3.32,2.38,12.73,13.89,29.00,32.33,34.5,30.9,23.7,25.0,opencv
2774,1.192,3.95,2.69,12.66,13.77,29.13,33.09,34.3,30.2,23.7,25.0,opencv
2775,1.179,3.02,2.47,13.00,13.80,29.26,32.28,34.2,31.0,23.9,25.0,opencv
2776,1.173,3.70,2.74,13.30,13.42,29.46,33.16,33.9,30.2,24.0,25.0,opencv
2777,1.180,3.11,2.72,12.45,13.94,29.11,32.22,34.4,31.0,23.9,25.0,opencv
2778,1.183,3.59,2.64,12.88,14.12,29.63,33.22,33.7,30.1,23.8,25.0,opencv
2779,1.183,3.25,2.34,12.50,13.91,28.75,32.01,34.8,31.2,23.9,25.0,opencv
2780,1.182,3.40,2.50,12.44,13.93,28.87,32.27,34.6,31.0,23.9,25.0,opencv
2781,1.183,3.57,2.84,12.44,14.23,29.51,33.09,33.9,30.2,23.8,25.0,opencv
2782,1.182,3.34,2.66,24.22,13.53,40.41,43.75,24.7,22.9,23.7,25.0,opencv
2783,1.192,3.53,2.61,13.49,14.31,30.41,33.94,32.9,29.5,23.7,25.0,opencv
2784,1.195,3.57,2.68,12.55,13.58,28.81,32.39,34.7,30.9,23.6,25.0,opencv
2785,1.187,3.03,2.26,12.29,13.84,28.39,31.42,35.2,31.8,23.8,25.0,opencv
2786,1.181,3.59,2.76,12.81,14.25,29.81,33.41,33.5,29.9,23.9,25.0,opencv
2787,1.190,3.76,2.90,18.08,13.47,34.44,38.21,29.0,26.2,23.6,25.0,opencv
2788,1.191,3.71,2.69,16.51,14.10,33.30,37.02,30.0,27.0,23.6,25.0,opencv
2789,1.195,3.26,2.49,28.71,13.82,45.01,48.27,22.2,20.7,23.3,25.0,opencv
2790,1.214,3.64,2.80,24.80,13.53,41.13,44.78,24.3,22.3,23.0,25.0,opencv
2791,1.225,3.52,2.76,13.45,14.02,30.24,33.76,33.1,29.6,23.0,25.0,opencv
2792,1.226,3.41,2.39,12.79,13.82,28.99,32.40,34.5,30.9,23.0,25.0,opencv
2793,1.219,3.67,2.70,12.90,13.98,29.58,33.26,33.8,30.1,23.2,25.0,opencv
2794,1.225,3.39,2.58,12.83,13.97,29.38,32.78,34.0,30.5,23.1,25.0,opencv
2795,1.225,3.47,2.78,14.10,13.84,30.72,34.20,32.5,29.2,23.0,25.0,opencv
2796,1.225,3.44,2.31,13.97,13.97,30.24,33.69,33.1,29.7,23.0,25.0,opencv
2797,1.220,3.63,2.57,15.32,14.60,32.49,36.13,30.8,27.7,23.1,25.0,opencv
2798,1.221,3.35,2.30,13.35,13.34,28.98,32.33,34.5,30.9,23.1,25.0,opencv
2799,1.214,3.32,2.39,12.62,13.86,28.86,32.19,34.6,31.1,23.3,25.0,opencv
2800,1.203,3.55,2.79,20.69,13.99,37.47,41.02,26.7,24.4,23.3,25.0,opencv
2801,1.217,3.70,3.07,22.98,14.23,40.28,43.99,24.8,22.7,23.0,25.0,opencv
2802,1.225,3.71,2.79,20.45,15.00,38.24,41.95,26.2,23.8,22.9,25.0,opencv
2803,1.236,3.78,2.44,23.34,14.01,39.79,43.57,25.1,23.0,22.7,25.0,opencv
2804,1.248,3.62,2.44,13.10,14.35,29.90,33.52,33.5,29.8,22.6,25.0,opencv
2805,1.245,3.13,2.68,16.48,13.74,32.89,36.03,30.4,27.8,22.6,25.0,opencv
2806,1.253,3.74,2.71,12.74,13.87,29.31,33.06,34.1,30.2,22.6,25.0,opencv
2807,1.251,3.63,2.81,12.45,13.77,29.04,32.67,34.4,30.6,22.6,25.0,opencv
2808,1.251,3.70,2.55,12.58,14.13,29.25,32.96,34.2,30.3,22.6,25.0,opencv
2809,1.250,3.24,2.88,12.90,13.99,29.78,33.03,33.6,30.3,22.6,25.0,opencv
2810,1.255,3.51,2.50,14.39,14.02,30.91,34.44,32.3,29.0,22.5,25.0,opencv
2811,1.242,3.50,2.60,25.59,14.12,42.31,45.82,23.6,21.8,22.5,25.0,opencv
2812,1.249,3.37,2.59,13.83,14.49,30.91,34.29,32.4,29.2,22.6,25.0,opencv
2813,1.246,3.26,2.55,18.54,14.10,35.19,38.45,28.4,26.0,22.6,25.0,opencv
2814,1.248,3.21,2.51,12.01,13.53,28.04,31.26,35.7,32.0,22.7,25.0,opencv
2815,1.244,3.37,2.50,22.61,14.62,39.73,43.11,25.2,23.2,22.5,25.0,opencv
2816,1.242,3.77,2.62,23.72,13.84,40.18,43.96,24.9,22.7,22.6,25.0,opencv
2817,1.249,3.85,2.54,12.92,13.63,29.09,32.95,34.4,30.3,22.6,25.0,opencv
2818,1.237,3.20,2.54,12.65,14.13,29.32,32.53,34.1,30.7,22.8,25.0,opencv
2819,1.218,3.63,2.72,13.06,14.06,29.84,33.48,33.5,29.9,23.2,25.0,opencv
2820,1.219,3.72,2.60,12.78,14.14,29.52,33.25,33.9,30.1,23.2,25.0,opencv
2821,1.221,3.60,2.74,13.67,14.02,30.42,34.03,32.9,29.4,23.1,25.0,opencv
2822,1.219,3.28,2.60,13.69,14.00,30.28,33.57,33.0,29.8,23.1,25.0,opencv
2823,1.219,3.35,2.28,16.08,14.19,32.54,35.90,30.7,27.9,23.1,25.0,opencv
2824,1.217,3.62,2.75,30.13,14.04,46.91,50.54,21.3,19.8,22.9,25.0,opencv
2825,1.238,3.25,2.46,15.77,14.11,32.34,35.59,30.9,28.1,22.8,25.0,opencv
2826,1.237,3.94,2.36,21.86,14.04,38.27,42.22,26.1,23.7,22.7,25.0,opencv
2827,1.248,3.66,2.72,14.49,14.08,31.29,34.96,32.0,28.6,22.6,25.0,opencv
2828,1.255,3.30,2.82,14.09,13.86,30.78,34.08,32.5,29.3,22.5,25.0,opencv
2829,1.252,3.68,2.30,20.31,14.06,36.68,40.37,27.3,24.8,22.4,25.0,opencv
2830,1.250,3.63,2.69,13.18,14.05,29.91,33.54,33.4,29.8,22.6,25.0,opencv
2831,1.242,3.71,2.73,12.19,14.33,29.25,32.97,34.2,30.3,22.7,25.0,opencv
2832,1.229,3.44,2.56,12.24,14.44,29.24,32.69,34.2,30.6,23.0,25.0,opencv
2833,1.226,3.52,2.65,12.63,14.45,29.73,33.25,33.6,30.1,23.0,25.0,opencv
2834,1.230,3.49,2.50,23.25,13.38,39.13,42.62,25.6,23.5,22.8,25.0,opencv
2835,1.240,3.72,3.09,13.85,13.67,30.62,34.35,32.7,29.1,22.8,25.0,opencv
2836,1.242,3.54,2.47,18.88,13.96,35.32,38.86,28.3,25.7,22.6,25.0,opencv
2837,1.246,3.85,3.00,14.22,14.34,31.57,35.43,31.7,28.2,22.6,25.0,opencv
2838,1.246,3.29,2.36,24.05,13.58,39.99,43.28,25.0,23.1,22.5,25.0,opencv
2839,1.250,3.67,2.43,12.88,14.15,29.46,33.15,33.9,30.2,22.6,25.0,opencv
2840,1.240,3.35,2.99,12.74,14.09,29.82,33.17,33.5,30.1,22.8,25.0,opencv
2841,1.243,4.26,2.39,27.29,14.61,44.29,48.55,22.6,20.6,22.4,25.0,opencv
2842,1.263,4.00,2.60,13.57,14.18,30.34,34.35,33.0,29.1,22.4,25.0,opencv
2843,1.267,3.35,2.53,15.86,13.73,32.12,35.48,31.1,28.2,22.3,25.0,opencv
2844,1.256,3.25,2.57,16.76,14.08,33.41,36.66,29.9,27.3,22.4,25.0,opencv
2845,1.252,3.71,2.93,23.15,13.97,40.06,43.77,25.0,22.8,22.4,25.0,opencv
2846,1.258,3.43,2.90,17.73,13.67,34.29,37.73,29.2,26.5,22.4,25.0,opencv
2847,1.264,3.28,2.41,25.80,13.82,42.03,45.31,23.8,22.1,22.1,25.0,opencv
2848,1.280,3.44,2.60,27.83,13.87,44.31,47.75,22.6,20.9,21.8,25.0,opencv
2849,1.299,3.90,2.76,14.08,14.12,30.97,34.88,32.3,28.7,21.7,25.0,opencv
2850,1.297,3.62,2.46,27.79,14.04,44.29,47.92,22.6,20.9,21.6,25.0,opencv
2851,1.315,3.65,2.66,12.68,13.69,29.03,32.69,34.4,30.6,21.5,25.0,opencv
2852,1.319,3.49,2.86,15.22,13.93,32.01,35.50,31.2,28.2,21.4,25.0,opencv
2853,1.311,3.43,2.61,17.72,13.73,34.05,37.49,29.4,26.7,21.5,25.0,opencv
2854,1.306,3.68,2.42,12.89,14.08,29.39,33.08,34.0,30.2,21.7,25.0,opencv
2855,1.300,3.33,2.87,12.62,13.93,29.42,32.77,34.0,30.5,21.8,25.0,opencv
2856,1.300,3.81,2.79,12.51,14.02,29.32,33.14,34.1,30.2,21.8,25.0,opencv
2857,1.296,3.42,2.49,25.85,13.75,42.09,45.51,23.8,22.0,21.6,25.0,opencv
2858,1.296,3.49,2.62,13.73,14.03,30.38,33.88,32.9,29.5,21.8,25.0,opencv
2859,1.292,4.09,2.61,12.18,14.35,29.14,33.24,34.3,30.1,21.9,25.0,opencv
2860,1.292,3.21,2.37,12.13,14.33,28.83,32.05,34.7,31.2,21.9,25.0,opencv
2861,1.292,4.14,2.96,12.29,14.78,30.02,34.17,33.3,29.3,21.9,25.0,opencv
2862,1.296,3.50,2.54,20.77,13.67,36.99,40.50,27.0,24.7,21.7,25.0,opencv
2863,1.289,3.38,2.51,13.85,14.66,31.02,34.41,32.2,29.1,21.9,25.0,opencv
2864,1.283,3.38,2.82,12.45,13.71,28.98,32.36,34.5,30.9,22.0,25.0,opencv
2865,1.272,3.16,2.56,12.26,13.85,28.67,31.84,34.9,31.4,22.2,25.0,opencv
2866,1.272,3.29,2.39,12.89,14.16,29.44,32.74,34.0,30.5,22.2,25.0,opencv
2867,1.265,3.68,3.06,13.01,13.86,29.93,33.62,33.4,29.7,22.3,25.0,opencv
2868,1.267,3.63,2.68,12.26,14.05,28.99,32.63,34.5,30.6,22.3,25.0,opencv
2869,1.267,3.42,2.58,12.67,14.02,29.27,32.70,34.2,30.6,22.3,25.0,opencv
2870,1.251,3.59,2.59,12.43,13.59,28.60,32.21,35.0,31.0,22.6,25.0,opencv
2871,1.244,3.19,2.59,12.66,14.12,29.36,32.56,34.1,30.7,22.7,25.0,opencv
2872,1.244,4.05,2.33,12.41,14.21,28.95,33.01,34.5,30.3,22.7,25.0,opencv
2873,1.245,3.33,2.45,19.15,14.29,35.89,39.23,27.9,25.5,22.6,25.0,opencv
2874,1.238,3.42,2.30,20.72,13.99,37.01,40.43,27.0,24.7,22.7,25.0,opencv
2875,1.241,3.35,2.32,12.89,14.46,29.67,33.02,33.7,30.3,22.8,25.0,opencv
2876,1.227,3.47,2.60,12.04,14.68,29.32,32.79,34.1,30.5,23.0,25.0,opencv
2877,1.219,3.27,2.32,14.64,14.01,30.96,34.24,32.3,29.2,23.1,25.0,opencv
2878,1.216,3.97,2.43,14.10,13.43,29.95,33.93,33.4,29.5,23.2,25.0,opencv
2879,1.203,3.70,2.59,12.66,13.66,28.91,32.61,34.6,30.7,23.5,25.0,opencv
2880,1.203,3.59,3.02,12.87,14.23,30.12,33.72,33.2,29.7,23.5,25.0,opencv
2881,1.190,3.61,2.65,14.23,14.45,31.33,34.94,31.9,28.6,23.7,25.0,opencv
2882,1.193,3.65,2.58,18.60,13.95,35.13,38.78,28.5,25.8,23.5,25.0,opencv
2883,1.202,3.81,2.56,12.62,13.75,28.92,32.74,34.6,30.5,23.5,25.0,opencv
2884,1.200,3.33,2.40,12.89,13.89,29.18,32.52,34.3,30.7,23.5,25.0,opencv
2885,1.199,3.66,2.78,18.31,14.45,35.54,39.21,28.1,25.5,23.4,25.0,opencv
2886,1.196,3.71,2.64,28.03,13.67,44.34,48.07,22.6,20.8,23.3,25.0,opencv
2887,1.207,3.26,2.54,22.35,14.10,38.99,42.26,25.6,23.7,23.2,25.0,opencv
2888,1.218,3.84,2.50,12.72,13.59,28.81,32.67,34.7,30.6,23.2,25.0,opencv
2889,1.221,3.59,2.61,12.74,13.84,29.19,32.78,34.3,30.5,23.1,25.0,opencv
2890,1.227,3.34,2.63,22.12,14.83,39.58,42.94,25.3,23.3,22.8,25.0,opencv
2891,1.226,3.96,2.98,13.50,14.06,30.54,34.51,32.7,29.0,23.0,25.0,opencv
2892,1.223,3.37,2.30,12.26,13.88,28.43,31.81,35.2,31.4,23.1,25.0,opencv
2893,1.227,3.60,2.30,13.94,14.20,30.44,34.05,32.8,29.4,23.0,25.0,opencv
2894,1.234,3.80,2.64,12.37,14.53,29.54,33.35,33.9,30.0,22.9,25.0,opencv
2895,1.236,3.32,2.46,15.33,13.85,31.64,34.97,31.6,28.6,22.8,25.0,opencv
2896,1.245,3.29,2.45,20.06,13.53,36.04,39.35,27.7,25.4,22.6,25.0,opencv
2897,1.256,3.19,2.86,11.49,13.69,28.03,31.23,35.7,32.0,22.5,25.0,opencv
2898,1.256,3.57,2.70,13.64,13.92,30.27,33.84,33.0,29.5,22.5,25.0,opencv
2899,1.256,3.90,2.50,13.29,13.55,29.34,33.24,34.1,30.1,22.5,25.0,opencv
2900,1.267,3.32,2.66,16.46,13.63,32.76,36.08,30.5,27.7,22.2,25.0,opencv
2901,1.278,3.54,2.65,17.22,13.78,33.64,37.20,29.7,26.9,22.1,25.0,opencv
2902,1.276,3.31,2.55,28.54,14.16,45.24,48.56,22.1,20.6,21.9,25.0,opencv
2903,1.279,3.29,2.76,13.11,13.95,29.82,33.11,33.5,30.2,22.1,25.0,opencv
2904,1.280,4.23,2.46,13.14,14.53,30.13,34.37,33.2,29.1,22.1,25.0,opencv
2905,1.280,3.31,2.43,12.34,14.12,28.88,32.20,34.6,31.1,22.1,25.0,opencv
2906,1.271,4.48,3.04,12.11,14.14,29.29,33.78,34.1,29.6,22.2,25.0,opencv
2907,1.268,3.41,2.44,27.85,13.85,44.14,47.55,22.7,21.0,22.0,25.0,opencv
2908,1.280,3.40,2.42,13.36,14.07,29.85,33.26,33.5,30.1,22.1,25.0,opencv
2909,1.276,3.25,2.85,12.51,13.79,29.15,32.40,34.3,30.9,22.2,25.0,opencv
2910,1.279,3.82,2.38,12.43,13.91,28.71,32.54,34.8,30.7,22.1,25.0,opencv
2911,1.265,3.24,3.19,13.53,14.24,30.96,34.20,32.3,29.2,22.3,25.0,opencv
2912,1.272,3.39,2.62,16.13,14.55,33.31,36.70,30.0,27.2,22.2,25.0,opencv
2913,1.275,3.84,2.47,12.24,13.85,28.55,32.40,35.0,30.9,22.2,25.0,opencv
2914,1.264,3.61,2.44,12.31,13.66,28.41,32.02,35.2,31.2,22.4,25.0,opencv
2915,1.249,3.60,2.70,12.30,13.58,28.58,32.19,35.0,31.1,22.6,25.0,opencv
2916,1.243,3.52,2.55,14.68,14.24,31.47,35.01,31.8,28.6,22.7,25.0,opencv
2917,1.242,3.59,2.56,14.71,14.02,31.29,34.89,32.0,28.7,22.7,25.0,opencv
2918,1.240,3.34,2.49,14.18,14.47,31.14,34.48,32.1,29.0,22.8,25.0,opencv
2919,1.223,3.38,2.55,19.54,14.06,36.14,39.53,27.7,25.3,23.0,25.0,opencv
2920,1.225,3.37,2.44,29.07,13.92,45.43,48.81,22.0,20.5,22.8,25.0,opencv
2921,1.241,3.69,2.62,13.22,14.13,29.97,33.66,33.4,29.7,22.8,25.0,opencv
2922,1.234,3.54,2.97,12.55,14.77,30.29,33.84,33.0,29.6,22.9,25.0,opencv
2923,1.231,3.58,3.12,12.48,13.67,29.28,32.87,34.2,30.4,22.9,25.0,opencv
2924,1.234,2.97,2.56,14.75,13.80,31.11,34.09,32.1,29.3,22.9,25.0,opencv
2925,1.219,3.69,2.43,16.50,13.58,32.51,36.21,30.8,27.6,23.1,25.0,opencv
2926,1.216,3.11,2.38,14.21,13.56,30.15,33.26,33.2,30.1,23.2,25.0,opencv
2927,1.214,3.64,2.78,18.81,14.30,35.89,39.54,27.9,25.3,23.1,25.0,opencv
2928,1.223,3.84,2.77,26.11,13.96,42.84,46.69,23.3,21.4,22.8,25.0,opencv
2929,1.224,3.69,2.50,22.51,13.75,38.75,42.45,25.8,23.6,22.9,25.0,opencv
2930,1.226,3.95,2.86,13.06,14.34,30.25,34.21,33.1,29.2,23.0,25.0,opencv
2931,1.209,3.56,2.81,27.90,13.82,44.53,48.10,22.5,20.8,23.1,25.0,opencv
2932,1.236,4.65,3.25,12.33,13.73,29.32,33.98,34.1,29.4,22.8,25.0,opencv
2933,1.233,3.75,2.53,11.82,13.79,28.14,31.90,35.5,31.3,22.9,25.0,opencv
2934,1.235,3.39,2.46,21.10,13.45,37.01,40.40,27.0,24.8,22.7,25.0,opencv
2935,1.245,3.21,2.90,20.33,13.59,36.82,40.03,27.2,25.0,22.6,25.0,opencv
2936,1.241,3.55,2.81,24.57,14.64,42.02,45.59,23.8,21.9,22.5,25.0,opencv
2937,1.256,3.68,2.69,23.64,14.11,40.43,44.12,24.7,22.7,22.3,25.0,opencv
2938,1.270,3.79,3.06,16.70,13.71,33.47,37.27,29.9,26.8,22.2,25.0,opencv
2939,1.267,3.66,2.71,12.10,14.29,29.11,32.77,34.4,30.5,22.3,25.0,opencv
2940,1.266,3.29,2.48,12.68,14.40,29.56,32.85,33.8,30.4,22.3,25.0,opencv
2941,1.265,3.65,2.56,17.78,13.92,34.26,37.92,29.2,26.4,22.3,25.0,opencv
2942,1.276,3.35,2.42,12.51,13.80,28.73,32.08,34.8,31.2,22.2,25.0,opencv
2943,1.282,3.84,2.53,13.56,13.96,30.05,33.90,33.3,29.5,22.0,25.0,opencv
2944,1.277,3.19,2.55,12.26,13.86,28.67,31.87,34.9,31.4,22.1,25.0,opencv
2945,1.275,3.37,2.88,12.42,14.47,29.77,33.14,33.6,30.2,22.2,25.0,opencv
2946,1.280,3.60,2.65,11.84,14.76,29.26,32.87,34.2,30.4,22.1,25.0,opencv
2947,1.278,3.81,2.72,21.30,14.09,38.11,41.93,26.2,23.9,22.0,25.0,opencv
2948,1.283,3.65,2.98,14.00,13.88,30.86,34.51,32.4,29.0,22.0,25.0,opencv
2949,1.272,3.67,2.45,12.66,14.30,29.41,33.09,34.0,30.2,22.2,25.0,opencv
2950,1.275,3.81,2.78,12.58,13.76,29.12,32.94,34.3,30.4,22.2,25.0,opencv
2951,1.276,3.85,2.76,12.46,14.64,29.87,33.72,33.5,29.7,22.1,25.0,opencv
2952,1.277,3.38,2.33,15.00,13.84,31.16,34.55,32.1,28.9,22.1,25.0,opencv
2953,1.270,3.50,2.96,12.81,13.53,29.30,32.81,34.1,30.5,22.3,25.0,opencv
2954,1.269,3.28,2.39,13.74,14.31,30.44,33.73,32.8,29.6,22.3,25.0,opencv
2955,1.272,3.57,2.50,21.83,14.03,38.36,41.93,26.1,23.8,22.1,25.0,opencv
2956,1.275,3.59,2.71,13.12,13.66,29.48,33.08,33.9,30.2,22.2,25.0,opencv
2957,1.259,3.39,2.42,12.45,13.75,28.62,32.02,34.9,31.2,22.5,25.0,opencv
2958,1.248,3.44,2.71,14.98,14.22,31.90,35.35,31.3,28.3,22.6,25.0,opencv
2959,1.242,3.45,2.82,13.35,14.56,30.73,34.18,32.5,29.3,22.7,25.0,opencv
2960,1.226,3.14,2.40,15.82,14.11,32.32,35.47,30.9,28.2,23.0,25.0,opencv
2961,1.216,3.72,2.67,14.20,13.35,30.23,33.95,33.1,29.5,23.2,25.0,opencv
2962,1.225,3.18,2.55,16.35,13.66,32.56,35.75,30.7,28.0,23.0,25.0,opencv
2963,1.223,3.40,2.50,30.34,13.97,46.82,50.22,21.4,19.9,22.8,25.0,opencv
2964,1.225,3.34,2.86,13.62,13.94,30.42,33.76,32.9,29.6,23.0,25.0,opencv
2965,1.220,3.28,2.59,21.50,13.76,37.86,41.15,26.4,24.3,23.0,25.0,opencv
2966,1.216,3.63,2.53,13.82,14.27,30.63,34.26,32.6,29.2,23.2,25.0,opencv
2967,1.211,3.33,3.06,15.44,14.39,32.89,36.22,30.4,27.6,23.3,25.0,opencv
2968,1.224,4.28,2.40,13.91,13.64,29.95,34.24,33.4,29.2,23.1,25.0,opencv
2969,1.227,3.13,2.53,31.89,14.14,48.57,51.71,20.6,19.3,22.7,25.0,opencv
2970,1.230,3.38,2.90,14.36,14.28,31.54,34.93,31.7,28.6,22.9,25.0,opencv
2971,1.232,3.18,2.88,25.96,14.29,43.12,46.30,23.2,21.6,22.7,25.0,opencv
2972,1.242,3.20,2.80,26.56,13.50,42.86,46.06,23.3,21.7,22.5,25.0,opencv
2973,1.255,3.41,2.68,12.39,13.79,28.86,32.28,34.7,31.0,22.5,25.0,opencv
2974,1.252,3.55,2.68,12.54,14.01,29.23,32.79,34.2,30.5,22.6,25.0,opencv
2975,1.248,3.58,2.52,17.32,14.41,34.25,37.83,29.2,26.4,22.5,25.0,opencv
2976,1.253,3.30,2.59,19.88,14.17,36.64,39.95,27.3,25.0,22.4,25.0,opencv
2977,1.259,3.28,2.61,12.69,13.79,29.09,32.38,34.4,30.9,22.5,25.0,opencv
2978,1.258,3.86,2.99,12.77,14.18,29.93,33.80,33.4,29.6,22.4,25.0,opencv
2979,1.257,3.33,2.46,13.13,13.39,28.98,32.32,34.5,30.9,22.5,25.0,opencv
2980,1.251,3.18,2.46,16.41,13.46,32.33,35.51,30.9,28.2,22.5,25.0,opencv
2981,1.251,3.76,2.64,13.77,13.86,30.28,34.04,33.0,29.4,22.6,25.0,opencv
2982,1.252,4.54,2.83,13.33,14.52,30.68,35.23,32.6,28.4,22.5,25.0,opencv
2983,1.251,3.24,2.29,15.50,13.41,31.20,34.45,32.0,29.0,22.6,25.0,opencv
2984,1.250,3.50,2.48,24.19,13.46,40.13,43.64,24.9,22.9,22.4,25.0,opencv
2985,1.259,3.19,2.45,12.62,13.54,28.62,31.81,34.9,31.4,22.5,25.0,opencv
2986,1.254,3.17,2.70,12.07,14.37,29.14,32.32,34.3,30.9,22.6,25.0,opencv
2987,1.248,3.28,2.64,13.34,13.98,29.96,33.24,33.4,30.1,22.6,25.0,opencv
2988,1.250,3.49,2.57,12.56,14.39,29.52,33.03,33.9,30.3,22.6,25.0,opencv
2989,1.245,3.01,2.45,12.30,13.51,28.26,31.28,35.4,32.0,22.7,25.0,opencv
2990,1.246,3.31,2.53,12.53,13.77,28.83,32.14,34.7,31.1,22.7,25.0,opencv
2991,1.234,3.35,2.59,12.64,13.85,29.09,32.45,34.4,30.8,22.9,25.0,opencv
2992,1.217,3.35,2.46,19.40,13.66,35.52,38.89,28.2,25.7,23.1,25.0,opencv
2993,1.231,3.27,2.37,25.03,14.12,41.51,44.79,24.1,22.3,22.7,25.0,opencv
2994,1.222,3.47,2.70,13.84,13.87,30.41,33.89,32.9,29.5,23.1,25.0,opencv
2995,1.223,3.56,2.88,14.99,14.32,32.19,35.77,31.1,28.0,23.0,25.0,opencv
2996,1.229,3.31,2.54,19.60,13.77,35.91,39.23,27.8,25.5,22.9,25.0,opencv
2997,1.227,3.31,2.57,21.31,13.40,37.28,40.60,26.8,24.6,22.9,25.0,opencv
2998,1.209,3.48,3.07,12.96,13.83,29.86,33.36,33.5,30.0,23.3,25.0,opencv
2999,1.214,3.45,2.64,13.91,13.84,30.39,33.85,32.9,29.5,23.2,25.0,opencv
3000,1.194,3.73,3.15,12.95,13.98,30.08,33.82,33.2,29.6,23.6,25.0,opencv
3001,1.181,3.15,2.69,14.81,14.39,31.89,35.05,31.4,28.5,23.8,25.0,opencv
3002,1.197,3.20,2.36,23.91,13.67,39.94,43.15,25.0,23.2,23.4,25.0,opencv
3003,1.212,3.11,2.79,15.30,13.30,31.39,34.51,31.9,29.0,23.3,25.0,opencv
3004,1.206,3.84,2.51,17.17,13.93,33.60,37.45,29.8,26.7,23.3,25.0,opencv
3005,1.195,3.47,2.75,14.42,14.83,31.99,35.46,31.3,28.2,23.6,25.0,opencv
3006,1.194,4.02,2.39,16.97,13.69,33.05,37.08,30.3,27.0,23.6,25.0,opencv
3007,1.199,3.64,2.73,20.01,12.93,35.68,39.33,28.0,25.4,23.4,25.0,opencv
3008,1.209,3.76,2.61,13.01,13.45,29.07,32.84,34.4,30.4,23.3,25.0,opencv
3009,1.209,4.02,2.76,12.52,14.49,29.77,33.80,33.6,29.6,23.3,25.0,opencv
3010,1.214,3.31,2.84,13.33,13.94,30.12,33.44,33.2,29.9,23.3,25.0,opencv
3011,1.223,3.44,2.62,14.11,14.31,31.04,34.49,32.2,29.0,23.1,25.0,opencv
3012,1.222,3.67,2.75,21.31,13.86,37.93,41.60,26.4,24.0,22.9,25.0,opencv
3013,1.219,3.43,2.77,20.69,13.95,37.41,40.85,26.7,24.5,23.0,25.0,opencv
3014,1.231,3.72,2.48,25.22,13.82,41.52,45.25,24.1,22.1,22.7,25.0,opencv
3015,1.248,3.61,2.59,27.89,14.21,44.69,48.31,22.4,20.7,22.4,25.0,opencv
3016,1.270,3.53,3.19,25.14,13.94,42.27,45.81,23.7,21.8,22.0,25.0,opencv
3017,1.281,3.94,2.69,12.67,13.75,29.11,33.06,34.3,30.2,22.1,25.0,opencv
3018,1.288,3.21,2.62,12.51,13.58,28.71,31.93,34.8,31.3,22.0,25.0,opencv
3019,1.287,3.77,2.70,12.91,13.75,29.36,33.14,34.1,30.2,22.0,25.0,opencv
3020,1.292,3.45,2.49,12.89,13.87,29.24,32.69,34.2,30.6,21.9,25.0,opencv
3021,1.282,3.75,3.22,13.17,14.65,31.04,34.80,32.2,28.7,22.0,25.0,opencv
3022,1.273,3.36,2.52,22.50,13.72,38.73,42.10,25.8,23.8,22.1,25.0,opencv
3023,1.289,3.29,2.65,13.25,13.66,29.57,32.87,33.8,30.4,21.9,25.0,opencv
3024,1.286,3.92,2.46,13.23,13.67,29.36,33.29,34.1,30.0,22.0,25.0,opencv
3025,1.277,3.42,2.79,14.55,13.94,31.28,34.71,32.0,28.8,22.1,25.0,opencv
3026,1.270,3.60,2.69,12.12,14.66,29.47,33.08,33.9,30.2,22.3,25.0,opencv
3027,1.271,3.36,2.35,17.25,13.97,33.57,36.93,29.8,27.1,22.2,25.0,opencv
3028,1.270,3.95,3.07,17.85,13.92,34.84,38.80,28.7,25.8,22.1,25.0,opencv
3029,1.280,3.25,2.81,14.75,13.63,31.19,34.45,32.1,29.0,22.1,25.0,opencv
3030,1.280,4.04,2.34,12.59,14.53,29.46,33.51,33.9,29.8,22.1,25.0,opencv
3031,1.261,3.63,2.73,15.49,14.45,32.67,36.31,30.6,27.5,22.4,25.0,opencv
3032,1.262,3.38,2.34,23.42,13.67,39.43,42.82,25.4,23.4,22.2,25.0,opencv
3033,1.268,3.37,2.25,13.82,13.60,29.67,33.04,33.7,30.3,22.3,25.0,opencv
3034,1.266,3.52,2.72,12.19,13.53,28.45,31.97,35.2,31.3,22.3,25.0,opencv
3035,1.265,3.62,2.71,12.69,13.87,29.26,32.89,34.2,30.4,22.3,25.0,opencv
3036,1.255,3.20,2.61,14.21,14.57,31.39,34.59,31.9,28.9,22.5,25.0,opencv
3037,1.256,3.41,2.57,15.50,13.84,31.92,35.33,31.3,28.3,22.5,25.0,opencv
3038,1.256,3.37,2.42,13.17,13.33,28.92,32.30,34.6,31.0,22.5,25.0,opencv
3039,1.254,3.43,2.55,13.89,13.60,30.04,33.48,33.3,29.9,22.5,25.0,opencv
3040,1.245,3.39,2.70,20.04,13.51,36.26,39.65,27.6,25.2,22.6,25.0,opencv
3041,1.247,3.73,2.46,14.56,14.16,31.18,34.92,32.1,28.6,22.6,25.0,opencv
3042,1.235,3.40,2.70,25.13,13.48,41.31,44.72,24.2,22.4,22.7,25.0,opencv
3043,1.230,3.66,2.65,13.04,14.03,29.73,33.39,33.6,29.9,23.0,25.0,opencv
3044,1.216,3.42,2.84,13.62,13.65,30.11,33.54,33.2,29.8,23.2,25.0,opencv
3045,1.197,3.37,2.49,13.24,14.00,29.74,33.12,33.6,30.2,23.6,25.0,opencv
3046,1.200,3.71,2.73,11.52,13.84,28.10,31.81,35.6,31.4,23.5,25.0,opencv
3047,1.199,3.41,2.61,15.71,14.13,32.45,35.87,30.8,27.9,23.5,25.0,opencv
3048,1.199,3.27,2.61,27.95,13.51,44.07,47.34,22.7,21.1,23.3,25.0,opencv
3049,1.210,3.52,2.87,13.60,14.17,30.64,34.18,32.6,29.3,23.3,25.0,opencv
3050,1.215,3.24,2.73,18.63,13.84,35.20,38.44,28.4,26.0,23.1,25.0,opencv
3051,1.204,3.58,2.45,11.89,14.61,28.95,32.54,34.5,30.7,23.5,25.0,opencv
3052,1.197,3.37,2.79,13.37,14.54,30.70,34.07,32.6,29.4,23.6,25.0,opencv
3053,1.195,3.82,3.10,13.76,13.84,30.71,34.53,32.6,29.0,23.6,25.0,opencv
3054,1.200,3.74,2.70,14.41,14.05,31.17,34.91,32.1,28.6,23.5,25.0,opencv
3055,1.202,3.64,2.70,12.28,14.11,29.09,32.74,34.4,30.5,23.5,25.0,opencv
3056,1.202,3.27,2.44,12.82,14.13,29.39,32.67,34.0,30.6,23.5,25.0,opencv
3057,1.197,3.52,2.57,21.04,14.23,37.84,41.36,26.4,24.2,23.4,25.0,opencv
3058,1.204,3.63,2.78,16.65,14.21,33.64,37.28,29.7,26.8,23.4,25.0,opencv
3059,1.204,3.45,2.55,19.14,15.10,36.79,40.25,27.2,24.8,23.3,25.0,opencv
3060,1.210,3.21,2.42,23.03,14.17,39.63,42.84,25.2,23.3,23.1,25.0,opencv
3061,1.206,3.59,2.38,26.04,13.78,42.20,45.79,23.7,21.8,23.2,25.0,opencv
3062,1.223,3.88,2.70,13.43,14.60,30.72,34.62,32.5,28.9,23.1,25.0,opencv
3063,1.225,3.49,2.33,12.51,14.05,28.89,32.38,34.6,30.9,23.1,25.0,opencv
3064,1.217,3.26,2.48,12.66,13.51,28.66,31.92,34.9,31.3,23.2,25.0,opencv
3065,1.212,3.23,2.43,16.37,13.51,32.31,35.55,30.9,28.1,23.2,25.0,opencv
3066,1.209,3.52,2.48,27.46,13.73,43.67,47.20,22.9,21.2,23.1,25.0,opencv
3067,1.223,3.86,3.02,13.56,14.13,30.71,34.58,32.6,28.9,23.1,25.0,opencv
3068,1.221,3.66,2.53,12.26,14.20,28.99,32.66,34.5,30.6,23.1,25.0,opencv
3069,1.215,3.37,2.50,13.00,15.24,30.75,34.13,32.5,29.3,23.2,25.0,opencv
3070,1.210,3.70,2.98,12.57,14.01,29.56,33.27,33.8,30.1,23.3,25.0,opencv
3071,1.202,3.43,2.45,12.48,13.77,28.70,32.14,34.8,31.1,23.5,25.0,opencv
3072,1.204,4.05,2.50,12.25,14.89,29.63,33.69,33.7,29.7,23.4,25.0,opencv
3073,1.208,3.31,2.54,12.47,14.23,29.23,32.55,34.2,30.7,23.4,25.0,opencv
3074,1.210,3.33,2.76,28.70,13.78,45.24,48.57,22.1,20.6,23.0,25.0,opencv
3075,1.231,3.90,2.58,16.03,13.92,32.53,36.43,30.7,27.4,22.9,25.0,opencv
3076,1.228,3.41,2.55,11.73,13.96,28.24,31.66,35.4,31.6,23.0,25.0,opencv
3077,1.216,3.32,2.86,22.88,14.53,40.27,43.61,24.8,22.9,23.0,25.0,opencv
3078,1.229,3.40,2.59,13.67,14.11,30.37,33.77,32.9,29.6,23.0,25.0,opencv
3079,1.226,3.47,2.40,22.76,13.68,38.84,42.32,25.7,23.6,22.9,25.0,opencv
3080,1.241,3.57,2.52,11.80,13.67,27.99,31.57,35.7,31.7,22.8,25.0,opencv
3081,1.244,3.60,2.68,15.40,13.93,32.02,35.62,31.2,28.1,22.7,25.0,opencv
3082,1.246,3.19,2.82,28.27,13.74,44.83,48.02,22.3,20.8,22.4,25.0,opencv
3083,1.255,3.86,2.39,13.01,13.72,29.11,32.98,34.3,30.3,22.5,25.0,opencv
3084,1.258,3.34,2.56,11.98,14.61,29.15,32.49,34.3,30.8,22.5,25.0,opencv
3085,1.258,3.52,2.79,27.33,14.77,44.89,48.42,22.3,20.7,22.2,25.0,opencv
3086,1.268,3.22,2.60,24.58,13.60,40.78,44.00,24.5,22.7,22.1,25.0,opencv
3087,1.273,3.52,2.76,12.28,13.68,28.72,32.25,34.8,31.0,22.2,25.0,opencv
3088,1.269,3.47,2.71,11.67,13.58,27.96,31.44,35.8,31.8,22.3,25.0,opencv
3089,1.259,4.11,2.67,12.52,13.64,28.84,32.96,34.7,30.3,22.5,25.0,opencv
3090,1.248,4.00,2.71,12.44,13.69,28.83,32.84,34.7,30.4,22.6,25.0,opencv
3091,1.239,3.37,2.59,12.28,14.27,29.14,32.52,34.3,30.8,22.8,25.0,opencv
3092,1.243,3.70,3.06,14.76,14.35,32.16,35.87,31.1,27.9,22.7,25.0,opencv
3093,1.255,3.38,2.63,14.89,14.39,31.91,35.30,31.3,28.3,22.5,25.0,opencv
3094,1.263,3.23,2.54,11.77,14.25,28.57,31.80,35.0,31.4,22.4,25.0,opencv
3095,1.254,3.76,2.67,13.12,13.55,29.34,33.11,34.1,30.2,22.5,25.0,opencv
3096,1.257,3.42,2.48,12.22,13.47,28.17,31.60,35.5,31.6,22.5,25.0,opencv
3097,1.262,3.55,2.69,12.42,14.08,29.18,32.74,34.3,30.5,22.4,25.0,opencv
3098,1.261,3.51,2.51,13.88,13.64,30.02,33.54,33.3,29.8,22.4,25.0,opencv
3099,1.266,3.45,2.56,25.14,13.59,41.30,44.76,24.2,22.3,22.1,25.0,opencv
3100,1.276,3.55,3.00,14.16,14.30,31.46,35.02,31.8,28.6,22.1,25.0,opencv
3101,1.279,4.10,2.73,22.09,14.42,39.24,43.35,25.5,23.1,21.9,25.0,opencv
3102,1.284,3.07,2.24,15.15,14.38,31.77,34.85,31.5,28.7,22.0,25.0,opencv
3103,1.271,3.94,2.60,13.35,13.94,29.89,33.83,33.5,29.6,22.2,25.0,opencv
3104,1.262,3.53,2.65,14.19,13.88,30.72,34.26,32.6,29.2,22.4,25.0,opencv
3105,1.266,3.68,2.89,13.30,13.76,29.95,33.64,33.4,29.7,22.3,25.0,opencv
3106,1.253,3.52,2.82,14.22,13.65,30.69,34.22,32.6,29.2,22.5,25.0,opencv
3107,1.256,3.68,2.93,13.07,13.99,29.99,33.68,33.3,29.7,22.5,25.0,opencv
3108,1.245,3.32,2.64,14.51,13.68,30.83,34.15,32.4,29.3,22.7,25.0,opencv
3109,1.244,3.91,2.31,21.66,14.15,38.12,42.04,26.2,23.8,22.5,25.0,opencv
3110,1.249,3.37,2.44,13.92,13.48,29.84,33.22,33.5,30.1,22.6,25.0,opencv
3111,1.236,3.47,3.04,12.78,14.10,29.92,33.40,33.4,29.9,22.8,25.0,opencv
3112,1.230,3.53,2.42,12.41,13.47,28.29,31.83,35.3,31.4,23.0,25.0,opencv
3113,1.234,3.53,2.55,12.98,13.75,29.29,32.83,34.1,30.5,22.9,25.0,opencv
3114,1.218,3.45,2.74,20.28,13.96,36.98,40.44,27.0,24.7,23.0,25.0,opencv
3115,1.218,3.28,2.53,14.36,13.96,30.86,34.14,32.4,29.3,23.2,25.0,opencv
3116,1.223,3.46,2.90,25.11,14.80,42.81,46.27,23.4,21.6,22.9,25.0,opencv
3117,1.234,3.44,3.02,13.43,13.97,30.43,33.87,32.9,29.5,22.9,25.0,opencv
3118,1.235,3.39,2.51,13.63,13.88,30.01,33.40,33.3,29.9,22.9,25.0,opencv
3119,1.231,3.81,2.78,12.56,13.51,28.85,32.68,34.7,30.6,22.9,25.0,opencv
3120,1.235,3.36,2.74,13.82,13.63,30.19,33.56,33.1,29.8,22.9,25.0,opencv
3121,1.231,3.30,3.00,13.62,13.82,30.44,33.75,32.9,29.6,22.9,25.0,opencv
3122,1.231,3.19,2.30,13.07,13.47,28.84,32.03,34.7,31.2,23.0,25.0,opencv
3123,1.230,3.47,2.57,22.32,13.82,38.71,42.19,25.8,23.7,22.8,25.0,opencv
3124,1.239,4.33,2.49,13.20,14.01,29.70,34.04,33.7,29.4,22.8,25.0,opencv
3125,1.240,3.51,2.57,13.01,14.00,29.58,33.10,33.8,30.2,22.8,25.0,opencv
3126,1.233,3.53,2.55,13.47,13.84,29.86,33.40,33.5,29.9,22.9,25.0,opencv
3127,1.231,3.74,2.32,14.61,13.51,30.44,34.20,32.8,29.2,22.9,25.0,opencv
3128,1.216,3.37,2.66,14.93,14.45,32.04,35.41,31.2,28.2,23.2,25.0,opencv
3129,1.214,3.26,2.71,15.04,13.45,31.20,34.47,32.0,29.0,23.2,25.0,opencv
3130,1.206,3.40,2.62,11.74,13.79,28.15,31.55,35.5,31.7,23.4,25.0,opencv
3131,1.208,3.92,2.47,15.50,14.53,32.50,36.43,30.8,27.5,23.3,25.0,opencv
3132,1.210,3.57,2.60,27.03,13.89,43.52,47.09,23.0,21.2,23.1,25.0,opencv
3133,1.224,3.94,2.38,23.65,13.75,39.77,43.72,25.1,22.9,22.9,25.0,opencv
3134,1.234,3.48,2.61,14.01,14.03,30.65,34.14,32.6,29.3,22.9,25.0,opencv
3135,1.233,3.42,2.41,12.05,14.05,28.51,31.94,35.1,31.3,22.9,25.0,opencv
3136,1.231,3.37,2.58,12.29,13.61,28.48,31.86,35.1,31.4,23.0,25.0,opencv
3137,1.224,3.35,2.48,17.86,13.48,33.82,37.18,29.6,26.9,23.0,25.0,opencv
3138,1.225,3.60,2.45,18.99,13.53,34.97,38.57,28.6,25.9,23.0,25.0,opencv
3139,1.232,3.64,2.61,16.67,14.09,33.37,37.02,30.0,27.0,22.8,25.0,opencv
3140,1.233,3.37,2.59,11.77,14.10,28.47,31.85,35.1,31.4,22.9,25.0,opencv
3141,1.237,3.94,2.61,14.54,14.58,31.72,35.67,31.5,28.0,22.8,25.0,opencv
3142,1.234,3.09,2.30,12.35,14.03,28.68,31.77,34.9,31.5,22.9,25.0,opencv
3143,1.225,3.69,2.76,14.50,14.44,31.70,35.40,31.5,28.2,23.0,25.0,opencv
3144,1.214,3.35,2.39,13.01,13.58,28.99,32.35,34.5,30.9,23.3,25.0,opencv
3145,1.200,3.73,2.58,12.27,13.64,28.49,32.23,35.1,31.0,23.5,25.0,opencv
3146,1.212,3.19,2.44,24.40,13.55,40.39,43.58,24.8,22.9,23.1,25.0,opencv
3147,1.218,4.33,2.79,13.33,13.76,29.88,34.22,33.5,29.2,23.2,25.0,opencv
3148,1.232,3.59,2.59,14.78,13.84,31.21,34.81,32.0,28.7,22.9,25.0,opencv
3149,1.233,3.59,2.43,13.90,14.01,30.34,33.93,33.0,29.5,22.9,25.0,opencv
3150,1.234,3.70,2.82,18.46,14.60,35.88,39.58,27.9,25.3,22.8,25.0,opencv
3151,1.239,3.45,2.61,14.26,13.77,30.64,34.09,32.6,29.3,22.8,25.0,opencv
3152,1.232,3.86,2.42,13.23,13.47,29.12,33.00,34.3,30.3,22.9,25.0,opencv
3153,1.232,3.85,2.36,20.04,14.11,36.50,40.36,27.4,24.8,22.8,25.0,opencv
3154,1.243,3.63,2.56,12.94,13.61,29.12,32.75,34.3,30.5,22.7,25.0,opencv
3155,1.247,3.24,2.48,16.60,13.58,32.66,35.91,30.6,27.9,22.6,25.0,opencv
3156,1.247,3.57,2.85,12.85,14.94,30.64,34.22,32.6,29.2,22.6,25.0,opencv
3157,1.246,3.13,2.51,18.14,13.93,34.58,37.72,28.9,26.5,22.6,25.0,opencv
3158,1.257,3.60,2.42,20.95,13.78,37.15,40.76,26.9,24.5,22.3,25.0,opencv
3159,1.268,3.10,2.60,19.94,13.84,36.37,39.48,27.5,25.3,22.2,25.0,opencv
3160,1.273,3.25,2.75,19.98,13.56,36.28,39.54,27.6,25.3,22.1,25.0,opencv
3161,1.267,3.22,2.81,12.00,14.40,29.21,32.45,34.2,30.8,22.3,25.0,opencv
3162,1.253,3.88,2.37,12.44,14.17,28.98,32.87,34.5,30.4,22.5,25.0,opencv
3163,1.256,3.28,2.29,12.44,13.75,28.48,31.76,35.1,31.5,22.5,25.0,opencv
3164,1.259,3.55,2.80,12.73,13.61,29.13,32.69,34.3,30.6,22.5,25.0,opencv
3165,1.259,3.59,2.52,14.25,14.09,30.87,34.46,32.4,29.0,22.4,25.0,opencv
3166,1.259,4.09,2.94,19.90,13.65,36.49,40.60,27.4,24.6,22.3,25.0,opencv
3167,1.259,4.05,2.46,12.76,13.11,28.33,32.39,35.3,30.9,22.5,25.0,opencv
3168,1.254,3.47,2.66,12.09,13.86,28.61,32.10,34.9,31.2,22.6,25.0,opencv
3169,1.259,3.85,2.39,13.05,14.15,29.59,33.44,33.8,29.9,22.4,25.0,opencv
3170,1.254,3.43,2.35,12.47,14.05,28.87,32.30,34.6,31.0,22.5,25.0,opencv
3171,1.261,4.27,2.55,13.40,14.50,30.46,34.73,32.8,28.8,22.4,25.0,opencv
3172,1.258,3.48,2.33,12.37,13.77,28.47,31.96,35.1,31.3,22.5,25.0,opencv
3173,1.260,3.46,2.97,12.09,14.50,29.56,33.02,33.8,30.3,22.4,25.0,opencv
3174,1.261,3.14,2.32,13.09,13.73,29.14,32.29,34.3,31.0,22.4,25.0,opencv
3175,1.241,3.59,2.84,13.07,13.43,29.34,32.94,34.1,30.4,22.8,25.0,opencv
3176,1.240,3.16,2.42,14.11,14.24,30.77,33.93,32.5,29.5,22.8,25.0,opencv
3177,1.229,3.41,2.62,16.12,13.80,32.54,35.96,30.7,27.8,22.9,25.0,opencv
3178,1.230,3.39,2.39,37.68,13.70,53.77,57.16,18.6,17.5,22.5,25.0,opencv
3179,1.244,3.63,3.18,21.28,14.11,38.57,42.21,25.9,23.7,22.5,25.0,opencv
3180,1.250,3.81,3.04,13.16,14.00,30.21,34.02,33.1,29.4,22.6,25.0,opencv
3181,1.246,3.25,2.63,12.92,14.49,30.04,33.29,33.3,30.0,22.7,25.0,opencv
3182,1.231,3.05,2.40,12.08,14.13,28.60,31.65,35.0,31.6,23.0,25.0,opencv
3183,1.224,3.76,2.57,12.19,14.27,29.03,32.80,34.4,30.5,23.1,25.0,opencv
3184,1.218,3.74,3.17,12.31,13.70,29.18,32.93,34.3,30.4,23.2,25.0,opencv
3185,1.219,3.09,2.52,14.35,13.46,30.34,33.43,33.0,29.9,23.1,25.0,opencv
3186,1.216,3.48,2.86,14.13,14.06,31.05,34.54,32.2,29.0,23.2,25.0,opencv
3187,1.202,4.10,2.34,12.56,13.94,28.84,32.95,34.7,30.3,23.5,25.0,opencv
3188,1.191,3.35,2.34,15.19,13.61,31.14,34.50,32.1,29.0,23.7,25.0,opencv
3189,1.181,3.52,2.69,19.58,14.59,36.86,40.38,27.1,24.8,23.7,25.0,opencv
3190,1.185,3.20,2.54,14.31,14.07,30.93,34.13,32.3,29.3,23.8,25.0,opencv
3191,1.189,3.34,2.50,16.95,13.24,32.69,36.04,30.6,27.7,23.7,25.0,opencv
3192,1.193,4.04,2.66,11.98,13.47,28.11,32.16,35.6,31.1,23.7,25.0,opencv
3193,1.196,4.09,2.63,11.98,14.44,29.05,33.14,34.4,30.2,23.6,25.0,opencv
3194,1.202,3.29,2.38,17.29,14.37,34.05,37.34,29.4,26.8,23.4,25.0,opencv
3195,1.202,3.36,2.46,14.88,13.63,30.97,34.34,32.3,29.1,23.4,25.0,opencv
3196,1.200,3.46,2.44,17.57,14.66,34.67,38.14,28.8,26.2,23.4,25.0,opencv
3197,1.207,3.61,2.45,22.21,13.93,38.59,42.21,25.9,23.7,23.2,25.0,opencv
3198,1.215,3.97,2.47,12.85,13.75,29.07,33.05,34.4,30.3,23.2,25.0,opencv
3199,1.217,3.48,2.43,13.23,14.02,29.68,33.16,33.7,30.2,23.2,25.0,opencv
3200,1.212,3.70,2.84,11.70,14.42,28.97,32.67,34.5,30.6,23.3,25.0,opencv
3201,1.214,3.55,2.37,16.28,13.93,32.58,36.14,30.7,27.7,23.2,25.0,opencv
3202,1.218,3.28,2.34,27.49,13.60,43.43,46.72,23.0,21.4,22.9,25.0,opencv
3203,1.231,3.94,2.40,17.27,14.29,33.95,37.90,29.5,26.4,22.9,25.0,opencv
3204,1.232,3.34,2.56,32.74,13.69,49.00,52.35,20.4,19.1,22.6,25.0,opencv
3205,1.250,3.31,2.54,12.78,13.66,28.98,32.30,34.5,31.0,22.6,25.0,opencv
3206,1.247,3.72,2.59,14.36,14.13,31.08,34.81,32.2,28.7,22.6,25.0,opencv
3207,1.225,3.90,2.58,12.96,13.88,29.42,33.33,34.0,30.0,23.0,25.0,opencv
3208,1.219,3.66,2.82,14.60,14.38,31.80,35.47,31.4,28.2,23.1,25.0,opencv
3209,1.217,3.29,2.81,12.40,13.53,28.73,32.03,34.8,31.2,23.2,25.0,opencv
3210,1.222,3.29,2.54,12.51,13.49,28.53,31.83,35.0,31.4,23.1,25.0,opencv
3211,1.230,4.02,2.29,28.19,13.96,44.43,48.46,22.5,20.6,22.7,25.0,opencv
3212,1.250,3.63,2.32,13.57,14.18,30.07,33.70,33.3,29.7,22.6,25.0,opencv
3213,1.255,3.87,2.53,12.97,13.91,29.41,33.29,34.0,30.0,22.5,25.0,opencv
3214,1.254,3.25,2.38,22.97,13.51,38.86,42.11,25.7,23.7,22.4,25.0,opencv
3215,1.265,3.48,2.92,16.66,13.96,33.54,37.02,29.8,27.0,22.3,25.0,opencv
3216,1.281,4.37,2.84,18.55,14.22,35.60,39.98,28.1,25.0,22.0,25.0,opencv
3217,1.287,3.44,2.51,19.71,13.49,35.71,39.16,28.0,25.5,21.9,25.0,opencv
3218,1.285,3.29,2.39,27.71,13.27,43.37,46.67,23.1,21.4,21.8,25.0,opencv
3219,1.296,3.78,2.37,13.55,13.97,29.89,33.68,33.5,29.7,21.8,25.0,opencv
3220,1.291,4.05,2.93,11.94,14.15,29.02,33.08,34.5,30.2,21.9,25.0,opencv
3221,1.290,3.55,2.30,13.09,13.62,29.01,32.57,34.5,30.7,21.9,25.0,opencv
3222,1.281,3.35,2.26,12.53,14.01,28.80,32.15,34.7,31.1,22.1,25.0,opencv
3223,1.267,4.23,2.82,13.03,14.03,29.87,34.11,33.5,29.3,22.3,25.0,opencv
3224,1.259,3.09,2.39,12.32,14.13,28.84,31.94,34.7,31.3,22.5,25.0,opencv
3225,1.256,4.19,2.98,13.39,13.68,30.05,34.25,33.3,29.2,22.5,25.0,opencv
3226,1.242,3.20,2.55,12.33,13.67,28.55,31.76,35.0,31.5,22.8,25.0,opencv
3227,1.237,3.82,2.71,12.44,13.96,29.11,32.94,34.4,30.4,22.8,25.0,opencv
3228,1.242,3.63,2.60,14.90,13.73,31.24,34.88,32.0,28.7,22.7,25.0,opencv
3229,1.243,3.53,2.50,11.85,14.28,28.64,32.17,34.9,31.1,22.7,25.0,opencv
3230,1.239,3.51,2.97,14.01,14.14,31.12,34.63,32.1,28.9,22.8,25.0,opencv
3231,1.225,3.45,2.38,13.59,13.84,29.82,33.27,33.5,30.1,23.0,25.0,opencv
3232,1.219,3.21,2.53,13.74,14.12,30.38,33.59,32.9,29.8,23.1,25.0,opencv
3233,1.199,3.50,2.78,15.74,13.89,32.40,35.91,30.9,27.8,23.5,25.0,opencv
3234,1.202,3.28,2.62,12.05,14.12,28.79,32.08,34.7,31.2,23.5,25.0,opencv
3235,1.200,3.43,3.11,12.38,14.01,29.50,32.94,33.9,30.4,23.5,25.0,opencv
3236,1.202,3.85,2.43,12.19,13.73,28.35,32.20,35.3,31.1,23.5,25.0,opencv
3237,1.200,3.28,2.69,12.52,13.98,29.19,32.48,34.3,30.8,23.5,25.0,opencv
3238,1.205,3.70,2.48,12.98,14.15,29.61,33.32,33.8,30.0,23.4,25.0,opencv
3239,1.200,3.35,2.34,15.35,14.14,31.83,35.18,31.4,28.4,23.5,25.0,opencv
3240,1.192,3.36,2.38,21.11,14.17,37.66,41.03,26.6,24.4,23.5,25.0,opencv
3241,1.203,3.75,2.93,15.43,14.38,32.74,36.50,30.5,27.4,23.4,25.0,opencv
3242,1.212,3.87,3.02,13.37,13.47,29.85,33.73,33.5,29.6,23.3,25.0,opencv
3243,1.211,4.37,2.62,22.58,13.44,38.63,43.02,25.9,23.2,23.1,25.0,opencv
3244,1.216,3.78,3.13,13.12,13.94,30.19,33.98,33.1,29.4,23.2,25.0,opencv
3245,1.207,3.90,2.58,23.11,14.47,40.16,44.06,24.9,22.7,23.2,25.0,opencv
3246,1.208,3.21,2.49,13.99,14.33,30.82,34.03,32.4,29.4,23.4,25.0,opencv
3247,1.199,3.67,2.58,12.80,14.68,30.05,33.73,33.3,29.6,23.5,25.0,opencv
3248,1.207,3.39,2.90,12.33,14.21,29.44,32.83,34.0,30.5,23.4,25.0,opencv
3249,1.208,3.06,2.47,12.10,13.72,28.29,31.36,35.3,31.9,23.4,25.0,opencv
3250,1.209,3.37,2.68,12.47,13.48,28.63,32.00,34.9,31.2,23.4,25.0,opencv
3251,1.214,4.10,2.59,17.85,14.68,35.12,39.23,28.5,25.5,23.1,25.0,opencv
3252,1.218,3.40,2.92,29.05,13.97,45.94,49.35,21.8,20.3,22.9,25.0,opencv
3253,1.231,3.00,2.40,12.92,13.78,29.10,32.11,34.4,31.1,23.0,25.0,opencv
3254,1.228,3.31,2.52,12.34,14.09,28.95,32.26,34.5,31.0,23.0,25.0,opencv
3255,1.232,3.34,2.96,14.20,13.96,31.13,34.47,32.1,29.0,22.9,25.0,opencv
3256,1.236,3.37,2.53,22.84,14.41,39.79,43.16,25.1,23.2,22.7,25.0,opencv
3257,1.240,3.07,2.41,12.91,13.74,29.06,32.14,34.4,31.1,22.8,25.0,opencv
3258,1.242,3.89,2.79,12.45,13.55,28.79,32.69,34.7,30.6,22.7,25.0,opencv
3259,1.240,3.32,2.67,12.59,14.66,29.92,33.24,33.4,30.1,22.8,25.0,opencv
3260,1.241,3.36,2.58,12.69,14.13,29.40,32.77,34.0,30.5,22.8,25.0,opencv
3261,1.244,3.54,2.29,12.45,14.57,29.32,32.86,34.1,30.4,22.7,25.0,opencv
3262,1.243,3.15,2.49,11.82,14.63,28.94,32.09,34.6,31.2,22.7,25.0,opencv
3263,1.239,3.52,2.55,12.93,13.80,29.27,32.80,34.2,30.5,22.8,25.0,opencv
3264,1.243,3.31,2.43,12.73,13.69,28.86,32.18,34.7,31.1,22.7,25.0,opencv
3265,1.242,3.09,2.88,12.79,14.49,30.16,33.26,33.2,30.1,22.7,25.0,opencv
3266,1.246,3.29,2.34,20.59,13.94,36.87,40.17,27.1,24.9,22.6,25.0,opencv
3267,1.255,3.08,2.60,18.99,13.72,35.32,38.40,28.3,26.0,22.4,25.0,opencv
3268,1.262,3.24,2.55,17.09,14.15,33.79,37.03,29.6,27.0,22.3,25.0,opencv
3269,1.246,3.60,2.74,14.68,14.27,31.69,35.30,31.6,28.3,22.6,25.0,opencv
3270,1.237,3.53,2.40,18.17,14.74,35.31,38.85,28.3,25.7,22.7,25.0,opencv
3271,1.238,3.88,2.42,11.95,13.98,28.34,32.23,35.3,31.0,22.8,25.0,opencv
3272,1.220,3.44,2.58,20.54,13.69,36.81,40.26,27.2,24.8,23.0,25.0,opencv
3273,1.227,3.37,2.37,13.69,13.67,29.73,33.10,33.6,30.2,23.0,25.0,opencv
3274,1.216,3.42,2.71,13.58,13.59,29.87,33.31,33.5,30.0,23.2,25.0,opencv
3275,1.223,3.59,2.92,17.38,14.35,34.65,38.24,28.9,26.2,23.0,25.0,opencv
3276,1.225,3.47,2.67,12.70,14.10,29.47,32.95,33.9,30.3,23.1,25.0,opencv
3277,1.217,3.51,2.83,12.96,14.18,29.97,33.50,33.4,29.9,23.2,25.0,opencv
3278,1.218,3.49,2.36,14.77,14.29,31.41,34.90,31.8,28.6,23.1,25.0,opencv
3279,1.219,3.69,2.80,13.04,13.83,29.67,33.37,33.7,30.0,23.2,25.0,opencv
3280,1.212,3.41,2.57,12.31,13.81,28.69,32.11,34.9,31.1,23.3,25.0,opencv
3281,1.197,3.63,2.81,12.70,14.49,30.00,33.64,33.3,29.7,23.6,25.0,opencv
3282,1.198,3.21,2.59,12.16,13.88,28.64,31.85,34.9,31.4,23.6,25.0,opencv
3283,1.200,3.48,2.73,13.21,14.12,30.06,33.55,33.3,29.8,23.5,25.0,opencv
3284,1.197,3.89,2.85,12.80,13.94,29.59,33.63,33.8,29.7,23.6,25.0,opencv
3285,1.187,3.51,2.61,12.76,14.66,30.02,33.54,33.3,29.8,23.8,25.0,opencv
3286,1.186,3.58,2.72,13.42,14.13,30.28,33.86,33.0,29.5,23.8,25.0,opencv
3287,1.184,4.05,3.58,12.12,14.55,30.25,34.31,33.1,29.1,23.8,25.0,opencv
3288,1.183,3.12,2.39,28.02,13.57,43.98,47.11,22.7,21.2,23.6,25.0,opencv
3289,1.194,3.20,2.39,13.57,13.91,29.87,33.08,33.5,30.2,23.6,25.0,opencv
3290,1.194,3.54,2.65,18.21,14.52,35.38,38.93,28.3,25.7,23.5,25.0,opencv
3291,1.207,3.82,2.68,35.08,13.91,51.67,55.50,19.4,18.0,23.0,25.0,opencv
3292,1.234,3.16,2.74,14.41,13.83,30.98,34.15,32.3,29.3,22.9,25.0,opencv
3293,1.233,3.23,2.29,12.17,14.09,28.55,31.79,35.0,31.5,22.9,25.0,opencv
3294,1.234,3.33,2.91,13.22,14.08,30.21,33.55,33.1,29.8,22.9,25.0,opencv
3295,1.223,3.93,2.44,12.77,14.17,29.38,33.32,34.0,30.0,23.1,25.0,opencv
3296,1.214,2.94,2.40,12.86,13.92,29.17,32.12,34.3,31.1,23.3,25.0,opencv
3297,1.206,3.79,2.66,13.03,13.71,29.40,33.20,34.0,30.1,23.4,25.0,opencv
3298,1.209,3.22,2.51,12.30,13.87,28.68,31.90,34.9,31.3,23.4,25.0,opencv
3299,1.206,3.71,2.98,12.33,13.95,29.26,32.98,34.2,30.3,23.4,25.0,opencv
3300,1.203,3.26,2.24,12.67,14.60,29.52,32.78,33.9,30.5,23.5,25.0,opencv
3301,1.196,3.76,2.61,12.31,14.01,28.92,32.69,34.6,30.6,23.6,25.0,opencv
3302,1.191,3.26,2.42,12.02,14.05,28.48,31.75,35.1,31.5,23.7,25.0,opencv
3303,1.187,3.34,2.24,12.74,14.36,29.34,32.69,34.1,30.6,23.8,25.0,opencv
3304,1.176,4.02,2.67,12.20,13.63,28.50,32.53,35.1,30.7,24.0,25.0,opencv
3305,1.177,3.24,2.85,12.49,13.85,29.19,32.43,34.3,30.8,24.0,25.0,opencv
3306,1.180,3.18,2.82,12.62,14.55,29.99,33.18,33.3,30.1,23.9,25.0,opencv
3307,1.179,3.43,2.44,16.79,14.28,33.51,36.95,29.8,27.1,23.8,25.0,opencv
3308,1.189,3.58,2.40,23.31,13.82,39.53,43.12,25.3,23.2,23.5,25.0,opencv
3309,1.198,3.73,2.58,13.25,13.71,29.54,33.32,33.9,30.0,23.5,25.0,opencv
3310,1.198,3.29,2.79,19.17,14.26,36.22,39.52,27.6,25.3,23.4,25.0,opencv
3311,1.207,3.39,2.31,23.58,14.21,40.09,43.48,24.9,23.0,23.2,25.0,opencv
3312,1.217,3.20,2.40,13.00,14.12,29.52,32.72,33.9,30.6,23.2,25.0,opencv
3313,1.223,3.29,2.50,22.53,13.91,38.94,42.23,25.7,23.7,22.9,25.0,opencv
3314,1.237,3.21,2.56,13.37,14.16,30.09,33.31,33.2,30.0,22.8,25.0,opencv
3315,1.239,3.33,2.71,12.07,14.63,29.40,32.74,34.0,30.5,22.8,25.0,opencv
3316,1.239,3.24,2.45,12.44,14.32,29.20,32.45,34.2,30.8,22.8,25.0,opencv
3317,1.226,3.50,2.65,13.07,14.22,29.94,33.44,33.4,29.9,23.0,25.0,opencv
3318,1.230,4.07,2.47,12.10,14.86,29.43,33.51,34.0,29.8,23.0,25.0,opencv
3319,1.222,3.66,2.24,12.26,13.89,28.39,32.06,35.2,31.2,23.1,25.0,opencv
3320,1.196,3.33,2.89,12.49,13.61,28.99,32.32,34.5,30.9,23.6,25.0,opencv
3321,1.196,3.48,2.28,13.33,14.30,29.92,33.40,33.4,29.9,23.6,25.0,opencv
3322,1.196,4.10,2.47,23.25,13.69,39.41,43.51,25.4,23.0,23.4,25.0,opencv
3323,1.201,3.76,2.78,13.92,13.89,30.59,34.36,32.7,29.1,23.5,25.0,opencv
3324,1.208,3.32,2.36,15.22,13.98,31.56,34.89,31.7,28.7,23.3,25.0,opencv
3325,1.209,3.58,2.87,12.61,14.62,30.11,33.69,33.2,29.7,23.3,25.0,opencv
3326,1.208,3.08,2.28,15.34,13.81,31.43,34.52,31.8,29.0,23.3,25.0,opencv
3327,1.209,3.69,2.78,26.75,13.75,43.28,46.98,23.1,21.3,23.1,25.0,opencv
3328,1.218,3.45,2.81,12.02,13.99,28.82,32.27,34.7,31.0,23.2,25.0,opencv
3329,1.218,3.46,2.43,13.39,13.83,29.64,33.11,33.7,30.2,23.2,25.0,opencv
3330,1.218,3.39,2.67,13.00,14.08,29.75,33.15,33.6,30.2,23.2,25.0,opencv
3331,1.223,3.54,2.58,12.75,14.60,29.93,33.48,33.4,29.9,23.1,25.0,opencv
3332,1.217,3.59,2.34,12.55,14.14,29.04,32.63,34.4,30.6,23.2,25.0,opencv
3333,1.216,3.85,3.15,11.69,13.94,28.78,32.64,34.7,30.6,23.2,25.0,opencv
3334,1.220,3.37,2.44,15.74,13.76,31.94,35.32,31.3,28.3,23.1,25.0,opencv
3335,1.220,3.60,2.72,28.37,14.00,45.09,48.70,22.2,20.5,22.9,25.0,opencv
3336,1.235,3.29,2.53,23.18,13.64,39.34,42.64,25.4,23.5,22.7,25.0,opencv
3337,1.226,3.35,2.75,20.53,14.59,37.87,41.22,26.4,24.3,22.9,25.0,opencv
3338,1.232,3.23,2.32,18.61,14.35,35.28,38.51,28.3,26.0,22.8,25.0,opencv
3339,1.236,3.81,2.45,22.24,13.45,38.14,41.96,26.2,23.8,22.7,25.0,opencv
3340,1.240,3.29,2.54,13.82,13.83,30.18,33.48,33.1,29.9,22.8,25.0,opencv
3341,1.238,3.58,2.91,15.61,14.93,33.44,37.03,29.9,27.0,22.7,25.0,opencv
3342,1.233,4.48,2.67,17.81,13.86,34.35,38.83,29.1,25.8,22.8,25.0,opencv
3343,1.236,3.34,2.62,22.03,13.94,38.59,41.94,25.9,23.8,22.7,25.0,opencv
3344,1.247,3.61,2.96,13.44,14.12,30.52,34.14,32.8,29.3,22.6,25.0,opencv
3345,1.256,3.30,2.55,24.81,13.95,41.32,44.62,24.2,22.4,22.3,25.0,opencv
3346,1.267,3.33,2.64,14.36,13.86,30.86,34.20,32.4,29.2,22.3,25.0,opencv
3347,1.266,3.36,2.56,12.59,14.98,30.14,33.50,33.2,29.9,22.3,25.0,opencv
3348,1.267,3.20,2.75,14.18,14.24,31.17,34.38,32.1,29.1,22.3,25.0,opencv
3349,1.266,4.06,2.85,13.66,14.10,30.61,34.68,32.7,28.8,22.3,25.0,opencv
3350,1.264,3.37,2.39,13.06,14.35,29.80,33.18,33.6,30.1,22.3,25.0,opencv
3351,1.254,4.52,3.32,13.65,14.02,30.99,35.52,32.3,28.2,22.5,25.0,opencv
3352,1.261,3.68,2.52,13.71,14.41,30.63,34.32,32.6,29.1,22.4,25.0,opencv
3353,1.256,3.74,2.45,23.56,13.88,39.89,43.63,25.1,22.9,22.3,25.0,opencv
3354,1.269,3.51,2.42,13.15,13.92,29.49,33.00,33.9,30.3,22.3,25.0,opencv
3355,1.268,3.63,2.55,13.16,14.21,29.92,33.56,33.4,29.8,22.3,25.0,opencv
3356,1.260,3.17,2.38,11.50,13.83,27.70,30.88,36.1,32.4,22.5,25.0,opencv
3357,1.265,3.45,2.89,17.36,15.04,35.29,38.75,28.3,25.8,22.2,25.0,opencv
3358,1.273,3.27,2.55,13.06,14.17,29.79,33.07,33.6,30.2,22.2,25.0,opencv
3359,1.274,3.49,2.32,12.38,13.61,28.31,31.80,35.3,31.4,22.2,25.0,opencv
3360,1.274,3.24,2.94,12.21,14.10,29.25,32.50,34.2,30.8,22.2,25.0,opencv
3361,1.277,4.03,2.78,12.17,14.29,29.24,33.28,34.2,30.0,22.1,25.0,opencv
3362,1.279,3.38,2.55,14.27,14.26,31.08,34.47,32.2,29.0,22.1,25.0,opencv
3363,1.270,3.51,2.97,13.24,14.69,30.89,34.42,32.4,29.1,22.2,25.0,opencv
3364,1.258,3.60,2.29,13.76,13.94,29.99,33.60,33.3,29.8,22.4,25.0,opencv
3365,1.245,3.50,2.97,14.55,13.83,31.35,34.85,31.9,28.7,22.7,25.0,opencv
3366,1.250,4.18,2.85,24.60,14.12,41.57,45.76,24.1,21.9,22.4,25.0,opencv
3367,1.263,3.73,2.37,13.95,14.36,30.68,34.42,32.6,29.1,22.4,25.0,opencv
3368,1.251,3.67,2.91,11.65,13.95,28.51,32.19,35.1,31.1,22.6,25.0,opencv
3369,1.252,3.69,2.59,13.29,14.66,30.54,34.23,32.7,29.2,22.6,25.0,opencv
3370,1.247,3.54,2.79,12.54,13.83,29.17,32.72,34.3,30.6,22.7,25.0,opencv
3371,1.234,3.55,2.55,12.73,14.38,29.66,33.22,33.7,30.1,22.9,25.0,opencv
3372,1.223,3.50,2.64,13.50,14.12,30.26,33.77,33.0,29.6,23.1,25.0,opencv
3373,1.218,3.63,2.65,11.24,14.01,27.90,31.54,35.8,31.7,23.2,25.0,opencv
3374,1.201,3.38,2.66,19.32,14.11,36.09,39.47,27.7,25.3,23.4,25.0,opencv
3375,1.210,3.32,2.40,11.95,13.77,28.12,31.45,35.6,31.8,23.4,25.0,opencv
3376,1.212,3.58,2.65,12.29,13.88,28.82,32.41,34.7,30.9,23.3,25.0,opencv
3377,1.211,3.49,2.51,11.72,14.16,28.39,31.89,35.2,31.4,23.3,25.0,opencv
3378,1.210,3.20,2.64,12.49,14.20,29.34,32.54,34.1,30.7,23.3,25.0,opencv
3379,1.208,3.97,2.81,12.98,14.87,30.66,34.63,32.6,28.9,23.3,25.0,opencv
3380,1.214,3.58,2.44,23.86,13.75,40.06,43.64,25.0,22.9,23.1,25.0,opencv
3381,1.221,4.05,2.71,13.44,13.98,30.13,34.19,33.2,29.2,23.1,25.0,opencv
3382,1.213,3.11,2.36,18.83,14.94,36.12,39.24,27.7,25.5,23.2,25.0,opencv
3383,1.217,3.08,2.30,27.05,14.04,43.38,46.46,23.1,21.5,23.0,25.0,opencv
3384,1.226,3.48,2.43,13.46,14.37,30.26,33.74,33.0,29.6,23.0,25.0,opencv
3385,1.223,3.38,2.67,13.16,13.70,29.53,32.91,33.9,30.4,23.1,25.0,opencv
3386,1.214,3.53,2.79,13.01,14.34,30.13,33.67,33.2,29.7,23.2,25.0,opencv
3387,1.212,3.35,2.28,12.55,13.89,28.72,32.07,34.8,31.2,23.3,25.0,opencv
3388,1.216,3.78,2.48,16.74,14.35,33.58,37.36,29.8,26.8,23.1,25.0,opencv
3389,1.221,3.99,2.81,13.45,14.72,30.98,34.97,32.3,28.6,23.1,25.0,opencv
3390,1.219,3.00,2.63,11.74,14.38,28.75,31.75,34.8,31.5,23.2,25.0,opencv
3391,1.218,3.35,3.36,14.17,13.79,31.32,34.67,31.9,28.8,23.1,25.0,opencv
3392,1.229,3.99,2.48,14.90,14.02,31.40,35.40,31.8,28.2,22.9,25.0,opencv
3393,1.227,3.29,2.64,26.38,13.91,42.94,46.23,23.3,21.6,22.8,25.0,opencv
3394,1.238,3.88,2.89,13.70,13.80,30.38,34.27,32.9,29.2,22.8,25.0,opencv
3395,1.218,3.41,2.61,15.36,14.02,31.99,35.40,31.3,28.2,23.1,25.0,opencv
3396,1.215,3.20,2.29,24.43,14.00,40.71,43.92,24.6,22.8,23.0,25.0,opencv
3397,1.226,3.38,2.52,13.16,14.77,30.45,33.84,32.8,29.6,23.0,25.0,opencv
3398,1.226,3.56,2.46,15.75,14.05,32.26,35.83,31.0,27.9,23.0,25.0,opencv
3399,1.233,3.58,2.72,19.05,13.82,35.58,39.16,28.1,25.5,22.8,25.0,opencv
3400,1.244,3.64,2.77,18.75,14.17,35.68,39.34,28.0,25.4,22.6,25.0,opencv
3401,1.255,3.52,2.67,14.32,14.89,31.88,35.41,31.4,28.2,22.5,25.0,opencv
3402,1.263,3.05,2.52,15.99,14.27,32.78,35.83,30.5,27.9,22.3,25.0,opencv
3403,1.262,3.37,2.56,12.59,14.33,29.48,32.86,33.9,30.4,22.4,25.0,opencv
3404,1.261,3.56,2.65,13.05,14.38,30.08,33.65,33.2,29.7,22.4,25.0,opencv
3405,1.260,3.48,2.34,13.00,14.50,29.84,33.33,33.5,30.0,22.4,25.0,opencv
3406,1.260,3.86,3.02,12.87,14.21,30.10,33.97,33.2,29.4,22.4,25.0,opencv
3407,1.261,3.78,2.38,12.41,14.88,29.67,33.46,33.7,29.9,22.4,25.0,opencv
3408,1.262,3.56,2.51,12.90,14.24,29.66,33.23,33.7,30.1,22.4,25.0,opencv
3409,1.256,3.43,2.55,21.58,13.92,38.05,41.49,26.3,24.1,22.3,25.0,opencv
3410,1.266,3.62,2.61,13.51,14.25,30.37,34.00,32.9,29.4,22.3,25.0,opencv
3411,1.256,3.54,2.66,14.22,14.80,31.68,35.23,31.6,28.4,22.5,25.0,opencv
3412,1.243,3.11,2.38,12.83,14.67,29.88,32.99,33.5,30.3,22.7,25.0,opencv
3413,1.244,3.84,2.96,12.82,14.68,30.47,34.32,32.8,29.1,22.7,25.0,opencv
3414,1.247,3.18,2.37,12.59,13.85,28.81,32.00,34.7,31.3,22.7,25.0,opencv
3415,1.246,3.61,2.82,13.38,14.16,30.37,33.99,32.9,29.4,22.7,25.0,opencv
3416,1.247,3.66,2.93,12.06,14.18,29.18,32.84,34.3,30.4,22.7,25.0,opencv
3417,1.239,3.28,2.71,14.10,14.19,31.01,34.29,32.3,29.2,22.8,25.0,opencv
3418,1.235,3.64,2.60,12.55,14.10,29.26,32.91,34.2,30.4,22.9,25.0,opencv
3419,1.239,3.66,2.37,14.36,13.99,30.72,34.39,32.6,29.1,22.8,25.0,opencv
3420,1.236,3.85,2.70,12.54,14.65,29.89,33.74,33.5,29.6,22.8,25.0,opencv
3421,1.235,5.07,2.64,15.09,14.89,32.63,37.71,30.6,26.5,22.8,25.0,opencv
3422,1.229,3.41,2.38,20.42,13.70,36.50,39.91,27.4,25.1,22.9,25.0,opencv
3423,1.232,3.20,2.81,13.60,14.04,30.45,33.66,32.8,29.7,22.9,25.0,opencv
3424,1.226,3.29,2.64,13.57,14.31,30.52,33.82,32.8,29.6,23.0,25.0,opencv
3425,1.217,3.46,2.47,25.63,14.40,42.50,45.97,23.5,21.8,23.0,25.0,opencv
3426,1.227,3.53,2.73,19.12,14.43,36.28,39.82,27.6,25.1,22.9,25.0,opencv
3427,1.229,3.29,3.21,27.08,13.65,43.94,47.24,22.8,21.2,22.7,25.0,opencv
3428,1.230,3.57,2.73,18.32,14.77,35.82,39.40,27.9,25.4,22.8,25.0,opencv
3429,1.228,3.49,2.69,19.34,14.06,36.09,39.59,27.7,25.3,22.9,25.0,opencv
3430,1.232,3.77,2.79,19.27,14.04,36.10,39.88,27.7,25.1,22.8,25.0,opencv
3431,1.236,3.90,2.88,22.41,14.61,39.90,43.81,25.1,22.8,22.7,25.0,opencv
3432,1.251,3.59,2.72,15.45,14.18,32.35,35.96,30.9,27.8,22.5,25.0,opencv
3433,1.252,3.91,2.34,19.46,14.24,36.05,39.97,27.7,25.0,22.4,25.0,opencv
3434,1.261,3.78,2.47,15.55,13.92,31.94,35.72,31.3,28.0,22.4,25.0,opencv
3435,1.261,3.41,2.50,12.17,14.55,29.22,32.64,34.2,30.6,22.4,25.0,opencv
3436,1.266,3.54,2.46,12.15,14.22,28.83,32.38,34.7,30.9,22.3,25.0,opencv
3437,1.269,3.50,3.01,24.28,14.49,41.77,45.28,23.9,22.1,22.1,25.0,opencv
3438,1.261,3.67,2.69,13.69,14.55,30.93,34.60,32.3,28.9,22.4,25.0,opencv
3439,1.258,3.10,2.38,13.47,14.38,30.23,33.33,33.1,30.0,22.5,25.0,opencv
3440,1.255,3.32,2.78,13.53,14.65,30.96,34.29,32.3,29.2,22.5,25.0,opencv
3441,1.259,4.27,2.86,13.11,14.74,30.71,34.99,32.6,28.6,22.4,25.0,opencv
3442,1.261,3.42,2.39,13.37,13.99,29.76,33.18,33.6,30.1,22.4,25.0,opencv
3443,1.259,3.43,2.84,12.41,14.36,29.60,33.04,33.8,30.3,22.4,25.0,opencv
3444,1.257,3.16,2.39,12.19,14.59,29.16,32.32,34.3,30.9,22.5,25.0,opencv
3445,1.258,3.46,2.66,12.82,14.60,30.09,33.55,33.2,29.8,22.5,25.0,opencv
3446,1.254,3.72,2.91,12.51,14.11,29.53,33.26,33.9,30.1,22.5,25.0,opencv
3447,1.257,3.32,2.65,13.13,14.32,30.10,33.43,33.2,29.9,22.5,25.0,opencv
3448,1.253,3.57,3.02,13.55,14.46,31.03,34.60,32.2,28.9,22.5,25.0,opencv
3449,1.255,3.13,2.36,12.83,15.03,30.22,33.35,33.1,30.0,22.5,25.0,opencv
3450,1.246,3.91,2.70,20.83,14.90,38.43,42.34,26.0,23.6,22.5,25.0,opencv
3451,1.249,3.74,2.77,13.42,14.69,30.88,34.63,32.4,28.9,22.6,25.0,opencv
3452,1.255,3.51,2.39,17.38,13.61,33.38,36.90,30.0,27.1,22.4,25.0,opencv
3453,1.261,3.96,2.39,36.53,13.77,52.69,56.66,19.0,17.6,22.0,25.0,opencv
3454,1.272,3.60,2.87,12.27,13.93,29.07,32.69,34.4,30.6,22.2,25.0,opencv
3455,1.268,3.22,2.51,12.46,13.67,28.64,31.86,34.9,31.4,22.3,25.0,opencv
3456,1.251,3.80,2.91,16.75,14.50,34.15,37.96,29.3,26.3,22.5,25.0,opencv
3457,1.258,3.46,2.84,21.97,13.97,38.77,42.24,25.8,23.7,22.3,25.0,opencv
3458,1.257,3.84,2.91,12.22,13.59,28.73,32.58,34.8,30.7,22.5,25.0,opencv
3459,1.247,3.71,2.45,17.80,13.57,33.81,37.53,29.6,26.6,22.6,25.0,opencv
3460,1.237,3.61,3.01,13.21,13.99,30.20,33.82,33.1,29.6,22.8,25.0,opencv
3461,1.226,3.83,2.36,13.70,13.97,30.02,33.86,33.3,29.5,23.0,25.0,opencv
3462,1.219,3.52,2.82,12.48,14.04,29.35,32.87,34.1,30.4,23.2,25.0,opencv
3463,1.211,3.60,2.76,12.32,13.86,28.94,32.54,34.6,30.7,23.3,25.0,opencv
3464,1.215,3.32,2.44,13.35,14.28,30.08,33.41,33.2,29.9,23.2,25.0,opencv
3465,1.211,3.75,3.28,13.12,14.47,30.87,34.62,32.4,28.9,23.3,25.0,opencv
3466,1.204,3.63,2.70,18.47,13.92,35.09,38.73,28.5,25.8,23.3,25.0,opencv
3467,1.214,3.76,2.59,13.43,13.63,29.65,33.42,33.7,29.9,23.3,25.0,opencv
3468,1.215,3.79,2.50,11.41,13.85,27.75,31.55,36.0,31.7,23.3,25.0,opencv
3469,1.214,3.81,2.80,14.09,13.69,30.58,34.40,32.7,29.1,23.2,25.0,opencv
3470,1.225,3.55,2.71,19.11,14.01,35.83,39.38,27.9,25.4,22.9,25.0,opencv
3471,1.228,3.51,2.55,12.89,14.10,29.55,33.07,33.8,30.2,23.0,25.0,opencv
3472,1.228,3.40,2.34,14.52,14.27,31.12,34.53,32.1,29.0,23.0,25.0,opencv
3473,1.227,3.60,2.99,15.24,13.68,31.91,35.52,31.3,28.2,23.0,25.0,opencv
3474,1.232,3.26,2.58,14.13,13.62,30.32,33.58,33.0,29.8,22.9,25.0,opencv
3475,1.234,4.00,2.62,12.34,13.38,28.35,32.37,35.3,30.9,22.9,25.0,opencv
3476,1.234,3.33,2.41,12.90,13.95,29.25,32.59,34.2,30.7,22.9,25.0,opencv
3477,1.236,3.52,2.95,13.31,13.58,29.84,33.37,33.5,30.0,22.8,25.0,opencv
3478,1.235,3.40,2.35,12.50,14.00,28.85,32.26,34.7,31.0,22.9,25.0,opencv
3479,1.223,3.39,2.68,14.37,13.42,30.46,33.86,32.8,29.5,23.1,25.0,opencv
3480,1.221,3.46,2.48,14.45,13.64,30.57,34.04,32.7,29.4,23.1,25.0,opencv
3481,1.214,3.30,2.61,12.89,14.19,29.69,33.01,33.7,30.3,23.3,25.0,opencv
3482,1.199,3.19,2.64,19.12,13.71,35.47,38.66,28.2,25.9,23.4,25.0,opencv
3483,1.210,3.33,2.57,12.48,14.88,29.93,33.26,33.4,30.1,23.3,25.0,opencv
3484,1.210,3.49,2.70,23.00,13.77,39.46,42.96,25.3,23.3,23.1,25.0,opencv
3485,1.213,3.68,2.65,13.96,13.71,30.32,34.01,33.0,29.4,23.3,25.0,opencv
3486,1.201,3.27,2.46,13.38,14.23,30.07,33.34,33.3,30.0,23.5,25.0,opencv
3487,1.198,3.84,2.60,12.95,13.78,29.33,33.18,34.1,30.1,23.6,25.0,opencv
3488,1.195,3.80,2.65,12.60,13.34,28.59,32.40,35.0,30.9,23.6,25.0,opencv
3489,1.196,3.51,2.61,12.98,14.60,30.19,33.71,33.1,29.7,23.6,25.0,opencv
3490,1.195,3.67,2.75,12.35,13.92,29.02,32.70,34.5,30.6,23.6,25.0,opencv
3491,1.197,3.38,2.45,12.55,13.65,28.65,32.03,34.9,31.2,23.6,25.0,opencv
3492,1.197,3.25,2.79,12.61,14.10,29.51,32.76,33.9,30.5,23.6,25.0,opencv
3493,1.202,3.18,2.40,21.58,14.03,38.02,41.22,26.3,24.3,23.3,25.0,opencv
3494,1.205,3.32,2.36,17.61,14.47,34.44,37.77,29.0,26.5,23.3,25.0,opencv
3495,1.192,3.36,2.62,12.45,13.71,28.79,32.16,34.7,31.1,23.7,25.0,opencv
3496,1.186,3.43,2.97,19.52,13.55,36.04,39.48,27.7,25.3,23.7,25.0,opencv
3497,1.199,3.34,2.87,12.65,13.66,29.18,32.53,34.3,30.7,23.6,25.0,opencv
3498,1.196,3.17,2.63,12.57,14.35,29.56,32.74,33.8,30.5,23.6,25.0,opencv
3499,1.179,3.13,2.70,12.87,13.91,29.48,32.62,33.9,30.7,23.9,25.0,opencv
3500,1.183,3.63,2.52,12.83,13.79,29.14,32.77,34.3,30.5,23.9,25.0,opencv
3501,1.184,3.36,2.67,27.58,14.42,44.67,48.04,22.4,20.8,23.5,25.0,opencv
3502,1.199,3.39,2.69,12.08,13.79,28.55,31.95,35.0,31.3,23.6,25.0,opencv
3503,1.190,3.55,2.41,12.27,13.67,28.35,31.91,35.3,31.3,23.7,25.0,opencv
3504,1.188,3.32,2.91,12.58,14.28,29.77,33.09,33.6,30.2,23.8,25.0,opencv
3505,1.191,3.68,2.61,12.52,14.35,29.48,33.17,33.9,30.1,23.7,25.0,opencv
3506,1.197,3.75,2.61,23.46,13.22,39.28,43.04,25.5,23.2,23.4,25.0,opencv
3507,1.208,3.89,2.93,13.82,14.17,30.92,34.81,32.3,28.7,23.3,25.0,opencv
3508,1.211,3.21,2.52,13.00,13.64,29.16,32.37,34.3,30.9,23.3,25.0,opencv
3509,1.210,3.70,2.51,12.50,13.81,28.82,32.53,34.7,30.7,23.3,25.0,opencv
3510,1.213,3.41,2.65,12.67,14.04,29.37,32.78,34.1,30.5,23.3,25.0,opencv
3511,1.206,4.00,2.32,13.20,14.01,29.53,33.53,33.9,29.8,23.4,25.0,opencv
3512,1.201,3.03,2.41,21.68,13.54,37.64,40.68,26.6,24.6,23.4,25.0,opencv
3513,1.201,3.26,2.74,13.16,13.80,29.70,32.97,33.7,30.3,23.5,25.0,opencv
3514,1.200,3.34,2.92,12.22,14.11,29.25,32.60,34.2,30.7,23.5,25.0,opencv
3515,1.201,3.30,2.32,12.53,13.90,28.76,32.06,34.8,31.2,23.5,25.0,opencv
3516,1.200,3.06,2.66,12.63,13.87,29.16,32.23,34.3,31.0,23.5,25.0,opencv
3517,1.196,3.49,2.68,15.29,13.59,31.56,35.06,31.7,28.5,23.6,25.0,opencv
3518,1.196,3.08,2.43,13.75,13.96,30.14,33.23,33.2,30.1,23.6,25.0,opencv
3519,1.198,3.26,2.63,12.66,14.39,29.68,32.95,33.7,30.3,23.6,25.0,opencv
3520,1.198,3.59,2.29,15.91,14.08,32.27,35.87,31.0,27.9,23.5,25.0,opencv
3521,1.202,3.61,2.85,25.94,14.75,43.53,47.15,23.0,21.2,23.2,25.0,opencv
3522,1.198,3.41,2.65,13.18,13.79,29.62,33.04,33.8,30.3,23.6,25.0,opencv
3523,1.197,3.46,2.42,12.49,13.89,28.80,32.27,34.7,31.0,23.6,25.0,opencv
3524,1.202,3.15,2.57,12.61,13.85,29.04,32.19,34.4,31.1,23.5,25.0,opencv
3525,1.196,3.85,2.54,11.89,13.60,28.03,31.90,35.7,31.4,23.6,25.0,opencv
3526,1.192,3.18,2.44,13.05,14.12,29.61,32.80,33.8,30.5,23.7,25.0,opencv
3527,1.193,3.47,2.98,12.04,13.90,28.92,32.41,34.6,30.9,23.7,25.0,opencv
3528,1.202,4.33,2.90,13.14,14.50,30.54,34.87,32.7,28.7,23.4,25.0,opencv
3529,1.204,3.06,2.47,13.52,14.59,30.58,33.65,32.7,29.7,23.4,25.0,opencv
3530,1.190,4.02,2.94,13.74,13.53,30.20,34.23,33.1,29.2,23.7,25.0,opencv
3531,1.193,3.49,2.56,13.21,14.34,30.11,33.60,33.2,29.8,23.6,25.0,opencv
3532,1.193,3.29,2.73,12.46,14.07,29.26,32.55,34.2,30.7,23.7,25.0,opencv
3533,1.194,4.11,2.74,12.45,14.50,29.69,33.81,33.7,29.6,23.6,25.0,opencv
3534,1.188,3.30,2.30,12.39,14.40,29.10,32.40,34.4,30.9,23.8,25.0,opencv
3535,1.172,3.70,2.72,13.06,13.62,29.40,33.11,34.0,30.2,24.1,25.0,opencv
3536,1.170,3.87,2.36,12.12,13.93,28.41,32.29,35.2,31.0,24.1,25.0,opencv
3537,1.171,4.01,2.61,13.95,14.01,30.57,34.59,32.7,28.9,24.1,25.0,opencv
3538,1.172,3.70,2.35,12.07,14.52,28.94,32.64,34.6,30.6,24.1,25.0,opencv
3539,1.172,3.15,2.61,12.67,13.97,29.25,32.40,34.2,30.9,24.1,25.0,opencv
3540,1.165,3.75,2.83,11.83,13.67,28.32,32.08,35.3,31.2,24.2,25.0,opencv
3541,1.159,3.56,2.36,18.36,13.53,34.25,37.82,29.2,26.4,24.2,25.0,opencv
3542,1.172,3.76,2.86,19.40,14.66,36.93,40.70,27.1,24.6,23.9,25.0,opencv
3543,1.179,3.21,2.64,23.01,13.61,39.26,42.48,25.5,23.5,23.7,25.0,opencv
3544,1.190,3.65,2.75,14.55,14.05,31.36,35.01,31.9,28.6,23.7,25.0,opencv
3545,1.194,3.20,2.29,12.15,14.72,29.16,32.36,34.3,30.9,23.6,25.0,opencv
3546,1.195,3.83,2.49,12.80,13.81,29.11,32.95,34.4,30.3,23.6,25.0,opencv
3547,1.196,3.97,2.35,11.78,13.77,27.90,31.87,35.8,31.4,23.6,25.0,opencv
3548,1.196,3.18,2.38,12.99,14.32,29.69,32.87,33.7,30.4,23.6,25.0,opencv
3549,1.194,3.57,2.94,11.72,13.62,28.28,31.87,35.4,31.4,23.7,25.0,opencv
3550,1.186,3.26,2.47,20.65,13.72,36.85,40.11,27.1,24.9,23.6,25.0,opencv
3551,1.193,3.15,2.40,12.09,14.22,28.72,31.88,34.8,31.4,23.7,25.0,opencv
3552,1.189,3.04,2.48,12.19,13.79,28.46,31.51,35.1,31.7,23.8,25.0,opencv
3553,1.188,3.29,2.67,17.40,14.55,34.62,37.92,28.9,26.4,23.7,25.0,opencv
3554,1.195,3.52,2.47,13.12,13.47,29.06,32.59,34.4,30.7,23.6,25.0,opencv
3555,1.194,3.82,2.46,12.71,13.58,28.75,32.57,34.8,30.7,23.6,25.0,opencv
3556,1.195,3.15,2.52,12.95,13.67,29.14,32.30,34.3,31.0,23.6,25.0,opencv
3557,1.184,3.87,2.43,12.93,14.24,29.59,33.47,33.8,29.9,23.8,25.0,opencv
3558,1.190,4.13,2.69,20.67,14.14,37.50,41.64,26.7,24.0,23.5,25.0,opencv
3559,1.202,4.07,2.50,13.31,13.68,29.49,33.56,33.9,29.8,23.5,25.0,opencv
3560,1.203,3.38,2.30,15.15,13.71,31.16,34.55,32.1,28.9,23.4,25.0,opencv
3561,1.209,3.88,2.35,25.00,14.47,41.82,45.71,23.9,21.9,23.1,25.0,opencv
3562,1.226,3.31,2.44,15.39,14.02,31.84,35.16,31.4,28.4,23.0,25.0,opencv
3563,1.231,3.67,2.58,26.56,14.00,43.13,46.81,23.2,21.4,22.7,25.0,opencv
3564,1.246,3.27,2.37,20.32,13.82,36.51,39.79,27.4,25.1,22.6,25.0,opencv
3565,1.254,3.32,2.55,14.82,14.14,31.51,34.85,31.7,28.7,22.5,25.0,opencv
3566,1.248,3.25,2.56,12.24,14.15,28.95,32.20,34.5,31.1,22.6,25.0,opencv
3567,1.250,3.60,2.37,15.27,13.57,31.21,34.82,32.0,28.7,22.6,25.0,opencv
3568,1.252,3.16,2.63,13.02,13.96,29.60,32.76,33.8,30.5,22.6,25.0,opencv
3569,1.253,3.71,2.56,15.02,14.02,31.60,35.32,31.6,28.3,22.5,25.0,opencv
3570,1.250,3.44,2.80,14.42,14.16,31.38,34.83,31.9,28.7,22.6,25.0,opencv
3571,1.231,3.13,2.30,12.81,14.81,29.91,33.04,33.4,30.3,22.9,25.0,opencv
3572,1.222,3.40,2.84,13.05,14.07,29.97,33.38,33.4,30.0,23.1,25.0,opencv
3573,1.215,3.56,2.56,13.19,13.60,29.36,32.92,34.1,30.4,23.2,25.0,opencv
3574,1.219,3.95,2.31,13.97,14.73,31.01,34.98,32.2,28.6,23.1,25.0,opencv
3575,1.217,3.23,2.83,15.00,13.66,31.49,34.73,31.8,28.8,23.2,25.0,opencv
3576,1.216,3.59,2.46,20.23,13.69,36.37,39.97,27.5,25.0,23.1,25.0,opencv
3577,1.227,3.86,2.45,13.98,13.82,30.26,34.12,33.1,29.3,23.0,25.0,opencv
3578,1.228,3.36,2.84,12.80,14.41,30.05,33.42,33.3,29.9,23.0,25.0,opencv
3579,1.210,3.29,2.91,12.38,13.90,29.19,32.48,34.3,30.8,23.3,25.0,opencv
3580,1.218,3.19,2.32,12.65,13.45,28.43,31.62,35.2,31.6,23.2,25.0,opencv
3581,1.220,3.41,3.13,13.05,13.84,30.02,33.43,33.3,29.9,23.1,25.0,opencv
3582,1.212,3.30,2.55,13.42,13.82,29.78,33.09,33.6,30.2,23.3,25.0,opencv
3583,1.213,3.32,2.55,15.45,13.96,31.95,35.28,31.3,28.3,23.2,25.0,opencv
3584,1.214,3.51,2.90,12.24,14.41,29.55,33.06,33.8,30.2,23.3,25.0,opencv
3585,1.215,3.37,2.46,13.76,13.85,30.07,33.44,33.3,29.9,23.2,25.0,opencv
3586,1.213,3.38,2.59,24.73,14.31,41.63,45.01,24.0,22.2,23.0,25.0,opencv
3587,1.208,3.84,3.10,12.20,14.26,29.57,33.42,33.8,29.9,23.4,25.0,opencv
3588,1.207,3.33,2.62,18.86,13.97,35.46,38.80,28.2,25.8,23.3,25.0,opencv
3589,1.220,3.50,2.78,28.71,13.61,45.10,48.61,22.2,20.6,22.9,25.0,opencv
3590,1.227,3.44,2.79,12.80,13.51,29.09,32.54,34.4,30.7,23.0,25.0,opencv
3591,1.220,3.75,2.85,14.76,14.39,32.00,35.76,31.2,28.0,23.1,25.0,opencv
3592,1.210,3.36,2.30,24.78,14.24,41.32,44.68,24.2,22.4,23.1,25.0,opencv
3593,1.217,3.98,2.79,15.53,13.85,32.16,36.15,31.1,27.7,23.1,25.0,opencv
3594,1.224,4.05,2.69,23.49,14.17,40.35,44.40,24.8,22.5,22.9,25.0,opencv
3595,1.243,3.58,2.41,19.06,13.83,35.30,38.89,28.3,25.7,22.6,25.0,opencv
3596,1.243,3.63,3.01,13.21,13.78,30.00,33.63,33.3,29.7,22.7,25.0,opencv
3597,1.249,3.22,2.52,12.63,13.86,29.00,32.22,34.5,31.0,22.6,25.0,opencv
3598,1.245,3.68,2.73,12.52,13.74,28.98,32.67,34.5,30.6,22.7,25.0,opencv
3599,1.243,3.30,2.55,12.17,14.08,28.80,32.10,34.7,31.2,22.7,25.0,opencv
3600,1.247,3.62,2.70,12.12,14.12,28.95,32.58,34.5,30.7,22.7,25.0,opencv
3601,1.248,3.36,2.58,14.19,14.37,31.14,34.50,32.1,29.0,22.6,25.0,opencv
3602,1.253,3.30,2.77,26.33,13.67,42.77,46.07,23.4,21.7,22.3,25.0,opencv
3603,1.267,3.62,2.43,13.33,13.87,29.63,33.26,33.7,30.1,22.3,25.0,opencv
3604,1.271,3.78,2.73,18.72,14.01,35.45,39.24,28.2,25.5,22.1,25.0,opencv
3605,1.272,4.29,2.81,14.24,13.90,30.95,35.25,32.3,28.4,22.2,25.0,opencv
3606,1.273,3.64,2.52,12.66,13.89,29.06,32.71,34.4,30.6,22.2,25.0,opencv
3607,1.275,3.62,2.48,28.35,14.38,45.21,48.84,22.1,20.5,21.9,25.0,opencv
3608,1.301,3.88,2.95,20.39,14.10,37.44,41.33,26.7,24.2,21.6,25.0,opencv
3609,1.303,3.17,2.81,12.38,14.01,29.21,32.38,34.2,30.9,21.7,25.0,opencv
3610,1.304,3.64,2.77,12.08,14.42,29.27,32.92,34.2,30.4,21.7,25.0,opencv
3611,1.307,3.40,2.24,12.12,14.18,28.55,31.95,35.0,31.3,21.7,25.0,opencv
3612,1.299,3.48,2.53,12.84,13.94,29.31,32.79,34.1,30.5,21.8,25.0,opencv
3613,1.299,3.63,2.79,13.28,14.23,30.30,33.93,33.0,29.5,21.8,25.0,opencv
3614,1.307,4.47,2.64,15.82,13.66,32.11,36.60,31.1,27.3,21.6,25.0,opencv
3615,1.305,4.13,2.73,21.50,13.47,37.69,41.83,26.5,23.9,21.5,25.0,opencv
3616,1.317,3.39,2.94,25.00,13.88,41.82,45.21,23.9,22.1,21.3,25.0,opencv
3617,1.324,3.33,2.63,14.02,13.64,30.29,33.62,33.0,29.7,21.4,25.0,opencv
3618,1.302,3.57,2.81,15.09,14.02,31.92,35.49,31.3,28.2,21.7,25.0,opencv
3619,1.302,3.32,2.68,20.33,14.08,37.09,40.43,27.0,24.7,21.6,25.0,opencv
3620,1.310,3.26,2.59,20.52,13.68,36.79,40.05,27.2,25.0,21.5,25.0,opencv
3621,1.307,3.33,2.86,18.83,14.29,35.99,39.32,27.8,25.4,21.5,25.0,opencv
3622,1.313,4.48,3.01,20.26,13.65,36.92,41.41,27.1,24.2,21.4,25.0,opencv
3623,1.305,3.73,2.71,13.08,13.17,28.96,32.69,34.5,30.6,21.7,25.0,opencv
3624,1.294,3.59,2.30,12.43,14.03,28.76,32.36,34.8,30.9,21.9,25.0,opencv
3625,1.291,3.24,2.57,12.87,14.11,29.55,32.80,33.8,30.5,21.9,25.0,opencv
3626,1.284,3.44,2.74,17.40,13.63,33.78,37.22,29.6,26.9,21.9,25.0,opencv
3627,1.287,3.96,2.51,15.57,13.84,31.92,35.89,31.3,27.9,21.9,25.0,opencv
3628,1.294,3.80,2.61,25.03,13.31,40.95,44.76,24.4,22.3,21.7,25.0,opencv
3629,1.309,3.24,2.44,18.41,13.62,34.47,37.71,29.0,26.5,21.5,25.0,opencv
3630,1.310,3.73,2.57,13.64,13.89,30.10,33.84,33.2,29.5,21.6,25.0,opencv
3631,1.302,4.09,2.99,13.65,13.65,30.29,34.39,33.0,29.1,21.7,25.0,opencv
3632,1.302,3.55,2.57,25.84,13.88,42.29,45.85,23.6,21.8,21.5,25.0,opencv
3633,1.311,4.53,2.62,13.63,13.76,30.02,34.56,33.3,28.9,21.6,25.0,opencv
3634,1.311,3.61,2.76,27.55,13.78,44.09,47.71,22.7,21.0,21.3,25.0,opencv
3635,1.318,3.55,2.82,27.54,14.16,44.52,48.07,22.5,20.8,21.2,25.0,opencv
3636,1.313,3.86,2.57,12.93,14.26,29.76,33.62,33.6,29.7,21.5,25.0,opencv
3637,1.300,3.43,2.45,12.04,13.77,28.26,31.69,35.4,31.6,21.8,25.0,opencv
3638,1.302,3.63,2.93,13.47,13.89,30.29,33.93,33.0,29.5,21.7,25.0,opencv
3639,1.302,3.42,2.72,13.82,13.61,30.15,33.57,33.2,29.8,21.7,25.0,opencv
3640,1.302,3.38,2.39,14.07,13.46,29.93,33.31,33.4,30.0,21.7,25.0,opencv
3641,1.305,4.04,2.84,12.32,13.82,28.97,33.02,34.5,30.3,21.7,25.0,opencv
3642,1.309,3.63,2.44,14.91,13.77,31.12,34.76,32.1,28.8,21.6,25.0,opencv
3643,1.301,3.58,2.40,15.31,13.81,31.53,35.12,31.7,28.5,21.7,25.0,opencv
3644,1.286,3.39,2.30,27.53,14.02,43.85,47.24,22.8,21.2,21.7,25.0,opencv
3645,1.283,3.53,2.42,12.98,14.26,29.65,33.19,33.7,30.1,22.0,25.0,opencv
3646,1.279,3.92,2.74,12.73,14.63,30.10,34.03,33.2,29.4,22.1,25.0,opencv
3647,1.274,3.31,2.35,12.33,13.62,28.30,31.61,35.3,31.6,22.2,25.0,opencv
3648,1.265,3.74,2.66,14.03,14.02,30.70,34.45,32.6,29.0,22.3,25.0,opencv
3649,1.255,3.43,2.42,12.57,14.51,29.50,32.94,33.9,30.4,22.5,25.0,opencv
3650,1.246,4.03,2.45,12.62,13.59,28.65,32.69,34.9,30.6,22.7,25.0,opencv
3651,1.226,3.46,2.70,12.23,13.75,28.69,32.15,34.9,31.1,23.1,25.0,opencv
3652,1.229,3.19,2.68,13.23,14.51,30.43,33.63,32.9,29.7,23.0,25.0,opencv
3653,1.227,3.72,2.67,12.48,14.16,29.31,33.03,34.1,30.3,23.0,25.0,opencv
3654,1.243,3.37,2.83,19.85,14.33,37.01,40.38,27.0,24.8,22.6,25.0,opencv
3655,1.251,3.45,2.78,20.22,13.05,36.05,39.51,27.7,25.3,22.5,25.0,opencv
3656,1.259,3.51,2.86,12.29,13.55,28.70,32.21,34.8,31.0,22.5,25.0,opencv
3657,1.241,3.54,2.47,12.89,13.86,29.22,32.77,34.2,30.5,22.8,25.0,opencv
3658,1.233,3.06,2.65,12.62,13.80,29.07,32.14,34.4,31.1,22.9,25.0,opencv
3659,1.232,3.81,2.54,16.35,14.33,33.22,37.03,30.1,27.0,22.8,25.0,opencv
3660,1.227,3.32,2.53,16.04,13.91,32.47,35.81,30.8,27.9,23.0,25.0,opencv
3661,1.214,3.94,2.39,23.65,13.89,39.93,43.89,25.0,22.8,23.1,25.0,opencv
3662,1.223,3.16,2.35,13.07,13.82,29.23,32.39,34.2,30.9,23.1,25.0,opencv
3663,1.209,3.87,2.44,25.76,14.02,42.22,46.10,23.7,21.7,23.1,25.0,opencv
3664,1.208,3.34,2.47,14.05,14.42,30.94,34.28,32.3,29.2,23.3,25.0,opencv
3665,1.213,3.17,2.95,15.05,14.29,32.30,35.47,31.0,28.2,23.2,25.0,opencv
3666,1.214,3.99,2.72,13.03,14.40,30.15,34.15,33.2,29.3,23.2,25.0,opencv
3667,1.214,3.19,2.32,12.47,13.82,28.61,31.80,35.0,31.4,23.3,25.0,opencv
3668,1.215,3.54,2.63,12.77,13.65,29.05,32.60,34.4,30.7,23.2,25.0,opencv
3669,1.215,3.41,2.43,12.54,14.57,29.54,32.96,33.8,30.3,23.2,25.0,opencv
3670,1.217,3.73,2.64,12.77,14.18,29.59,33.33,33.8,30.0,23.2,25.0,opencv
3671,1.212,3.46,2.38,12.88,14.19,29.45,32.92,34.0,30.4,23.3,25.0,opencv
3672,1.204,3.00,2.43,12.70,14.18,29.31,32.31,34.1,30.9,23.5,25.0,opencv
3673,1.189,3.57,2.58,14.09,13.57,30.24,33.82,33.1,29.6,23.7,25.0,opencv
3674,1.195,3.23,2.61,13.77,14.48,30.87,34.10,32.4,29.3,23.6,25.0,opencv
3675,1.194,3.25,2.43,13.03,14.01,29.46,32.72,33.9,30.6,23.6,25.0,opencv
3676,1.198,3.53,2.35,17.25,14.20,33.80,37.34,29.6,26.8,23.5,25.0,opencv
3677,1.195,3.52,2.58,31.53,13.83,47.93,51.46,20.9,19.4,23.3,25.0,opencv
3678,1.220,3.15,2.53,25.31,13.89,41.74,44.90,24.0,22.3,22.9,25.0,opencv
3679,1.233,3.34,2.54,18.97,13.90,35.41,38.76,28.2,25.8,22.8,25.0,opencv
3680,1.240,3.14,2.29,25.28,14.60,42.18,45.32,23.7,22.1,22.6,25.0,opencv
3681,1.254,3.72,2.58,16.22,14.03,32.83,36.56,30.5,27.4,22.5,25.0,opencv
3682,1.268,4.11,2.76,22.45,13.84,39.05,43.16,25.6,23.2,22.1,25.0,opencv
3683,1.259,3.48,2.75,32.36,13.65,48.76,52.25,20.5,19.1,22.1,25.0,opencv
3684,1.271,3.00,2.49,21.64,13.95,38.07,41.07,26.3,24.3,22.1,25.0,opencv
3685,1.275,3.17,2.38,12.62,14.16,29.16,32.34,34.3,30.9,22.2,25.0,opencv
